season,celebrity_name,ballroom_partner,celebrity_industry,celebrity_age_during_season,is_international,weeks_survived,season_avg_score,season_score_std,season_max_score,season_min_score,score_improvement,total_weeks_participated,consecutive_weeks,week1_avg_score,week2_avg_score,week3_avg_score,week4_avg_score,week5_avg_score,week6_avg_score,week7_avg_score,week8_avg_score,week9_avg_score,week10_avg_score,week11_avg_score,is_Actor_Actress,is_Athlete,is_TV_Personality,is_Singer_Rapper,is_Model,is_Comedian,is_Social_Media_Personality,is_Radio_Personality
1,John O'Hurley,Charlotte Jorgensen,Actor/Actress,50,0,11.0,8.055555555555555,1.020167016101158,9.0,6.666666666666667,,6,6,6.666666666666667,8.666666666666666,8.0,7.0,9.0,9.0,,,,,,1,0,0,0,0,0,0,0
1,Kelly Monaco,Alec Mazo,Actor/Actress,29,0,11.0,7.111111111111111,1.842904310130153,9.166666666666666,4.333333333333333,,6,6,4.333333333333333,5.666666666666667,7.0,8.666666666666666,7.833333333333333,9.166666666666666,,,,,,1,0,0,0,0,0,0,0
1,Evander Holyfield,Edyta Sliwinska,Athlete,42,0,3.0,5.0,0.881917103688197,6.0,4.333333333333333,,3,3,6.0,4.666666666666667,4.333333333333333,,,,,,,,,0,1,0,0,0,0,0,0
1,Rachel Hunter,Jonathan Roberts,Model,35,1,4.0,7.916666666666667,0.8766518798921943,8.666666666666666,6.666666666666667,,4,4,6.666666666666667,8.0,8.666666666666666,8.333333333333334,,,,,,,,0,0,0,0,1,0,0,0
1,Joey McIntyre,Ashly DelGrosso,Singer/Rapper,32,0,11.0,7.033333333333334,0.3800584750330458,7.5,6.666666666666667,,5,5,6.666666666666667,7.0,7.333333333333333,6.666666666666667,7.5,,,,,,,0,0,0,1,0,0,0,0
1,Trista Sutter,Louis van Amstel,TV Personality,32,0,2.0,6.166666666666666,0.23570226039551562,6.333333333333333,6.0,,2,2,6.0,6.333333333333333,,,,,,,,,,0,0,1,0,0,0,0,0
2,Tatum O'Neal,Nick Kosovich,Actor/Actress,42,0,2.0,6.666666666666667,1.4142135623730951,7.666666666666667,5.666666666666667,,2,2,7.666666666666667,5.666666666666667,,,,,,,,,,1,0,0,0,0,0,0,0
2,Tia Carrere,Maksim Chmerkoskiy,Actor/Actress,39,0,5.0,7.666666666666667,0.8164965809277259,8.666666666666666,6.666666666666667,,5,5,6.666666666666667,7.333333333333333,8.666666666666666,8.333333333333334,7.333333333333333,,,,,,,1,0,0,0,0,0,0,0
2,George Hamilton,Edyta Sliwinska,Actor/Actress,66,0,6.0,7.222222222222221,0.6885303726590963,8.0,6.0,,6,6,6.0,7.333333333333333,7.333333333333333,7.0,8.0,7.666666666666667,,,,,,1,0,0,0,0,0,0,0
2,Lisa Rinna,Louis van Amstel,Actor/Actress,42,0,7.0,8.023809523809524,1.0733668534645564,9.0,6.333333333333333,,7,7,6.333333333333333,6.666666666666667,8.333333333333334,8.666666666666666,8.333333333333334,9.0,8.833333333333334,,,,,1,0,0,0,0,0,0,0
2,Stacy Keibler,Tony Dovolani,Athlete,26,0,11.0,9.173604166666667,0.8806316002602815,10.0,7.333333333333333,,8,8,7.333333333333333,9.666666666666666,9.0,8.666666666666666,10.0,10.0,9.166666666666666,9.5555,,,,0,1,0,0,0,0,0,0
2,Jerry Rice,Anna Trebunskaya,Athlete,43,0,11.0,7.506941666666667,0.7853528790820977,8.888866666666667,6.333333333333333,,8,8,7.0,7.666666666666667,6.333333333333333,8.0,7.666666666666667,7.666666666666667,6.833333333333333,8.888866666666667,,,,0,1,0,0,0,0,0,0
2,Giselle Fernandez,Jonathan Roberts,News Anchor,44,1,3.0,7.666666666666667,0.3333333333333335,8.0,7.333333333333333,,3,3,7.666666666666667,8.0,7.333333333333333,,,,,,,,,0,0,0,0,0,0,0,0
2,Master P,Ashly DelGrosso,Singer/Rapper,35,0,4.0,4.166666666666666,1.1385500851066221,5.333333333333333,2.6666666666666665,,4,4,4.0,5.333333333333333,4.666666666666667,2.6666666666666665,,,,,,,,0,0,0,1,0,0,0,0
2,Drew Lachey,Cheryl Burke,Singer/Rapper,29,0,11.0,9.145825,0.5871389472796866,10.0,8.0,,8,8,8.0,9.0,9.0,9.333333333333334,9.0,10.0,9.166666666666666,9.6666,,,,0,0,0,1,0,0,0,0
2,Kenny Mayne,Andrea Hale,Sports Broadcaster,46,0,1.0,4.333333333333333,,4.333333333333333,4.333333333333333,,1,1,4.333333333333333,,,,,,,,,,,0,0,0,0,0,0,0,0
3,Harry Hamlin,Ashly DelGrosso,Actor/Actress,54,0,3.0,6.666666666666667,0.8819171036881965,7.333333333333333,5.666666666666667,,3,3,5.666666666666667,7.0,7.333333333333333,,,,,,,,,1,0,0,0,0,0,0,0
3,Vivica A. Fox,Nick Kosovich,Actor/Actress,42,0,4.0,8.083333333333332,0.6871842709362769,9.0,7.333333333333333,,4,4,7.333333333333333,8.0,9.0,8.0,,,,,,,,1,0,0,0,0,0,0,0
3,Monique Coleman,Louis van Amstel,Actor/Actress,25,0,8.0,8.3125,0.9446486707295529,9.0,6.333333333333333,,8,8,6.333333333333333,8.666666666666666,9.0,8.0,9.0,7.666666666666667,9.0,8.833333333333334,,,,1,0,0,0,0,0,0,0
3,Joey Lawrence,Edyta Sliwinska,Actor/Actress,30,0,11.0,8.62962962962963,1.023263358688548,9.833333333333334,7.0,1.8333333333333348,9,9,7.0,9.666666666666666,7.333333333333333,9.0,8.333333333333334,8.0,9.5,9.0,9.833333333333334,,,1,0,0,0,0,0,0,0
3,Mario Lopez,Karina Smirnoff,Actor/Actress,32,0,11.0,8.955553333333334,1.014907159921172,9.888866666666667,7.0,2.1944333333333335,10,10,8.666666666666666,7.0,7.333333333333333,9.666666666666666,9.0,9.333333333333334,9.333333333333334,9.5,9.833333333333334,9.888866666666667,,1,0,0,0,0,0,0,0
3,Emmitt Smith,Cheryl Burke,Athlete,37,0,11.0,8.588886666666667,1.0852517487081395,9.888866666666667,6.333333333333333,2.4166555555555567,10,10,8.0,8.0,6.333333333333333,8.0,9.0,8.333333333333334,9.5,9.0,9.833333333333334,9.888866666666667,,0,1,0,0,0,0,0,0
3,Shanna Moakler,Jesse DeSoto,Model,31,0,2.0,6.666666666666666,0.9428090415820631,7.333333333333333,6.0,,2,2,6.0,7.333333333333333,,,,,,,,,,0,0,0,0,1,0,0,0
3,Willa Ford,Maksim Chmerkoskiy,Singer/Rapper,25,0,5.0,8.133333333333335,0.9603240193925292,9.333333333333334,7.333333333333333,,5,5,7.333333333333333,7.666666666666667,7.333333333333333,9.333333333333334,9.0,,,,,,,0,0,0,1,0,0,0,0
3,Sara Evans,Tony Dovolani,Singer/Rapper,35,0,,7.0,1.3123346456686353,8.333333333333334,5.0,,5,5,5.0,7.0,8.333333333333334,6.666666666666667,8.0,,,,,,,0,0,0,1,0,0,0,0
3,Jerry Springer,Kym Johnson,TV Personality,62,1,7.0,6.80952380952381,0.9594972228385661,8.0,5.333333333333333,,7,7,5.333333333333333,6.333333333333333,7.0,7.333333333333333,8.0,6.0,7.666666666666667,,,,,0,0,1,0,0,0,0,0
3,Tucker Carlson,Elena Grinenko,TV Personality,37,0,1.0,4.0,,4.0,4.0,,1,1,4.0,,,,,,,,,,,0,0,1,0,0,0,0,0
4,John Ratzenberger,Edyta Sliwinska,Actor/Actress,59,0,7.0,6.357142857142857,0.7602909495991176,7.5,5.333333333333333,,7,7,5.666666666666667,7.0,6.666666666666667,5.333333333333333,6.0,6.333333333333333,7.5,,,,,1,0,0,0,0,0,0,0
4,Ian Ziering,Cheryl Burke,Actor/Actress,42,0,9.0,8.092592592592592,0.8041174903405626,9.666666666666666,7.0,2.2222222222222223,9,9,7.0,7.333333333333333,8.0,8.0,8.0,8.0,9.0,7.833333333333333,9.666666666666666,,,1,0,0,0,0,0,0,0
4,Clyde Drexler,Elena Grinenko,Athlete,44,0,5.0,5.199999999999999,0.6055300708194984,6.0,4.333333333333333,,5,5,5.333333333333333,6.0,5.333333333333333,5.0,4.333333333333333,,,,,,,0,1,0,0,0,0,0,0
4,Laila Ali,Maksim Chmerkoskiy,Athlete,29,0,11.0,8.74444,1.118858766095675,10.0,7.0,1.8333111111111116,10,10,7.666666666666667,9.0,7.0,7.0,9.333333333333334,9.333333333333334,9.833333333333334,8.833333333333334,10.0,9.444400000000002,,0,1,0,0,0,0,0,0
4,Apolo Anton Ohno,Julianne Hough,Athlete,24,0,11.0,8.961106666666666,0.9910567998073796,10.0,7.0,2.0277555555555553,10,10,7.0,8.666666666666666,7.666666666666667,8.666666666666666,10.0,9.333333333333334,9.0,9.666666666666666,9.833333333333334,9.777733333333334,,0,1,0,0,0,0,0,0
4,Shandi Finnessey,Brian Fortuna,Beauty Pagent,28,0,3.0,6.666666666666667,0.3333333333333335,7.0,6.333333333333333,,3,3,6.333333333333333,6.666666666666667,7.0,,,,,,,,,0,0,0,0,0,0,0,0
4,Paulina Porizkova,Alec Mazo,Model,41,1,2.0,6.666666666666666,0.4714045207910319,7.0,6.333333333333333,,2,2,6.333333333333333,7.0,,,,,,,,,,0,0,0,0,1,0,0,0
4,Heather Mills,Jonathan Roberts,Model,39,1,6.0,7.388888888888889,0.7722022379508469,8.0,6.0,,6,6,6.0,8.0,8.0,7.666666666666667,7.0,7.666666666666667,,,,,,0,0,0,0,1,0,0,0
4,Billy Ray Cyrus,Karina Smirnoff,Singer/Rapper,45,0,8.0,6.333333333333334,0.9428090415820635,7.0,4.333333333333333,,8,8,4.333333333333333,7.0,7.0,7.0,5.666666666666667,7.0,6.333333333333333,6.333333333333333,,,,0,0,0,1,0,0,0,0
4,Joey Fatone,Kym Johnson,Singer/Rapper,30,0,11.0,8.922216666666667,0.7835712800542949,10.0,8.0,1.777750000000001,10,10,8.0,8.0,8.0,9.333333333333334,8.333333333333334,9.0,9.833333333333334,9.166666666666666,10.0,9.5555,,0,0,0,1,0,0,0,0
4,Leeza Gibbons,Tony Dovolani,TV Personality,50,0,4.0,6.333333333333333,1.4142135623730951,8.0,5.0,,4,4,5.0,7.0,8.0,5.333333333333333,,,,,,,,0,0,1,0,0,0,0,0
5,Cameron Mathison,Edyta Sliwinska,Actor/Actress,38,1,8.0,8.083333333333334,0.7663560447348133,9.0,7.0,,8,8,7.0,7.0,7.666666666666667,9.0,8.666666666666666,8.333333333333334,8.5,8.5,,,,1,0,0,0,0,0,0,0
5,Jane Seymour,Tony Dovolani,Actor/Actress,56,1,7.0,8.142857142857142,0.7417981870189156,9.0,7.0,,7,7,8.0,7.0,9.0,8.666666666666666,8.666666666666666,7.333333333333333,8.333333333333334,,,,,1,0,0,0,0,0,0,0
5,Sabrina Bryan,Mark Ballas,Actor/Actress,23,0,6.0,9.0,0.5962847939999439,10.0,8.333333333333334,,6,6,8.666666666666666,8.666666666666666,9.0,10.0,9.333333333333334,8.333333333333334,,,,,,1,0,0,0,0,0,0,0
5,Jennie Garth,Derek Hough,Actor/Actress,35,0,9.0,8.425925925925926,0.901815726708218,9.666666666666666,7.0,2.1111111111111116,9,9,7.0,7.0,8.666666666666666,9.0,8.333333333333334,9.0,8.833333333333334,8.333333333333334,9.666666666666666,,,1,0,0,0,0,0,0,0
5,Floyd Mayweather Jr. ,Karina Smirnoff,Athlete,30,0,4.0,6.916666666666667,0.6871842709362769,7.666666666666667,6.0,,4,4,6.0,7.0,7.0,7.666666666666667,,,,,,,,0,1,0,0,0,0,0,0
5,Josie Maran,Alec Mazo,Model,29,0,1.0,5.333333333333333,,5.333333333333333,5.333333333333333,,1,1,5.333333333333333,,,,,,,,,,,0,0,0,0,1,0,0,0
5,Albert Reed,Anna Trebunskaya,Model,22,0,2.0,7.0,0.0,7.0,7.0,,2,2,7.0,7.0,,,,,,,,,,0,0,0,0,1,0,0,0
5,Helio Castroneves,Julianne Hough,Racing Driver,32,1,11.0,8.88333,0.720294264361174,10.0,7.666666666666667,1.222205555555556,10,10,8.333333333333334,9.0,8.0,9.0,7.666666666666667,9.333333333333334,8.666666666666666,9.5,10.0,9.333300000000001,,0,0,0,0,0,0,0,0
5,Mel B,Maksim Chmerkoskiy,Singer/Rapper,32,1,11.0,9.077773333333333,0.7875030081541605,10.0,7.666666666666667,1.4999777777777776,10,10,8.0,7.666666666666667,9.0,8.666666666666666,9.666666666666666,10.0,9.0,9.333333333333334,10.0,9.4444,,0,0,0,1,0,0,0,0
5,Wayne Newton,Cheryl Burke,Singer/Rapper,65,0,3.0,5.777777777777778,0.6938886664887107,6.333333333333333,5.0,,3,3,6.333333333333333,5.0,6.0,,,,,,,,,0,0,0,1,0,0,0,0
5,Marie Osmond,Jonathan Roberts,Singer/Rapper,47,0,11.0,8.083333333333332,0.7667874301023477,9.333333333333334,7.0,0.6111111111111116,10,10,7.0,8.0,8.666666666666666,8.666666666666666,7.0,7.666666666666667,8.666666666666666,8.166666666666666,9.333333333333334,7.666666666666667,,0,0,0,1,0,0,0,0
5,Mark Cuban,Kym Johnson,TV Personality,49,0,5.0,6.8,0.5055250296034366,7.333333333333333,6.0,,5,5,7.0,6.0,6.666666666666667,7.333333333333333,7.0,,,,,,,0,0,1,0,0,0,0,0
6,Cristian de la Fuente,Cheryl Burke,Actor/Actress,34,1,11.0,8.25,0.9662515072736714,9.5,6.666666666666667,1.666666666666667,10,10,7.0,6.666666666666667,8.333333333333334,8.666666666666666,7.666666666666667,9.0,7.666666666666667,9.5,9.333333333333334,8.666666666666666,,1,0,0,0,0,0,0,0
6,Steve Guttenberg,Anna Trebunskaya,Actor/Actress,49,0,3.0,6.111111111111111,0.8388704928078612,7.0,5.333333333333333,,3,3,6.0,5.333333333333333,7.0,,,,,,,,,1,0,0,0,0,0,0,0
6,Priscilla Presley,Louis van Amstel,Actor/Actress,62,0,5.0,7.6,0.7226494462892931,8.666666666666666,7.0,,5,5,8.0,7.0,8.666666666666666,7.333333333333333,7.0,,,,,,,1,0,0,0,0,0,0,0
6,Marlee Matlin,Fabian Sanchez,Actor/Actress,42,0,6.0,7.444444444444444,0.45542003404264886,8.0,7.0,,6,6,7.333333333333333,8.0,7.0,8.0,7.333333333333333,7.0,,,,,,1,0,0,0,0,0,0,0
6,Shannon Elizabeth,Derek Hough,Actor/Actress,34,0,7.0,8.071428571428571,0.7191632409931471,9.333333333333334,7.0,,7,7,7.0,8.0,8.0,9.333333333333334,7.666666666666667,8.0,8.5,,,,,1,0,0,0,0,0,0,0
6,Marissa Jaret Winokur,Tony Dovolani,Actor/Actress,35,0,9.0,7.740740740740741,1.0378634273483,8.666666666666666,6.0,2.2222222222222223,9,9,6.0,7.0,6.333333333333333,8.0,8.0,8.666666666666666,8.666666666666666,8.333333333333334,8.666666666666666,,,1,0,0,0,0,0,0,0
6,Jason Taylor,Edyta Sliwinska,Athlete,33,0,11.0,8.716666666666667,0.7897882197771534,9.666666666666666,7.333333333333333,1.3333333333333321,10,10,7.333333333333333,9.0,7.666666666666667,9.666666666666666,9.0,8.0,9.166666666666666,8.666666666666666,9.166666666666666,9.5,,0,1,0,0,0,0,0,0
6,Kristi Yamaguchi,Mark Ballas,Athlete,36,0,11.0,9.4,0.4172218523448575,10.0,9.0,0.75,10,10,9.0,9.0,9.0,9.666666666666666,9.666666666666666,10.0,9.0,9.166666666666666,9.5,10.0,,0,1,0,0,0,0,0,0
6,Monica Seles,Jonathan Roberts,Athlete,34,1,2.0,5.0,0.0,5.0,5.0,,2,2,5.0,5.0,,,,,,,,,,0,1,0,0,0,0,0,0
6,Penn Jillette,Kym Johnson,Magician,53,0,2.0,5.5,0.23570226039551626,5.666666666666667,5.333333333333333,,2,2,5.333333333333333,5.666666666666667,,,,,,,,,,0,0,0,0,0,0,0,0
6,Adam Carolla,Julianne Hough,Radio Personality,43,0,4.0,6.166666666666666,0.8388704928078611,7.0,5.0,,4,4,5.0,6.333333333333333,7.0,6.333333333333333,,,,,,,,0,0,0,0,0,0,0,1
6,Mario,Karina Smirnoff,Singer/Rapper,21,0,8.0,8.416666666666668,0.7346308866924531,9.333333333333334,7.0,,8,8,8.0,8.666666666666666,7.0,8.0,9.0,9.333333333333334,8.5,8.833333333333334,,,,0,0,0,1,0,0,0,0
7,Ted McGinley,Inna Brayer,Actor/Actress,50,0,1.0,6.166666666666667,,6.166666666666667,6.166666666666667,,1,1,6.166666666666667,,,,,,,,,,,1,0,0,0,0,0,0,0
7,Cloris Leachman,Corky Ballas,Actor/Actress,82,0,6.0,5.833333333333333,1.0488088481701516,7.333333333333333,5.0,,6,6,5.333333333333333,5.0,5.333333333333333,7.333333333333333,7.0,5.0,,,,,,1,0,0,0,0,0,0,0
7,Susan Lucci,Tony Dovolani,Actor/Actress,61,0,7.0,7.30952380952381,0.6556631603912025,8.0,6.166666666666667,,7,7,6.166666666666667,7.0,7.0,8.0,7.333333333333333,7.666666666666667,8.0,,,,,1,0,0,0,0,0,0,0
7,Cody Linley,Julianne Hough,Actor/Actress,18,0,9.0,7.611111111111111,0.7546154281781182,9.333333333333334,6.833333333333333,0.7222222222222232,9,9,6.833333333333333,7.0,7.0,7.666666666666667,9.333333333333334,7.666666666666667,7.333333333333333,8.0,7.666666666666667,,,1,0,0,0,0,0,0,0
7,Misty May-Treanor,Maksim Chmerkoskiy,Athlete,31,0,,7.0,0.0,7.0,7.0,,2,2,7.0,7.0,,,,,,,,,,0,1,0,0,0,0,0,0
7,Maurice Greene,Cheryl Burke,Athlete,34,0,8.0,7.479166666666667,0.9817279065706968,9.0,6.333333333333333,,8,8,6.5,6.333333333333333,8.0,6.666666666666667,9.0,7.0,8.333333333333334,8.0,,,,0,1,0,0,0,0,0,0
7,Warren Sapp,Kym Johnson,Athlete,35,0,11.0,8.083333333333334,0.7296625298090942,9.166666666666666,7.0,0.833333333333333,10,10,7.166666666666667,8.0,8.333333333333334,7.333333333333333,8.333333333333334,8.333333333333334,7.0,9.0,8.166666666666666,9.166666666666666,,0,1,0,0,0,0,0,0
7,Jeffrey Ross,Edyta Sliwinska,Comedian,43,0,1.0,4.0,,4.0,4.0,,1,1,4.0,,,,,,,,,,,0,0,0,0,0,1,0,0
7,Toni Braxton,Alec Mazo,Singer/Rapper,40,0,5.0,7.4333333333333345,0.14907119849998626,7.666666666666667,7.333333333333333,,5,5,7.5,7.666666666666667,7.333333333333333,7.333333333333333,7.333333333333333,,,,,,,0,0,0,1,0,0,0,0
7,Lance Bass,Lacey Schwimmer,Singer/Rapper,29,0,11.0,8.116666666666667,1.0032355064896186,9.5,6.666666666666667,2.277777777777776,10,10,7.166666666666667,6.666666666666667,7.333333333333333,8.666666666666666,7.0,9.0,8.333333333333334,8.333333333333334,9.5,9.166666666666666,,0,0,0,1,0,0,0,0
7,Kim Kardashian,Mark Ballas,TV Personality,27,0,2.0,5.916666666666667,0.3535533905932738,6.166666666666667,5.666666666666667,,2,2,6.166666666666667,5.666666666666667,,,,,,,,,,0,0,1,0,0,0,0,0
7,Rocco DiSpirito,Karina Smirnoff,TV Personality,41,0,4.0,5.958333333333334,0.5506729889333061,6.666666666666667,5.333333333333333,,4,4,5.833333333333333,5.333333333333333,6.666666666666667,6.0,,,,,,,,0,0,1,0,0,0,0,0
7,Brooke Burke,Derek Hough,TV Personality,37,0,11.0,8.983333333333333,0.7595076377837501,10.0,8.0,0.5833333333333321,10,10,8.166666666666666,8.0,9.333333333333334,8.666666666666666,9.666666666666666,8.666666666666666,10.0,9.166666666666666,8.166666666666666,10.0,,0,0,1,0,0,0,0,0
8,Gilles Marini,Cheryl Burke,Actor/Actress,33,1,11.0,9.227272727272727,0.597553936536868,10.0,8.0,1.0,11,11,8.0,9.0,9.0,10.0,9.666666666666666,8.666666666666666,9.0,9.166666666666666,9.333333333333334,10.0,9.666666666666666,1,0,0,0,0,0,0,0
8,Denise Richards,Maksim Chmerkoskiy,Actor/Actress,38,0,3.0,6.111111111111111,0.8388704928078612,7.0,5.333333333333333,,3,3,6.0,7.0,5.333333333333333,,,,,,,,,1,0,0,0,0,0,0,0
8,David Alan Grier,Kym Johnson,Actor/Actress,52,0,5.0,6.933333333333333,0.9249624617007738,8.0,5.666666666666667,,5,5,6.333333333333333,5.666666666666667,8.0,7.333333333333333,7.333333333333333,,,,,,,1,0,0,0,0,0,0,0
8,Lawrence Taylor,Edyta Sliwinska,Athlete,50,0,7.0,6.571428571428571,0.6299407883487121,7.333333333333333,5.333333333333333,,7,7,5.333333333333333,6.666666666666667,6.666666666666667,6.333333333333333,6.666666666666667,7.333333333333333,7.0,,,,,0,1,0,0,0,0,0,0
8,Ty Murray,Chelsie Hightower,Athlete,39,0,10.0,7.2666666666666675,1.215130943510428,8.666666666666666,4.666666666666667,1.5000000000000009,10,10,4.666666666666667,6.666666666666667,7.666666666666667,8.333333333333334,7.0,6.0,8.0,8.666666666666666,7.666666666666667,8.0,,0,1,0,0,0,0,0,0
8,Shawn Johnson,Mark Ballas,Athlete,17,0,11.0,8.818181818181817,0.6726999721460174,10.0,7.666666666666667,1.3333333333333321,11,11,7.666666666666667,8.0,9.0,8.333333333333334,8.666666666666666,8.666666666666666,9.333333333333334,8.666666666666666,9.333333333333334,9.333333333333334,10.0,0,1,0,0,0,0,0,0
8,Steve Wozniak,Karina Smirnoff,Entrepreneur,58,0,4.0,4.333333333333334,0.9813067629253164,5.666666666666667,3.3333333333333335,,4,4,4.333333333333333,5.666666666666667,3.3333333333333335,4.0,,,,,,,,0,0,0,0,0,0,0,0
8,Belinda Carlisle,Jonathan Roberts,Singer/Rapper,50,0,2.0,5.833333333333334,0.23570226039551562,6.0,5.666666666666667,,2,2,5.666666666666667,6.0,,,,,,,,,,0,0,0,1,0,0,0,0
8,Chuck Wicks,Julianne Hough,Singer/Rapper,29,0,8.0,7.645833333333334,0.8088670304913367,9.0,6.666666666666667,,8,8,6.666666666666667,6.666666666666667,7.666666666666667,7.333333333333333,7.666666666666667,7.666666666666667,9.0,8.5,,,,0,0,0,1,0,0,0,0
8,Lil' Kim,Derek Hough,Singer/Rapper,34,0,9.0,8.518518518518519,0.7657804862272346,9.333333333333334,7.0,0.9999999999999991,9,9,7.0,7.666666666666667,8.333333333333334,9.0,8.666666666666666,9.333333333333334,8.666666666666666,9.333333333333334,8.666666666666666,,,0,0,0,1,0,0,0,0
8,Steve-O,Lacey Schwimmer,TV Personality,34,1,6.0,5.277777777777778,0.49065338146265813,6.0,4.666666666666667,,6,6,5.666666666666667,4.666666666666667,5.0,5.0,6.0,5.333333333333333,,,,,,0,0,1,0,0,0,0,0
8,Holly Madison,Dmitry Chaplin,TV Personality,30,0,4.0,5.75,0.3191423692521128,6.0,5.333333333333333,,4,4,6.0,6.0,5.666666666666667,5.333333333333333,,,,,,,,0,0,1,0,0,0,0,0
8,Melissa Rycroft,Tony Dovolani,TV Personality,26,0,11.0,8.893939393939394,0.7351217861035272,9.666666666666666,7.666666666666667,0.9444444444444429,11,11,7.666666666666667,8.666666666666666,9.0,9.666666666666666,8.333333333333334,9.0,9.666666666666666,7.666666666666667,9.5,9.166666666666666,9.5,0,0,1,0,0,0,0,0
9,Ashley Hamiliton,Edyta Sliwinska,Actor/Actress,34,0,1.0,6.3333,,6.3333,6.3333,,1,1,6.3333,,,,,,,,,,,1,0,0,0,0,0,0,0
9,Debi Mazar,Maksim Chmerkoskiy,Actor/Actress,45,0,3.0,6.666666666666667,0.8819171036881965,7.333333333333333,5.666666666666667,,3,3,7.333333333333333,7.0,5.666666666666667,,,,,,,,,1,0,0,0,0,0,0,0
9,Melissa Joan Hart,Mark Ballas,Actor/Actress,33,0,6.0,7.6111055555555565,1.1434169066475308,9.333333333333334,6.333333333333333,,6,6,8.0,6.333333333333333,6.333333333333333,9.333333333333334,7.666666666666667,7.9999666666666664,,,,,,1,0,0,0,0,0,0,0
9,Mark Dacascos,Lacey Schwimmer,Actor/Actress,45,0,7.0,8.071419047619047,1.6551080146979713,10.666666666666666,6.0,,7,7,9.6666,7.0,6.0,7.333333333333333,8.666666666666666,10.666666666666666,7.166666666666667,,,,,1,0,0,0,0,0,0,0
9,Chuck Liddell,Anna Trebunskaya,Athlete,39,0,4.0,6.25,0.7876359377087677,7.333333333333333,5.666666666666667,,4,4,7.333333333333333,6.333333333333333,5.666666666666667,5.666666666666667,,,,,,,,0,1,0,0,0,0,0,0
9,Natalie Coughlin,Alec Mazo,Athlete,27,0,5.0,7.999986666666667,0.8498169742819788,8.999933333333333,7.0,,5,5,8.999933333333333,7.0,8.666666666666666,8.0,7.333333333333333,,,,,,,0,1,0,0,0,0,0,0
9,Louie Vito,Chelsie Hightower,Athlete,21,0,6.0,7.1111,1.293840679699183,8.999933333333333,5.333333333333333,,6,6,8.999933333333333,6.333333333333333,6.666666666666667,5.333333333333333,7.333333333333333,8.0,,,,,,0,1,0,0,0,0,0,0
9,Michael Irvin,Anna Demidova,Athlete,43,0,7.0,6.452371428571429,1.1168414933507087,7.833333333333333,4.666666666666667,,7,7,6.333333333333333,6.666666666666667,4.666666666666667,5.333333333333333,7.0,7.333266666666667,7.833333333333333,,,,,0,1,0,0,0,0,0,0
9,Joanna Krupa,Derek Hough,Model,30,1,9.0,9.01851111111111,1.6923809840806463,11.999966666666666,6.666666666666667,0.44445555555555494,9,9,11.3333,6.666666666666667,7.666666666666667,8.666666666666666,8.0,11.999966666666666,9.166666666666666,8.666666666666666,9.0,,,0,0,0,0,1,0,0,0
9,Kathy Ireland,Tony Dovolani,Model,46,0,2.0,6.333316666666667,0.4713809505649922,6.666633333333333,6.0,,2,2,6.666633333333333,6.0,,,,,,,,,,0,0,0,0,1,0,0,0
9,Tom DeLay,Cheryl Burke,Politician,62,0,,5.888877777777778,0.8388550400087897,6.666633333333333,5.0,,3,3,6.666633333333333,6.0,5.0,,,,,,,,,0,0,0,0,0,0,0,0
9,Macy Gray,Jonathan Roberts,Singer/Rapper,42,0,1.0,6.3333,,6.3333,6.3333,,1,1,6.3333,,,,,,,,,,,0,0,0,1,0,0,0,0
9,Aaron Carter,Karina Smirnoff,Singer/Rapper,21,0,8.0,8.604154166666667,1.6901424638870315,10.999933333333333,6.0,,8,8,10.666633333333332,9.0,7.0,6.0,8.0,10.999933333333333,8.833333333333334,8.333333333333334,,,,0,0,0,1,0,0,0,0
9,Mya,Dmitry Chaplin,Singer/Rapper,29,0,11.0,9.477766666666668,0.7914101600822936,11.0,8.166666666666666,0.11108333333333142,10,10,10.3333,9.0,9.0,9.333333333333334,9.0,11.0,8.166666666666666,9.833333333333334,9.666633333333333,9.4444,,0,0,0,1,0,0,0,0
9,Donny Osmond,Kym Johnson,Singer/Rapper,51,0,11.0,8.822206666666668,1.0517335095034033,10.3333,7.0,0.49996666666666734,10,10,9.999966666666666,8.333333333333334,7.0,8.0,9.666666666666666,10.3333,8.666666666666666,8.333333333333334,8.2222,9.6666,,0,0,0,1,0,0,0,0
9,Kelly Osbourne,Louis van Amstel,TV Personality,24,1,11.0,8.157386666666666,1.1194708974211163,10.333266666666667,6.333333333333333,0.7592444444444455,10,10,10.333266666666667,6.333333333333333,6.666666666666667,7.666666666666667,8.0,8.333266666666667,8.666666666666666,8.5,8.6666,8.4074,,0,0,1,0,0,0,0,0
10,Aiden Turner,Edyta Sliwinska,Actor/Actress,32,1,4.0,5.875,0.7622457074451247,6.666666666666667,5.0,,4,4,5.0,6.333333333333333,6.666666666666667,5.5,,,,,,,,1,0,0,0,0,0,0,0
10,Shannen Doherty,Mark Ballas,Actor/Actress,38,0,2.0,6.333333333333334,0.4714045207910319,6.666666666666667,6.0,,2,2,6.0,6.666666666666667,,,,,,,,,,1,0,0,0,0,0,0,0
10,Niecy Nash,Louis van Amstel,Actor/Actress,40,0,8.0,6.999991666666666,1.011819044263021,8.6666,6.0,,8,8,6.0,7.0,7.0,6.0,6.0,8.6666,8.166666666666666,7.166666666666667,,,,1,0,0,0,0,0,0,0
10,Buzz Aldrin,Ashly DelGrosso,Astronaut,80,0,3.0,4.333333333333333,0.3333333333333335,4.666666666666667,4.0,,3,3,4.666666666666667,4.0,4.333333333333333,,,,,,,,,0,0,0,0,0,0,0,0
10,Chad Ochocinco,Cheryl Burke,Athlete,32,0,9.0,7.388885185185185,1.6029410181072987,10.3333,5.333333333333333,2.666666666666666,9,9,6.0,5.333333333333333,6.666666666666667,7.333333333333333,6.0,10.3333,8.666666666666666,7.5,8.666666666666666,,,0,1,0,0,0,0,0,0
10,Evan Lysacek,Anna Trebunskaya,Athlete,24,0,11.0,8.762956666666668,0.5927059617123678,9.833333333333334,7.666666666666667,1.2870055555555542,10,10,7.666666666666667,8.0,8.666666666666666,8.666666666666666,9.0,9.0,9.0,8.833333333333334,9.833333333333334,8.9629,,0,1,0,0,0,0,0,0
10,Pamela Anderson,Damian Whitewood,Model,42,1,7.0,7.809514285714285,1.1156434547359824,9.999933333333333,7.0,,7,7,7.0,7.333333333333333,7.0,7.833333333333333,7.0,9.999933333333333,8.5,,,,,0,0,0,0,1,0,0,0
10,Nicole Scherzinger,Derek Hough,Singer/Rapper,31,0,11.0,9.359253333333333,1.1865644521313317,11.999966666666666,7.666666666666667,1.2685055555555547,10,10,8.333333333333334,9.333333333333334,7.666666666666667,8.333333333333334,9.666666666666666,11.999966666666666,9.0,9.833333333333334,9.833333333333334,9.592566666666666,,0,0,0,1,0,0,0,0
10,Erin Andrews,Maksim Chmerkoskiy,Sports Broadcaster,32,0,11.0,8.31666,1.404244799611011,11.333333333333334,6.5,1.7221888888888879,10,10,7.0,7.666666666666667,7.666666666666667,6.5,7.333333333333333,11.333333333333334,8.5,8.833333333333334,9.333333333333334,8.999933333333333,,0,0,0,0,0,0,0,0
10,Kate Gosselin,Tony Dovolani,TV Personality,35,0,5.0,5.133333333333333,0.1825741858350552,5.333333333333333,5.0,,5,5,5.333333333333333,5.0,5.0,5.333333333333333,5.0,,,,,,,0,0,1,0,0,0,0,0
10,Jake Pavelka,Chelsie Hightower,TV Personality,32,0,6.0,7.111105555555555,0.7502977188102411,8.3333,6.333333333333333,,6,6,6.666666666666667,6.666666666666667,7.0,6.333333333333333,7.666666666666667,8.3333,,,,,,0,0,1,0,0,0,0,0
11,David Hasselhoff,Kym Johnson,Actor/Actress,58,0,1.0,5.0,,5.0,5.0,,1,1,5.0,,,,,,,,,,,1,0,0,0,0,0,0,0
11,Florence Henderson,Corky Ballas,Actor/Actress,76,0,5.0,6.366666666666666,0.4772607021092119,7.0,5.833333333333333,,5,5,6.0,6.333333333333333,6.666666666666667,5.833333333333333,7.0,,,,,,,1,0,0,0,0,0,0,0
11,Kyle Massey,Lacey Schwimmer,Actor/Actress,19,0,11.0,8.248603333333332,1.2263179943721723,9.999966666666666,6.666666666666667,1.833311111111109,10,10,7.666666666666667,7.333333333333333,7.666666666666667,6.666666666666667,6.666666666666667,9.999966666666666,8.375,9.333333333333334,9.666666666666666,9.111066666666666,,1,0,0,0,0,0,0,0
11,Jennifer Grey,Derek Hough,Actor/Actress,50,0,11.0,8.995833333333334,0.834362790057238,10.0,8.0,2.0,10,10,8.0,8.0,8.0,9.333333333333334,8.333333333333334,9.666666666666666,9.125,9.5,10.0,10.0,,1,0,0,0,0,0,0,0
11,Rick Fox,Cheryl Burke,Athlete,41,1,7.0,7.922619047619047,1.1578107762716643,10.0,6.5,,7,7,7.333333333333333,7.0,8.0,6.5,8.0,10.0,8.625,,,,,0,1,0,0,0,0,0,0
11,Kurt Warner,Anna Trebunskaya,Athlete,39,0,8.0,7.343745833333333,0.9924692131385122,8.75,5.666666666666667,,8,8,6.333333333333333,7.0,7.666666666666667,5.666666666666667,8.0,7.3333,8.75,8.0,,,,0,1,0,0,0,0,0,0
11,Margaret Cho,Louis van Amstel,Comedian,41,0,3.0,5.666666666666667,0.5773502691896258,6.0,5.0,,3,3,5.0,6.0,6.0,,,,,,,,,0,0,0,0,0,1,0,0
11,Michael Bolton,Chelsie Hightower,Singer/Rapper,57,0,2.0,4.666666666666666,0.9428090415820631,5.333333333333333,4.0,,2,2,5.333333333333333,4.0,,,,,,,,,,0,0,0,1,0,0,0,0
11,Brandy,Maksim Chmerkoskiy,Singer/Rapper,31,0,9.0,8.865737037037038,1.4633422314122444,11.999966666666666,7.0,1.9444444444444438,9,9,7.666666666666667,7.0,8.0,8.0,9.0,11.999966666666666,9.125,9.5,9.5,,,0,0,0,1,0,0,0,0
11,The Situation,Karina Smirnoff,TV Personality,28,0,4.0,5.583333333333334,0.9179284245476836,6.666666666666667,4.666666666666667,,4,4,5.0,6.0,6.666666666666667,4.666666666666667,,,,,,,,0,0,1,0,0,0,0,0
11,Audrina Patridge,Tony Dovolani,TV Personality,25,0,6.0,8.1111,1.4554897358315901,10.6666,6.333333333333333,,6,6,6.333333333333333,7.666666666666667,8.666666666666666,7.666666666666667,7.666666666666667,10.6666,,,,,,0,0,1,0,0,0,0,0
11,Bristol Palin,Mark Ballas,TV Personality,19,0,11.0,7.368046666666666,1.380971787037155,9.333266666666667,5.333333333333333,2.13887777777778,10,10,6.0,7.333333333333333,6.333333333333333,5.333333333333333,6.0,9.333266666666667,8.125,7.833333333333333,8.833333333333334,8.555533333333335,,0,0,1,0,0,0,0,0
12,Ralph Macchio,Karina Smirnoff,Actor/Actress,49,0,9.0,7.731481481481483,0.5099322152968284,8.333333333333334,7.0,0.666666666666667,9,9,8.0,7.0,7.0,8.333333333333334,7.333333333333333,8.0,8.25,7.666666666666667,8.0,,,1,0,0,0,0,0,0,0
12,Chelsea Kane,Mark Ballas,Actor/Actress,22,0,11.0,8.655553333333334,1.6921490463641526,12.166666666666666,6.0,4.138877777777777,10,10,7.0,6.0,7.666666666666667,8.666666666666666,8.666666666666666,9.333333333333334,8.0,9.166666666666666,12.166666666666666,9.888866666666667,,1,0,0,0,0,0,0,0
12,Kirstie Alley,Maksim Chmerkoskiy,Actor/Actress,60,0,11.0,7.966663333333334,0.9189310752710267,9.3333,6.666666666666667,2.055538888888889,10,10,7.666666666666667,6.666666666666667,7.0,7.333333333333333,7.666666666666667,8.666666666666666,7.5,8.833333333333334,9.0,9.3333,,1,0,0,0,0,0,0,0
12,Hines Ward,Kym Johnson,Athlete,35,1,11.0,8.64722,0.9294390981050988,10.0,7.0,2.2777666666666656,10,10,7.0,7.666666666666667,8.333333333333334,8.333333333333334,9.0,9.0,8.25,9.0,10.0,9.888866666666667,,0,1,0,0,0,0,0,0
12,Sugar Ray Leonard,Anna Trebunskaya,Athlete,54,0,4.0,6.25,0.6871842709362767,7.0,5.666666666666667,,4,4,5.666666666666667,5.666666666666667,6.666666666666667,7.0,,,,,,,,0,1,0,0,0,0,0,0
12,Chris Jericho,Cheryl Burke,Athlete,40,0,6.0,7.4444444444444455,0.7793634629666747,8.666666666666666,6.333333333333333,,6,6,6.333333333333333,7.666666666666667,7.0,7.666666666666667,8.666666666666666,7.333333333333333,,,,,,0,1,0,0,0,0,0,0
12,Petra Nemcova,Dmitry Chaplin,Model,31,1,5.0,7.066666666666667,1.038160766826496,8.333333333333334,6.0,,5,5,6.0,6.0,8.333333333333334,7.666666666666667,7.333333333333333,,,,,,,0,0,0,0,1,0,0,0
12,Mike Catherwood,Lacey Schwimmer,Radio Personality,32,0,2.0,5.0,0.9428090415820638,5.666666666666667,4.333333333333333,,2,2,4.333333333333333,5.666666666666667,,,,,,,,,,0,0,0,0,0,0,0,1
12,Romeo,Chelsie Hightower,Singer/Rapper,21,0,8.0,7.8125,1.0290907529357056,9.333333333333334,6.333333333333333,,8,8,6.333333333333333,7.666666666666667,6.666666666666667,7.666666666666667,8.666666666666666,9.333333333333334,7.5,8.666666666666666,,,,0,0,0,1,0,0,0,0
12,Wendy Williams,Tony Dovolani,TV Personality,46,0,3.0,5.111111111111112,0.5091750772173156,5.666666666666667,4.666666666666667,,3,3,4.666666666666667,5.666666666666667,5.0,,,,,,,,,0,0,1,0,0,0,0,0
12,Kendra Wilkinson,Louis van Amstel,TV Personality,25,0,7.0,7.041666666666667,0.9270248108869581,8.333333333333334,6.0,,7,7,6.0,6.333333333333333,7.666666666666667,6.0,7.333333333333333,8.333333333333334,7.625,,,,,0,0,1,0,0,0,0,0
13,Elisabetta Canalis,Valentin Chmerkovskiy,Actor/Actress,33,1,2.0,6.0,1.4142135623730951,7.0,5.0,,2,2,5.0,7.0,,,,,,,,,,1,0,0,0,0,0,0,0
13,David Arquette,Kym Johnson,Actor/Actress,40,0,7.0,7.357142857142857,0.9546599716001827,8.333333333333334,6.0,,7,7,6.0,6.0,8.0,7.666666666666667,8.333333333333334,7.666666666666667,7.833333333333333,,,,,1,0,0,0,0,0,0,0
13,Ricki Lake,Derek Hough,Actor/Actress,42,0,11.0,8.86666,1.2417547322286895,11.166633333333332,6.666666666666667,2.472188888888887,10,10,6.666666666666667,7.666666666666667,9.0,9.666666666666666,8.0,9.666666666666666,8.833333333333334,8.666666666666666,11.166633333333332,9.3333,,1,0,0,0,0,0,0,0
13,J.R. Martinez,Karina Smirnoff,Actor/Actress,28,0,11.0,8.772216666666667,0.9473227383943723,10.0,7.333333333333333,1.5833055555555555,10,10,7.333333333333333,7.333333333333333,8.666666666666666,8.666666666666666,9.333333333333334,9.666666666666666,8.0,10.0,9.333333333333334,9.388833333333332,,1,0,0,0,0,0,0,0
13,Metta World Peace (Ron),Peta Murgatroyd,Athlete,31,0,1.0,4.666666666666667,,4.666666666666667,4.666666666666667,,1,1,4.666666666666667,,,,,,,,,,,0,1,0,0,0,0,0,0
13,Hope Solo,Maksim Chmerkoskiy,Athlete,30,0,9.0,7.685177777777778,0.8098494757257878,8.666666666666666,6.333333333333333,1.05548888888889,9,9,7.0,6.333333333333333,8.0,8.0,8.0,6.666666666666667,8.333333333333334,8.666666666666666,8.1666,,,0,1,0,0,0,0,0,0
13,Chynna Phillips,Tony Dovolani,Singer/Rapper,43,0,4.0,7.5,0.793492047615872,8.666666666666666,7.0,,4,4,7.333333333333333,7.0,8.666666666666666,7.0,,,,,,,,0,0,0,1,0,0,0,0
13,Kristin Cavallari,Mark Ballas,TV Personality,24,0,3.0,7.222222222222221,0.8388704928078612,8.0,6.333333333333333,,3,3,6.333333333333333,7.333333333333333,8.0,,,,,,,,,0,0,1,0,0,0,0,0
13,Carson Kressley,Anna Trebunskaya,TV Personality,41,0,5.0,6.466666666666667,0.767390962214756,7.666666666666667,5.666666666666667,,5,5,5.666666666666667,6.0,7.666666666666667,6.666666666666667,6.333333333333333,,,,,,,0,0,1,0,0,0,0,0
13,Chaz Bono,Lacey Schwimmer,TV Personality,42,0,6.0,6.277777777777779,0.6116159530899059,7.0,5.666666666666667,,6,6,5.666666666666667,5.666666666666667,6.0,7.0,7.0,6.333333333333333,,,,,,0,0,1,0,0,0,0,0
13,Nancy Grace,Tristan MacManus,TV Personality,51,0,8.0,7.041666666666666,0.7650604291933157,8.0,5.333333333333333,,8,8,5.333333333333333,7.0,7.0,7.0,7.333333333333333,8.0,7.333333333333333,7.333333333333333,,,,0,0,1,0,0,0,0,0
13,Rob Kardashian,Cheryl Burke,TV Personality,24,0,11.0,8.127766666666668,1.4574374322381354,10.833266666666667,5.333333333333333,3.3610555555555566,10,10,5.333333333333333,7.0,8.0,8.0,8.333333333333334,7.333333333333333,8.5,8.5,10.833266666666667,9.4444,,0,0,1,0,0,0,0,0
14,William Levy,Cheryl Burke,Actor/Actress,31,1,11.0,9.255553333333335,1.2752781347757192,12.0,7.333333333333333,1.2222111111111094,10,10,8.0,8.333333333333334,9.333333333333334,7.333333333333333,9.666666666666666,12.0,8.833333333333334,9.5,9.666666666666666,9.888866666666667,,1,0,0,0,0,0,0,0
14,Jack Wagner,Anna Trebunskaya,Actor/Actress,52,0,3.0,7.555555555555556,0.5091750772173156,8.0,7.0,,3,3,7.666666666666667,7.0,8.0,,,,,,,,,1,0,0,0,0,0,0,0
14,Sherri Sheperd,Valentin Chmerkovskiy,Actor/Actress,44,0,4.0,7.583333333333334,0.4194352464039306,8.0,7.0,,4,4,7.666666666666667,7.666666666666667,8.0,7.0,,,,,,,,1,0,0,0,0,0,0,0
14,Jaleel White,Kym Johnson,Actor/Actress,35,0,7.0,8.642847619047618,1.711669410238756,12.333266666666667,7.333333333333333,,7,7,8.666666666666666,7.333333333333333,8.333333333333334,7.333333333333333,8.0,12.333266666666667,8.5,,,,,1,0,0,0,0,0,0,0
14,Roshon Fegan,Chelsie Hightower,Actor/Actress,20,0,8.0,8.666658333333332,0.5345106059351329,9.333333333333334,7.666666666666667,,8,8,7.666666666666667,8.666666666666666,8.333333333333334,8.666666666666666,8.666666666666666,9.333266666666667,8.666666666666666,9.333333333333334,,,,1,0,0,0,0,0,0,0
14,Melissa Gilbert,Maksim Chmerkoskiy,Actor/Actress,47,0,8.0,7.749999999999999,1.1198072396480805,10.0,6.666666666666667,,8,8,6.666666666666667,6.666666666666667,8.0,7.333333333333333,7.0,10.0,7.833333333333333,8.5,,,,1,0,0,0,0,0,0,0
14,Martina Navratilova,Tony Dovolani,Athlete,55,1,2.0,6.166666666666667,0.7071067811865476,6.666666666666667,5.666666666666667,,2,2,6.666666666666667,5.666666666666667,,,,,,,,,,0,1,0,0,0,0,0,0
14,Donald Driver,Peta Murgatroyd,Athlete,37,0,11.0,9.038883333333334,1.1370488297765826,11.3333,7.0,1.8055444444444442,10,10,7.0,8.0,8.666666666666666,9.0,9.0,11.3333,8.833333333333334,9.166666666666666,9.5,9.888866666666667,,0,1,0,0,0,0,0,0
14,Gavin DeGraw,Karina Smirnoff,Singer/Rapper,35,0,5.0,7.133333333333335,0.6912147117775908,8.0,6.333333333333333,,5,5,6.666666666666667,7.0,8.0,7.666666666666667,6.333333333333333,,,,,,,0,0,0,1,0,0,0,0
14,Gladys Knight,Tristan MacManus,Singer/Rapper,67,0,6.0,7.333333333333333,0.6992058987801011,8.0,6.333333333333333,,6,6,7.666666666666667,6.333333333333333,8.0,6.666666666666667,7.333333333333333,8.0,,,,,,0,0,0,1,0,0,0,0
14,Katherine Jenkins,Mark Ballas,Singer/Rapper,31,1,11.0,9.516663333333332,1.3572981058924596,12.999966666666666,8.0,0.6666666666666679,10,10,8.666666666666666,8.666666666666666,9.666666666666666,8.0,9.666666666666666,12.999966666666666,9.0,9.166666666666666,9.333333333333334,10.0,,0,0,0,1,0,0,0,0
14,Maria Menounos,Derek Hough,TV Personality,33,0,9.0,8.907403703703704,0.8979521455395115,9.999966666666666,7.0,1.7222222222222214,9,9,7.0,8.333333333333334,9.0,8.666666666666666,9.0,9.999966666666666,9.5,8.833333333333334,9.833333333333334,,,0,0,1,0,0,0,0,0
15,Gilles Marini,Peta Murgatroyd,Actor/Actress,36,1,8.0,9.298020833333332,1.001931945687771,11.1666,8.0,,8,8,8.0,8.5,8.5,9.875,9.416666666666666,9.166666666666666,11.1666,9.759233333333333,,,,1,0,0,0,0,0,0,0
15,Sabrina Bryan,Louis van Amstel,Actor/Actress,28,0,6.0,8.881944444444445,0.906158200969999,10.0,7.5,,6,6,7.5,8.666666666666666,8.5,8.875,9.75,10.0,,,,,,1,0,0,0,0,0,0,0
15,Kirstie Alley,Maksim Chmerkoskiy,Actor/Actress,61,0,8.0,8.0729125,1.0647969570123208,9.3333,6.333333333333333,,8,8,6.333333333333333,7.0,8.0,7.5,8.75,9.166666666666666,9.3333,8.5,,,,1,0,0,0,0,0,0,0
15,Kelly Monaco,Valentin Chmerkovskiy,Actor/Actress,36,0,11.0,9.064340000000001,1.337731018451914,12.0,7.166666666666667,1.5369833333333345,10,10,7.166666666666667,7.333333333333333,9.0,9.375,8.583333333333334,9.0,12.0,9.444433333333334,9.036999999999999,9.703633333333334,,1,0,0,0,0,0,0,0
15,Apolo Anton Ohno,Karina Smirnoff,Athlete,30,0,9.0,9.148655555555557,1.1012706479335588,11.0,7.333333333333333,1.5370000000000008,9,9,7.333333333333333,8.166666666666666,8.5,8.625,9.416666666666666,10.0,11.0,9.759233333333333,9.537,,,0,1,0,0,0,0,0,0
15,Emmitt Smith,Cheryl Burke,Athlete,43,0,9.0,9.039085185185185,1.1309990015113862,11.499966666666666,7.5,1.0,9,9,8.166666666666666,7.5,8.333333333333334,9.0,9.333333333333334,8.833333333333334,11.499966666666666,9.685133333333333,9.0,,,0,1,0,0,0,0,0,0
15,Shawn Johnson,Derek Hough,Athlete,20,0,11.0,9.455079999999999,1.3688988719152577,12.6666,7.333333333333333,1.5740500000000015,10,10,7.333333333333333,8.333333333333334,8.833333333333334,9.875,9.416666666666666,9.333333333333334,12.6666,9.277766666666666,9.833333333333334,9.648100000000001,,0,1,0,0,0,0,0,0
15,Pamela Anderson,Tristan MacManus,Model,45,1,1.0,5.666666666666667,,5.666666666666667,5.666666666666667,,1,1,5.666666666666667,,,,,,,,,,,0,0,0,0,1,0,0,0
15,Helio Castroneves,Chelsie Hightower,Racing Driver,37,1,3.0,7.777777777777779,0.6735753140545633,8.5,7.166666666666667,,3,3,7.166666666666667,7.666666666666667,8.5,,,,,,,,,0,0,0,0,0,0,0,0
15,Joey Fatone,Kym Johnson,Singer/Rapper,35,0,2.0,7.166666666666666,0.4714045207910319,7.5,6.833333333333333,,2,2,6.833333333333333,7.5,,,,,,,,,,0,0,0,1,0,0,0,0
15,Drew Lachey,Anna Trebunskaya,Singer/Rapper,36,0,3.0,7.555555555555556,0.41943524640393043,8.0,7.166666666666667,,3,3,7.166666666666667,7.5,8.0,,,,,,,,,0,0,0,1,0,0,0,0
15,Bristol Palin,Mark Ballas,TV Personality,21,0,4.0,7.0,0.9128709291752769,8.0,6.0,,4,4,6.5,6.0,7.5,8.0,,,,,,,,0,0,1,0,0,0,0,0
15,Melissa Rycroft,Tony Dovolani,TV Personality,29,0,11.0,9.470356666666666,1.5647150470711477,12.999966666666666,7.0,1.7406888888888892,10,10,7.0,7.833333333333333,9.0,9.25,9.416666666666666,9.833333333333334,12.999966666666666,10.0,9.592566666666666,9.7777,,0,0,1,0,0,0,0,0
16,Ingo Rademacher,Kym Johnson,Actor/Actress,41,1,9.0,7.5,0.6972166887783964,8.5,6.666666666666667,1.7222222222222214,9,9,6.666666666666667,6.666666666666667,7.0,7.666666666666667,7.0,7.666666666666667,8.333333333333334,8.0,8.5,,,1,0,0,0,0,0,0,0
16,Zendaya,Valentin Chmerkovskiy,Actor/Actress,16,0,11.0,9.099993333333334,0.6992104898286493,10.0,8.0,1.1389111111111099,10,10,8.0,8.666666666666666,8.6666,8.666666666666666,9.666666666666666,8.5,10.0,9.666666666666666,9.166666666666666,10.0,,1,0,0,0,0,0,0,0
16,Dorothy Hamill,Tristan MacManus,Athlete,56,0,,6.0,1.4142135623730951,7.0,5.0,,2,2,7.0,5.0,,,,,,,,,,0,1,0,0,0,0,0,0
16,Victor Ortiz,Lindsay Arnold,Athlete,26,0,6.0,6.555555555555556,0.6885303726590963,7.666666666666667,6.0,,6,6,6.0,6.0,7.666666666666667,6.0,7.0,6.666666666666667,,,,,,0,1,0,0,0,0,0,0
16,Alexandra Raisman,Mark Ballas,Athlete,18,0,10.0,8.816666666666666,1.1067971810589328,10.666666666666666,7.0,2.1944444444444438,10,10,7.0,8.0,7.666666666666667,9.0,8.333333333333334,8.666666666666666,10.666666666666666,9.333333333333334,9.833333333333334,9.666666666666666,,0,1,0,0,0,0,0,0
16,Jacoby Jones,Karina Smirnoff,Athlete,28,0,11.0,8.399989999999999,0.9434577855414441,9.833333333333334,6.666666666666667,1.916672222222222,10,10,6.666666666666667,7.666666666666667,8.6666,8.0,8.666666666666666,7.5,9.0,8.666666666666666,9.833333333333334,9.3333,,0,1,0,0,0,0,0,0
16,D. L. Hughley,Cheryl Burke,Comedian,50,0,5.0,5.533333333333333,1.0954451150103324,7.0,4.0,,5,5,4.0,5.333333333333333,5.333333333333333,7.0,6.0,,,,,,,0,0,0,0,0,1,0,0
16,Andy Dick,Sharna Burgess,Comedian,47,0,7.0,6.30952380952381,0.6267831705280087,7.166666666666667,5.666666666666667,,7,7,5.666666666666667,6.666666666666667,6.0,7.0,6.0,7.166666666666667,5.666666666666667,,,,,0,0,0,0,0,1,0,0
16,Wynonna Judd,Tony Dovolani,Singer/Rapper,48,0,3.0,5.666666666666667,0.5773502691896258,6.0,5.0,,3,3,6.0,6.0,5.0,,,,,,,,,0,0,0,1,0,0,0,0
16,Kellie Pickler,Derek Hough,Singer/Rapper,26,0,11.0,8.916666666666668,0.850744046172975,10.0,7.0,1.8333333333333321,10,10,7.0,8.666666666666666,8.333333333333334,8.666666666666666,9.0,9.0,9.666666666666666,9.166666666666666,9.666666666666666,10.0,,0,0,0,1,0,0,0,0
16,Lisa Vanderpump,Gleb Savchenko,TV Personality,52,1,4.0,6.25,0.5,7.0,6.0,,4,4,6.0,6.0,7.0,6.0,,,,,,,,0,0,1,0,0,0,0,0
16,Sean Lowe,Peta Murgatroyd,TV Personality,29,0,8.0,7.166666666666667,0.642416074439621,8.0,6.333333333333333,,8,8,6.333333333333333,6.666666666666667,7.0,6.666666666666667,8.0,7.666666666666667,8.0,7.0,,,,0,0,1,0,0,0,0,0
17,Valerie Harper,Tristan MacManus,Actor/Actress,74,0,4.0,6.166666666666666,0.6938886664887111,7.0,5.333333333333333,,4,4,7.0,6.333333333333333,5.333333333333333,6.0,,,,,,,,1,0,0,0,0,0,0,0
17,Brant Daugherty,Peta Murgatroyd,Actor/Actress,28,0,8.0,8.604166666666668,1.1544857303523945,10.333333333333334,7.0,,8,8,7.333333333333333,7.666666666666667,9.0,7.0,9.0,10.333333333333334,9.5,9.0,,,,1,0,0,0,0,0,0,0
17,Elizabeth Berkley Lauren,Valentin Chmerkovskiy,Actor/Actress,39,0,9.0,8.851844444444446,0.8012147416406057,10.6666,8.0,1.1111111111111107,9,9,8.0,8.333333333333334,8.333333333333334,9.0,8.666666666666666,10.6666,9.0,8.333333333333334,9.333333333333334,,,1,0,0,0,0,0,0,0
17,Leah Remini,Tony Dovolani,Actor/Actress,43,0,10.0,8.29583,0.8051795291642637,9.333333333333334,7.0,0.895833333333333,10,10,7.0,8.0,8.0,8.0,7.333333333333333,9.3333,8.833333333333334,9.333333333333334,9.0,8.125,,1,0,0,0,0,0,0,0
17,Corbin Bleu,Karina Smirnoff,Actor/Actress,24,0,11.0,9.220948484848485,0.621756552101229,10.0,8.0,1.1990444444444446,11,11,8.0,8.666666666666666,8.666666666666666,9.0,9.333333333333334,8.999966666666666,9.833333333333334,10.0,9.666666666666666,9.375,9.8888,1,0,0,0,0,0,0,0
17,Amber Riley,Derek Hough,Actor/Actress,27,0,11.0,9.210851515151516,0.9114388470207891,10.666633333333332,8.0,1.273133333333334,11,11,9.0,8.0,8.0,9.0,8.666666666666666,10.666633333333332,9.833333333333334,9.333333333333334,8.5,9.875,10.4444,1,0,0,0,0,0,0,0
17,Keyshawn Johnson,Sharna Burgess,Athlete,41,0,2.0,5.833333333333334,0.23570226039551562,6.0,5.666666666666667,,2,2,5.666666666666667,6.0,,,,,,,,,,0,1,0,0,0,0,0,0
17,Bill Engvall,Emma Slater,Comedian,56,0,11.0,7.575751515151516,0.7504147675879929,8.499966666666666,6.0,0.6666555555555549,11,11,6.0,7.0,8.0,7.0,8.0,7.9999666666666664,8.333333333333334,8.0,7.0,7.5,8.499966666666666,0,0,0,0,0,1,0,0
17,Christina Milian,Mark Ballas,Singer/Rapper,31,0,5.0,8.333333333333332,0.7453559924999301,9.333333333333334,7.333333333333333,,5,5,7.333333333333333,8.333333333333334,8.666666666666666,8.0,9.333333333333334,,,,,,,0,0,0,1,0,0,0,0
17,"Nicole ""Snooki"" Polizzi",Sasha Farber,TV Personality,25,1,7.0,8.380952380952381,1.0788981249502494,10.0,6.666666666666667,,7,7,7.666666666666667,6.666666666666667,8.333333333333334,8.0,9.0,10.0,9.0,,,,,0,0,1,0,0,0,0,0
17,Jack Osbourne,Cheryl Burke,TV Personality,27,1,11.0,8.700748484848484,0.8334988474781921,10.0,7.333333333333333,1.4027666666666674,11,11,7.666666666666667,8.0,7.333333333333333,8.0,9.0,8.999933333333333,9.5,10.0,9.0,8.875,9.3333,0,0,1,0,0,0,0,0
17,Bill Nye,Tyne Stecklein,TV Personality,57,0,3.0,5.222222222222222,0.5091750772173155,5.666666666666667,4.666666666666667,,3,3,4.666666666666667,5.666666666666667,5.333333333333333,,,,,,,,,0,0,1,0,0,0,0,0
18,Billy Dee Williams,Emma Slater,Actor/Actress,76,0,,5.0,0.0,5.0,5.0,,2,2,5.0,5.0,,,,,,,,,,1,0,0,0,0,0,0,0
18,Danica McKellar,Valentin Chmerkovskiy,Actor/Actress,39,0,8.0,8.78125,0.6999681115185585,9.75,8.0,,8,8,8.0,8.0,9.0,8.0,9.75,9.0,9.0,9.5,,,,1,0,0,0,0,0,0,0
18,James Maslow,Peta Murgatroyd,Actor/Actress,23,0,10.0,8.875000000000002,0.8279921422660488,10.0,7.0,1.4722222222222197,10,10,7.0,8.333333333333334,9.0,8.75,10.0,8.75,8.75,9.0,9.5,9.666666666666666,,1,0,0,0,0,0,0,0
18,Candace Cameron Bure,Mark Ballas,Actor/Actress,37,0,11.0,8.299993333333335,0.8014228091107484,9.25,7.0,1.0555222222222227,10,10,8.333333333333334,7.0,8.0,7.0,8.75,8.0,9.25,9.0,9.0,8.6666,,1,0,0,0,0,0,0,0
18,Sean Avery,Karina Smirnoff,Athlete,33,1,2.0,6.833333333333334,0.23570226039551562,7.0,6.666666666666667,,2,2,6.666666666666667,7.0,,,,,,,,,,0,1,0,0,0,0,0,0
18,Diana Nyad,Henry Byalikov,Athlete,64,0,2.0,6.0,,6.0,6.0,,1,1,6.0,,,,,,,,,,,0,1,0,0,0,0,0,0
18,Charlie White,Sharna Burgess,Athlete,26,0,9.0,9.023148148148149,0.5397044229923734,10.0,8.25,0.7222222222222214,9,9,9.0,8.333333333333334,9.0,8.25,9.25,9.0,8.875,10.0,9.5,,,0,1,0,0,0,0,0,0
18,Amy Purdy,Derek Hough,Athlete,34,0,11.0,9.126386666666667,0.737561527075689,10.0,8.0,1.4860999999999986,10,10,8.0,8.0,9.0,8.5,9.25,9.5,9.375,10.0,9.75,9.888866666666667,,0,1,0,0,0,0,0,0
18,Meryl Davis,Maksim Chmerkoskiy,Athlete,27,0,11.0,9.358333333333334,0.7339328357604716,10.0,8.0,1.3055555555555554,10,10,8.0,8.333333333333334,9.75,9.75,9.0,10.0,9.75,9.0,10.0,10.0,,0,1,0,0,0,0,0,0
18,Drew Carey,Cheryl Burke,Comedian,55,0,6.0,7.458333333333333,0.557150488348226,8.25,7.0,,6,6,7.0,7.0,7.5,8.25,7.0,8.0,,,,,,0,0,0,0,0,1,0,0
18,Cody Simpson,Witney Carson,Singer/Rapper,17,1,5.0,7.933333333333333,0.6598610964943052,8.75,7.333333333333333,,5,5,7.333333333333333,7.333333333333333,8.75,7.75,8.5,,,,,,,0,0,0,1,0,0,0,0
18,NeNe Leakes,Tony Dovolani,TV Personality,46,0,7.0,7.892857142857143,0.7196229171289243,9.0,7.0,,7,7,7.0,7.0,7.75,8.0,9.0,8.25,8.25,,,,,0,0,1,0,0,0,0,0
19,Antonio Sabato Jr.,Cheryl Burke,Actor/Actress,42,1,7.0,7.125,0.462105687767059,7.75,6.25,,7,7,6.25,7.75,7.25,7.25,7.0,7.0,7.375,,,,,1,0,0,0,0,0,0,0
19,Jonathan Bennett,Allison Holker,Actor/Actress,33,0,6.0,7.166666666666667,0.9309493362512629,8.0,6.0,,6,6,7.5,7.5,8.0,6.0,6.0,8.0,,,,,,1,0,0,0,0,0,0,0
19,Lea Thompson,Artem Chigvintsev,Actor/Actress,53,0,9.0,8.472222222222221,0.6180165405913052,9.75,7.75,0.5833333333333339,9,9,8.0,8.75,7.75,9.75,8.5,8.0,8.75,8.0,8.75,,,1,0,0,0,0,0,0,0
19,Janel Parrish,Valentin Chmerkovskiy,Actor/Actress,25,0,11.0,9.04545,1.0189922607655075,10.75,7.25,1.1249833333333328,11,11,7.25,8.5,10.0,9.0,8.25,8.25,8.375,10.75,9.625,9.75,9.749950000000002,1,0,0,0,0,0,0,0
19,Alfonso Ribeiro,Witney Carson,Actor/Actress,42,0,11.0,9.181818181818182,0.8241731393562663,10.25,8.0,1.3333333333333321,11,11,9.0,8.0,8.0,10.0,8.5,9.75,8.5,10.25,9.625,9.375,10.0,1,0,0,0,0,0,0,0
19,Lolo Jones,Keo Motsepe,Athlete,32,0,1.0,5.5,,5.5,5.5,,1,1,5.5,,,,,,,,,,,0,1,0,0,0,0,0,0
19,Randy Couture,Karina Smirnoff,Athlete,51,0,3.0,7.083333333333333,0.6291528696058959,7.75,6.5,,3,3,7.75,7.0,6.5,,,,,,,,,0,1,0,0,0,0,0,0
19,Tommy Chong,Peta Murgatroyd,Comedian,76,1,10.0,7.1625,0.7072295321259648,8.5,5.75,0.020833333333333037,10,10,6.75,7.0,8.5,7.0,5.75,7.0,7.5,7.25,7.125,7.75,,0,0,0,0,0,1,0,0
19,Betsey Johnson,Tony Dovolani,Fashion Designer,72,0,4.0,6.625,1.0897247358851685,7.25,5.0,,4,4,5.0,7.0,7.25,7.25,,,,,,,,0,0,0,0,0,0,0,0
19,Michael Waltrip,Emma Slater,Racing Driver,51,0,8.0,6.40625,0.7669221882675862,7.5,5.0,,8,8,6.25,6.0,7.0,6.25,5.0,7.5,7.0,6.25,,,,0,0,0,0,0,0,0,0
19,Tavis Smiley,Sharna Burgess,Radio Personality,50,0,2.0,7.125,0.1767766952966369,7.25,7.0,,2,2,7.25,7.0,,,,,,,,,,0,0,0,0,0,0,0,1
19,Bethany Mota,Derek Hough,Social Media Personality,18,0,11.0,9.011363636363637,0.7633285364411936,10.0,8.0,0.6666666666666661,11,11,8.0,8.25,10.0,8.25,8.0,9.0,9.375,10.0,9.25,9.5,9.5,0,0,0,0,0,0,1,0
19,Sadie Robertson,Mark Ballas,TV Personality,17,0,11.0,8.791663636363637,0.7102865228521901,9.833300000000001,7.75,1.3194333333333326,11,11,8.5,7.75,8.0,9.25,9.0,8.75,7.75,9.5,9.125,9.25,9.833300000000001,0,0,1,0,0,0,0,0
20,Suzanne Somers,Tony Dovolani,Actor/Actress,68,0,5.0,6.7,0.41079191812887456,7.0,6.25,,5,5,6.25,7.0,6.25,7.0,7.0,,,,,,,1,0,0,0,0,0,0,0
20,Willow Shields,Mark Ballas,Actor/Actress,14,0,7.0,8.482142857142858,1.229897885811586,9.75,6.25,,7,7,6.25,8.0,8.0,9.75,8.5,9.125,9.75,,,,,1,0,0,0,0,0,0,0
20,Riker Lynch,Allison Holker,Actor/Actress,23,0,11.0,9.075,0.825378700960959,10.0,7.75,1.916666666666666,10,10,7.75,8.0,8.5,8.5,9.5,9.5,9.25,9.75,10.0,10.0,,1,0,0,0,0,0,0,0
20,Rumer Willis,Valentin Chmerkovskiy,Actor/Actress,26,0,11.0,9.0625,0.8020156897883399,10.0,8.0,1.791666666666666,10,10,8.0,8.0,8.25,8.75,9.75,8.875,9.25,10.0,9.75,10.0,,1,0,0,0,0,0,0,0
20,Nastia Liukin,Derek Hough,Athlete,25,1,9.0,9.097222222222221,0.8472791419859481,10.25,7.5,1.833333333333334,9,9,7.5,8.5,8.5,9.0,9.5,9.125,10.25,9.5,10.0,,,0,1,0,0,0,0,0,0
20,Michael Sam,Peta Murgatroyd,Athlete,25,0,4.0,6.75,0.6454972243679028,7.5,6.0,,4,4,6.5,7.0,6.0,7.5,,,,,,,,0,1,0,0,0,0,0,0
20,Robert Herjavec,Kym Johnson,Entrepreneur,52,1,8.0,7.453125,0.8181465878959066,8.5,6.0,,8,8,7.0,7.0,7.25,8.5,6.0,8.375,7.75,7.75,,,,0,0,0,0,0,0,0,0
20,Charlotte McKinney,Keo Motsepe,Model,21,0,3.0,5.833333333333333,0.5773502691896258,6.5,5.5,,3,3,5.5,6.5,5.5,,,,,,,,,0,0,0,0,1,0,0,0
20,Noah Galloway,Sharna Burgess,Motivational Speaker,33,0,11.0,8.0125,1.0967914062796484,9.5,6.5,2.333333333333333,10,10,6.5,6.75,7.5,8.0,7.0,8.5,9.5,7.875,9.5,9.0,,0,0,0,0,0,0,0,0
20,Redfoo,Emma Slater,Singer/Rapper,39,0,2.0,6.625,1.590990257669732,7.75,5.5,,2,2,5.5,7.75,,,,,,,,,,0,0,0,1,0,0,0,0
20,Patti LaBelle,Artem Chigvintsev,Singer/Rapper,70,0,6.0,6.916666666666667,1.0327955589886444,8.5,5.5,,6,6,6.25,7.0,5.5,7.5,6.75,8.5,,,,,,0,0,0,1,0,0,0,0
20,Chris Soules,Witney Carson,TV Personality,33,0,8.0,7.09375,1.0685228455342317,8.75,5.25,,8,8,6.5,5.25,7.0,6.75,6.75,8.75,7.75,8.0,,,,0,0,1,0,0,0,0,0
21,Gary Busey,Anna Trebunskaya,Actor/Actress,71,0,4.0,5.520833333333333,0.5286907308520634,6.25,5.0,,4,4,5.0,5.5,6.25,5.333333333333333,,,,,,,,1,0,0,0,0,0,0,0
21,Alexa PenaVega,Mark Ballas,Actor/Actress,27,0,9.0,8.518511111111112,1.159032429802261,10.0,7.0,2.0,9,9,7.333333333333333,7.666666666666667,9.0,7.0,10.0,7.5,9.166666666666666,8.999933333333333,10.0,,,1,0,0,0,0,0,0,0
21,Carlos PenaVega,Witney Carson,Actor/Actress,26,0,11.0,8.999993939393939,1.0321186410936143,10.5,7.5,2.1944444444444446,11,11,7.666666666666667,7.5,7.75,8.333333333333334,9.75,9.5,9.333333333333334,9.6666,9.0,10.5,10.0,1,0,0,0,0,0,0,0
21,Victor Espinoza,Karina Smirnoff,Athlete,43,1,2.0,5.583333333333334,0.8249579113843056,6.166666666666667,5.0,,2,2,5.0,6.166666666666667,,,,,,,,,,0,1,0,0,0,0,0,0
21,Alek Skarlatos,Lindsay Arnold,Military,22,0,11.0,8.212118181818182,0.7847135487783831,9.5,7.25,1.4166555555555567,11,11,7.333333333333333,7.5,8.25,8.0,7.25,7.5,8.833333333333334,8.333333333333334,8.5,9.5,9.3333,0,0,0,0,0,0,0,0
21,Chaka Khan,Keo Motsepe,Singer/Rapper,62,0,2.0,4.666666666666666,0.4714045207910319,5.0,4.333333333333333,,2,2,4.333333333333333,5.0,,,,,,,,,,0,0,0,1,0,0,0,0
21,Andy Grammer,Allison Holker,Singer/Rapper,31,0,8.0,8.197908333333334,1.107280560043747,10.0,7.0,,8,8,7.0,7.333333333333333,7.25,7.666666666666667,9.0,10.0,9.333333333333334,7.999933333333334,,,,0,0,0,1,0,0,0,0
21,Tamar Braxton,Valentin Chmerkovskiy,Singer/Rapper,38,0,,8.537037037037036,0.8641300127945712,10.0,7.25,0.13888888888888928,9,9,7.666666666666667,8.166666666666666,8.25,9.0,7.25,10.0,9.0,9.333333333333334,8.166666666666666,,,0,0,0,1,0,0,0,0
21,Nick Carter,Sharna Burgess,Singer/Rapper,35,0,11.0,9.106060606060607,0.9369653357536982,11.0,7.5,1.2222222222222214,11,11,8.0,7.5,9.0,9.0,8.75,9.75,9.0,11.0,9.166666666666666,9.0,10.0,0,0,0,1,0,0,0,0
21,Hayes Grier,Emma Slater,Social Media Personality,15,0,7.0,7.976190476190476,0.8683134537528797,9.333333333333334,7.0,,7,7,7.0,7.5,7.5,9.0,7.5,8.0,9.333333333333334,,,,,0,0,0,0,0,0,1,0
21,Bindi Irwin,Derek Hough,TV Personality,17,1,11.0,9.280303030303031,0.9008273413867383,10.5,8.0,2.166666666666666,11,11,8.0,8.0,8.0,9.333333333333334,9.25,10.0,9.666666666666666,9.333333333333334,10.0,10.5,10.0,0,0,1,0,0,0,0,0
21,Kim Zolciak-Biermann,Tony Dovolani,TV Personality,37,0,,5.083333333333334,1.5320646925708532,6.166666666666667,4.0,,2,2,4.0,6.166666666666667,,,,,,,,,,0,0,1,0,0,0,0,0
21,Paula Deen,Louis van Amstel,TV Personality,68,0,6.0,5.777777777777779,0.629520687742902,6.5,5.0,,6,6,5.0,6.166666666666667,5.0,6.0,6.5,6.0,,,,,,0,0,1,0,0,0,0,0
22,Mischa Barton,Artem Chigvintsev,Actor/Actress,30,1,3.0,5.444444444444444,0.5091750772173156,6.0,5.0,,3,3,5.333333333333333,5.0,6.0,,,,,,,,,1,0,0,0,0,0,0,0
22,Kim Fields,Sasha Farber,Actor/Actress,46,0,7.0,7.428571428571429,0.8325393042503717,8.666666666666666,6.333333333333333,,7,7,6.666666666666667,6.333333333333333,7.333333333333333,8.0,7.0,8.0,8.666666666666666,,,,,1,0,0,0,0,0,0,0
22,Jodie Sweetin,Keo Motsepe,Actor/Actress,34,0,8.0,7.958333333333334,1.1564175661505611,10.0,6.666666666666667,,8,8,6.666666666666667,7.0,7.666666666666667,6.75,8.75,8.333333333333334,8.5,10.0,,,,1,0,0,0,0,0,0,0
22,Doug Flutie,Karina Smirnoff,Athlete,53,0,6.0,6.388888888888889,0.7722022379508469,7.0,5.0,,6,6,5.0,6.666666666666667,6.666666666666667,6.0,7.0,7.0,,,,,,0,1,0,0,0,0,0,0
22,Von Miller,Witney Carson,Athlete,27,0,7.0,7.464285714285714,0.7695855408997133,8.666666666666666,6.666666666666667,,7,7,7.0,6.666666666666667,6.666666666666667,8.0,7.25,8.0,8.666666666666666,,,,,0,1,0,0,0,0,0,0
22,Antonio Brown,Sharna Burgess,Athlete,27,0,9.0,7.898148148148148,1.2288331311441478,9.166666666666666,6.333333333333333,2.499999999999999,9,9,7.0,6.333333333333333,6.666666666666667,8.75,6.5,9.0,8.666666666666666,9.0,9.166666666666666,,,0,1,0,0,0,0,0,0
22,Paige VanZant,Mark Ballas,Athlete,22,0,11.0,8.69722,1.008742280120995,9.888866666666667,7.0,2.305544444444444,10,10,7.0,8.0,7.666666666666667,9.0,7.75,9.333333333333334,9.166666666666666,9.333333333333334,9.833333333333334,9.888866666666667,,0,1,0,0,0,0,0,0
22,Geraldo Rivera,Edyta Sliwinska,Journalist,72,0,2.0,4.333333333333333,0.0,4.333333333333333,4.333333333333333,,2,2,4.333333333333333,4.333333333333333,,,,,,,,,,0,0,0,0,0,0,0,0
22,Nyle DiMarco,Peta Murgatroyd,Model,26,0,11.0,8.69166,0.9844788057459454,9.666666666666666,6.666666666666667,2.027744444444445,10,10,7.666666666666667,6.666666666666667,8.333333333333334,8.5,9.25,8.333333333333334,9.333333333333334,9.666666666666666,9.5,9.6666,,0,0,0,0,1,0,0,0
22,Ginger Zee,Valentin Chmerkovskiy,News Anchor,35,0,11.0,8.461106666666666,1.0651081207274244,10.0,7.0,2.1666444444444446,10,10,7.666666666666667,7.0,7.0,9.0,8.0,8.0,9.166666666666666,10.0,9.333333333333334,9.4444,,0,0,0,0,0,0,0,0
22,Wanya Morris,Lindsay Arnold,Singer/Rapper,42,0,9.0,8.564814814814817,0.8875858504816918,10.0,7.5,2.1111111111111107,9,9,7.666666666666667,8.0,8.0,8.75,7.5,9.666666666666666,9.166666666666666,8.333333333333334,10.0,,,0,0,0,1,0,0,0,0
22,Marla Maples,Tony Dovolani,TV Personality,52,0,4.0,6.916666666666667,0.16666666666666652,7.0,6.666666666666667,,4,4,7.0,6.666666666666667,7.0,7.0,,,,,,,,0,0,1,0,0,0,0,0
23,Jake T. Austin,Jenna Johnson,Actor/Actress,21,0,2.0,5.75,0.3535533905932738,6.0,5.5,,2,2,5.5,6.0,,,,,,,,,,1,0,0,0,0,0,0,0
23,Maureen McCormick,Artem Chigvintsev,Actor/Actress,60,0,7.0,7.285714285714286,1.0044543650303739,8.25,5.5,,7,7,5.5,6.5,7.0,8.0,8.0,7.75,8.25,,,,,1,0,0,0,0,0,0,0
23,Marilu Henner,Derek Hough,Actor/Actress,64,0,9.0,7.740740740740741,0.9274408902664749,9.0,6.75,2.166666666666667,9,9,6.75,6.75,7.0,7.0,9.0,8.5,8.0,7.666666666666667,9.0,,,1,0,0,0,0,0,0,0
23,Ryan Lochte,Cheryl Burke,Athlete,32,0,8.0,7.25,1.0531509787903082,8.666666666666666,6.0,,8,8,6.0,6.0,6.25,7.333333333333333,8.0,7.5,8.25,8.666666666666666,,,,0,1,0,0,0,0,0,0
23,Calvin Johnson Jr.,Lindsay Arnold,Athlete,30,0,11.0,8.530297727272727,1.1506422614982066,10.0,6.5,2.2222027777777784,11,11,6.5,7.0,8.0,7.666666666666667,8.0,9.25,9.25,10.0,9.25,9.333333333333334,9.583275,0,1,0,0,0,0,0,0
23,Laurie Hernandez,Valentin Chmerkovskiy,Athlete,16,0,11.0,9.140148484848487,1.1068378724359706,11.0,7.75,2.1111000000000013,11,11,7.75,8.0,7.75,10.0,8.333333333333334,9.25,8.625,11.0,10.0,10.0,9.833300000000001,0,1,0,0,0,0,0,0
23,Amber Rose,Maksim Chmerkoskiy,Model,32,0,6.0,6.875,0.9453835200594519,8.0,6.0,,6,6,6.0,6.0,6.25,8.0,8.0,7.0,,,,,,0,0,0,0,1,0,0,0
23,Rick Perry,Emma Slater,Politician,66,0,3.0,5.416666666666667,0.38188130791298663,5.75,5.0,,3,3,5.0,5.5,5.75,,,,,,,,,0,0,0,0,0,0,0,0
23,James Hinchcliffe,Sharna Burgess,Racing Driver,29,1,11.0,9.113625757575758,1.2954212296341563,11.6666,7.25,2.1110944444444444,11,11,7.75,7.25,7.25,9.333333333333334,9.666666666666666,9.5,9.25,11.6666,9.0,9.833333333333334,9.74995,0,0,0,0,0,0,0,0
23,Babyface,Allison Holker,Singer/Rapper,57,0,4.0,6.5625,0.6574889099191459,7.5,6.0,,4,4,6.5,7.5,6.25,6.0,,,,,,,,0,0,0,1,0,0,0,0
23,Vanilla Ice,Witney Carson,Singer/Rapper,48,0,4.0,6.541666666666667,0.8122328620674137,7.666666666666667,5.75,,4,4,6.25,6.5,5.75,7.666666666666667,,,,,,,,0,0,0,1,0,0,0,0
23,Jana Kramer,Gleb Savchenko,Singer/Rapper,32,0,11.0,8.545454545454545,1.3263429443626584,10.0,6.5,2.6805555555555545,11,11,6.75,7.25,6.5,7.666666666666667,8.666666666666666,10.0,8.625,10.0,10.0,9.666666666666666,8.875,0,0,0,1,0,0,0,0
23,Terra Jole,Sasha Farber,TV Personality,36,0,10.0,8.245833333333334,1.0940442725824082,10.0,6.25,2.583333333333333,10,10,6.25,7.75,7.5,8.333333333333334,9.0,7.5,8.625,8.0,9.5,10.0,,0,0,1,0,0,0,0,0
24,Charo,Keo Motsepe,Actor/Actress,66,1,3.0,5.833333333333333,0.5204164998665333,6.25,5.25,,3,3,5.25,6.25,6.0,,,,,,,,,1,0,0,0,0,0,0,0
24,Mr. T,Kym Herjavec,Actor/Actress,64,0,4.0,5.875,0.8539125638299665,7.0,5.0,,4,4,5.0,5.5,6.0,7.0,,,,,,,,1,0,0,0,0,0,0,0
24,Heather Morris,Maksim Chmerkoskiy,Actor/Actress,30,0,6.0,8.208333333333334,0.8278989471346528,9.25,7.0,,6,6,7.0,7.5,8.25,8.75,8.5,9.25,,,,,,1,0,0,0,0,0,0,0
24,Nancy Kerrigan,Artem Chigvintsev,Athlete,47,0,7.0,8.125,0.8322910148099242,9.0,7.0,,7,7,7.0,7.0,8.25,8.25,9.0,8.375,9.0,,,,,0,1,0,0,0,0,0,0
24,Bonner Bolton,Sharna Burgess,Athlete,29,0,8.0,7.109375,0.9098604190439636,8.0,5.5,,8,8,5.5,7.0,6.0,8.0,7.5,7.875,7.75,7.25,,,,0,1,0,0,0,0,0,0
24,Simone Biles,Sasha Farber,Athlete,20,0,9.0,8.791666666666666,0.9100137361600648,10.0,7.25,2.25,9,9,8.0,7.25,8.0,9.0,9.5,8.625,9.75,9.0,10.0,,,0,1,0,0,0,0,0,0
24,David Ross,Lindsay Arnold,Athlete,40,0,11.0,7.8208325,0.7259635838022074,9.083325,6.75,1.749995833333334,10,10,7.0,6.75,7.75,7.75,7.25,7.75,8.0,8.125,8.75,9.083325,,0,1,0,0,0,0,0,0
24,Rashad Jennings,Emma Slater,Athlete,32,0,11.0,8.791665,1.0374896251288492,9.91665,7.0,2.1874916666666673,10,10,7.75,8.0,7.0,9.75,8.0,8.75,9.75,9.375,9.625,9.91665,,0,1,0,0,0,0,0,0
24,Chris Kattan,Witney Carson,Comedian,46,0,2.0,4.875,0.8838834764831844,5.5,4.25,,2,2,4.25,5.5,,,,,,,,,,0,0,0,0,0,1,0,0
24,Erika Jayne,Gleb Savchenko,Singer/Rapper,45,0,5.0,7.0,0.7905694150420949,8.0,6.0,,5,5,6.0,7.0,6.5,7.5,8.0,,,,,,,0,0,0,1,0,0,0,0
24,Normani,Valentin Chmerkovskiy,Singer/Rapper,20,0,11.0,8.970830000000001,1.1463228651746515,10.5,6.75,1.9166500000000006,10,10,6.75,8.0,8.5,8.0,9.75,9.0,10.5,9.875,9.5,9.833300000000001,,0,0,0,1,0,0,0,0
24,Nick Viall,Peta Murgatroyd,TV Personality,36,0,7.0,7.267857142857143,1.0368938275078166,8.5,6.0,,7,7,6.0,6.25,6.5,7.5,8.5,7.625,8.5,,,,,0,0,1,0,0,0,0,0
25,Sasha Pieterse,Gleb Savchenko,Actor/Actress,21,1,5.0,7.166666666666666,0.9428090415820635,8.0,6.0,,5,5,6.0,7.5,6.333333333333333,8.0,8.0,,,,,,,1,0,0,0,0,0,0,0
25,Frankie Muniz,Witney Carson,Actor/Actress,31,0,11.0,8.380550833333334,1.2055518498051725,10.0,6.333333333333333,1.9999763888888893,10,10,6.333333333333333,8.0,7.0,8.0,9.666666666666666,7.75,10.0,8.833333333333334,8.5,9.722175,,1,0,0,0,0,0,0,0
25,Jordan Fisher,Lindsay Arnold,Actor/Actress,23,0,11.0,9.175,0.9642130418758381,10.0,7.333333333333333,1.9444444444444438,10,10,7.333333333333333,8.0,8.333333333333334,9.666666666666666,10.0,9.75,9.0,10.0,9.666666666666666,10.0,,1,0,0,0,0,0,0,0
25,Derek Fisher,Sharna Burgess,Athlete,43,0,4.0,6.75,0.7391185942027819,7.666666666666667,6.0,,4,4,6.0,6.333333333333333,7.0,7.666666666666667,,,,,,,,0,1,0,0,0,0,0,0
25,Nikki Bella,Artem Chigvintsev,Athlete,33,0,7.0,7.738095238095239,1.044638617546681,9.0,6.5,,7,7,6.666666666666667,6.5,7.0,8.0,9.0,9.0,8.0,,,,,0,1,0,0,0,0,0,0
25,Terrell Owens,Cheryl Burke,Athlete,43,0,8.0,7.59375,1.3565226757563877,9.25,5.0,,8,8,5.0,6.5,7.0,8.0,8.333333333333334,9.25,8.166666666666666,8.5,,,,0,1,0,0,0,0,0,0
25,Victoria Arlen,Valentin Chmerkovskiy,Athlete,22,0,9.0,8.175925925925926,1.0884849023831473,9.5,6.333333333333333,2.333333333333334,9,9,6.333333333333333,7.333333333333333,7.333333333333333,9.0,9.0,7.75,9.5,8.0,9.333333333333334,,,0,1,0,0,0,0,0,0
25,Barbara Corcoran,Keo Motsepe,Entrepreneur,68,0,2.0,5.166666666666667,0.7071067811865476,5.666666666666667,4.666666666666667,,2,2,4.666666666666667,5.666666666666667,,,,,,,,,,0,0,0,0,0,0,0,0
25,Lindsey Stirling,Mark Ballas,Musician,31,0,11.0,8.883333333333335,0.9197758717867021,10.0,7.333333333333333,1.8055555555555562,10,10,7.333333333333333,7.5,9.0,8.666666666666666,9.333333333333334,10.0,8.5,9.0,9.5,10.0,,0,0,0,0,0,0,0,0
25,Debbie Gibson,Alan Bersten,Singer/Rapper,47,0,2.0,6.25,0.8249579113843051,6.833333333333333,5.666666666666667,,2,2,5.666666666666667,6.833333333333333,,,,,,,,,,0,0,0,1,0,0,0,0
25,Nick Lachey,Peta Murgatroyd,Singer/Rapper,43,0,6.0,6.75,0.5552777082985894,7.333333333333333,6.0,,6,6,6.0,6.333333333333333,7.0,7.333333333333333,7.333333333333333,6.5,,,,,,0,0,0,1,0,0,0,0
25,Drew Scott,Emma Slater,TV Personality,39,1,10.0,7.8375,1.1948400507656163,9.5,5.333333333333333,2.0763888888888893,10,10,5.333333333333333,6.833333333333333,7.666666666666667,8.0,8.333333333333334,7.5,9.5,7.833333333333333,8.0,9.375,,0,0,1,0,0,0,0,0
25,Vanessa Lachey,Maksim Chmerkoskiy,TV Personality,36,1,7.0,8.071428571428571,0.7191632409931469,9.0,7.0,,7,7,7.0,7.833333333333333,7.666666666666667,8.0,8.0,9.0,9.0,,,,,0,0,1,0,0,0,0,0
26,Jamie Anderson,Artem Chigvintsev,Athlete,27,0,1.0,6.333333333333333,,6.333333333333333,6.333333333333333,,1,1,6.333333333333333,,,,,,,,,,,0,1,0,0,0,0,0,0
26,Johnny Damon,Emma Slater,Athlete,44,0,1.0,6.0,,6.0,6.0,,1,1,6.0,,,,,,,,,,,0,1,0,0,0,0,0,0
26,Kareem Abdul-Jabbar,Lindsay Arnold,Athlete,71,0,2.0,6.520833333333334,1.2079740845270184,7.375,5.666666666666667,,2,2,5.666666666666667,7.375,,,,,,,,,,0,1,0,0,0,0,0,0
26,Arike Ogunbowale,Gleb Savchenko,Athlete,21,0,2.0,7.708333333333334,1.4731391274719738,8.75,6.666666666666667,,2,2,6.666666666666667,8.75,,,,,,,,,,0,1,0,0,0,0,0,0
26,Jennie Finch Daigle,Keo Motsepe,Athlete,37,0,3.0,7.375,0.45069390943299864,7.875,7.0,,3,3,7.0,7.875,7.25,,,,,,,,,0,1,0,0,0,0,0,0
26,Chris Mazdzer,Witney Carson,Athlete,29,0,3.0,7.833333333333333,0.7216878364870323,8.25,7.0,,3,3,7.0,8.25,8.25,,,,,,,,,0,1,0,0,0,0,0,0
26,Mirai Nagasu,Alan Bersten,Athlete,25,0,3.0,8.555555555555555,0.8093779046851923,9.25,7.666666666666667,,3,3,7.666666666666667,9.25,8.75,,,,,,,,,0,1,0,0,0,0,0,0
26,Tonya Harding,Sasha Farber,Athlete,47,0,11.0,8.5,0.7103728806969124,9.333333333333334,7.666666666666667,,4,4,7.666666666666667,8.25,8.75,9.333333333333334,,,,,,,,0,1,0,0,0,0,0,0
26,Josh Norman,Sharna Burgess,Athlete,30,0,11.0,8.71875,0.90355201842506,9.5,7.875,,4,4,8.0,7.875,9.5,9.5,,,,,,,,0,1,0,0,0,0,0,0
26,Adam Rippon,Jenna Johnson,Athlete,28,0,11.0,9.291666666666666,0.9537935951882998,10.25,8.0,,4,4,8.0,9.25,10.25,9.666666666666666,,,,,,,,0,1,0,0,0,0,0,0
27,Juan Pablo Di Pace,Cheryl Burke,Actor/Actress,39,1,8.0,9.125,1.022562917690115,10.0,7.333333333333333,,8,8,7.333333333333333,8.666666666666666,10.0,8.0,9.666666666666666,10.0,9.333333333333334,10.0,,,,1,0,0,0,0,0,0,0
27,Evanna Lynch,Keo Motsepe,Actor/Actress,27,1,11.0,8.685185185185183,1.3082124265907351,10.0,6.0,2.333333333333333,9,9,6.0,8.0,9.0,8.0,8.0,9.666666666666666,9.833333333333334,9.666666666666666,10.0,,,1,0,0,0,0,0,0,0
27,Nancy McKeon,Valentin Chmerkovskiy,Actor/Actress,52,0,3.0,6.888888888888888,0.41943524640393043,7.333333333333333,6.5,,3,3,6.5,6.833333333333333,7.333333333333333,,,,,,,,,1,0,0,0,0,0,0,0
27,John Schneider,Emma Slater,Actor/Actress,58,0,7.0,7.214285714285714,1.0124881604899265,9.0,6.0,,7,7,6.0,7.166666666666667,7.0,7.0,8.0,6.333333333333333,9.0,,,,,1,0,0,0,0,0,0,0
27,Milo Manheim,Witney Carson,Actor/Actress,17,0,11.0,9.092592592592592,1.0243938285880985,10.0,6.666666666666667,1.8888888888888893,9,9,6.666666666666667,8.666666666666666,9.0,9.666666666666666,9.0,10.0,9.666666666666666,9.166666666666666,10.0,,,1,0,0,0,0,0,0,0
27,Danelle Umstead,Artem Chigvintsev,Athlete,46,0,2.0,6.083333333333334,0.11785113019775813,6.166666666666667,6.0,,2,2,6.0,6.166666666666667,,,,,,,,,,0,1,0,0,0,0,0,0
27,Mary Lou Retton,Sasha Farber,Athlete,50,0,6.0,7.888888888888889,0.6885303726590961,8.666666666666666,6.666666666666667,,6,6,6.666666666666667,7.666666666666667,8.0,8.666666666666666,8.333333333333334,8.0,,,,,,0,1,0,0,0,0,0,0
27,DeMarcus Ware,Lindsay Arnold,Athlete,36,0,7.0,8.238095238095237,0.6074928962939559,8.833333333333334,7.333333333333333,,7,7,7.666666666666667,7.833333333333333,8.666666666666666,7.333333333333333,8.666666666666666,8.666666666666666,8.833333333333334,,,,,0,1,0,0,0,0,0,0
27,Nikki Glaser,Gleb Savchenko,Comedian,34,0,1.0,5.833333333333333,,5.833333333333333,5.833333333333333,,1,1,5.833333333333333,,,,,,,,,,,0,0,0,0,0,1,0,0
27,Bobby Bones,Sharna Burgess,Radio Personality,38,0,11.0,7.462962962962964,0.9158245289908077,9.0,6.5,2.0555555555555545,9,9,6.666666666666667,6.5,7.666666666666667,6.666666666666667,7.0,7.333333333333333,8.833333333333334,7.5,9.0,,,0,0,0,0,0,0,0,1
27,Tinashe,Brandon Armstrong,Singer/Rapper,25,0,4.0,8.5,0.5773502691896255,9.0,7.666666666666667,,4,4,7.666666666666667,8.666666666666666,9.0,8.666666666666666,,,,,,,,0,0,0,1,0,0,0,0
27,Alexis Ren,Alan Bersten,Social Media Personality,21,0,,8.833333333333334,0.7861650943380503,9.666666666666666,7.333333333333333,1.4444444444444446,9,9,7.333333333333333,8.166666666666666,8.666666666666666,8.333333333333334,9.666666666666666,9.0,9.166666666666666,9.666666666666666,9.5,,,0,0,0,0,0,0,1,0
27,Joe Amabile,Jenna Johnson,TV Personality,32,0,8.0,6.25,1.2149857925879117,7.833333333333333,4.666666666666667,,8,8,4.666666666666667,5.833333333333333,6.0,5.0,5.666666666666667,7.333333333333333,7.833333333333333,7.666666666666667,,,,0,0,1,0,0,0,0,0
28,Kate Flannery,Pasha Pashkov,Actor/Actress,55,0,8.0,7.520825,1.3015093498923254,9.0,5.0,,8,8,5.0,7.0,8.0,6.5,8.0,9.0,8.0,8.6666,,,,1,0,0,0,0,0,0,0
28,James Van Der Beek,Emma Slater,Actor/Actress,42,0,10.0,8.31666,1.2333942929679569,10.6666,6.666666666666667,1.6388888888888884,10,10,7.0,6.666666666666667,7.666666666666667,7.0,8.666666666666666,9.0,9.0,10.6666,9.0,8.5,,1,0,0,0,0,0,0,0
28,Kel Mitchell,Witney Carson,Actor/Actress,41,0,11.0,8.28029696969697,1.4871001883198758,9.999933333333333,5.333333333333333,3.3055555555555562,11,11,5.333333333333333,6.666666666666667,6.666666666666667,8.0,8.666666666666666,8.666666666666666,8.5,9.999933333333333,9.25,9.5,9.833333333333334,1,0,0,0,0,0,0,0
28,Ray Lewis,Cheryl Burke,Athlete,44,0,,5.0,0.0,5.0,5.0,,2,2,5.0,5.0,,,,,,,,,,0,1,0,0,0,0,0,0
28,Lamar Odom,Peta Murgatroyd,Athlete,39,0,4.0,4.166666666666666,0.5773502691896257,5.0,3.6666666666666665,,4,4,3.6666666666666665,4.0,4.0,5.0,,,,,,,,0,1,0,0,0,0,0,0
28,Sailor Brinkley-Cook,Valentin Chmerkovskiy,Model,21,0,6.0,7.402777777777779,1.186049308824453,9.0,6.0,,6,6,6.0,6.0,7.666666666666667,7.75,8.0,9.0,,,,,,0,0,0,0,1,0,0,0
28,Sean Spicer,Lindsay Arnold,Politician,48,0,9.0,5.87037037037037,1.029184472780437,7.0,4.0,1.4722222222222223,9,9,4.0,5.333333333333333,5.0,5.25,6.333333333333333,7.0,7.0,6.666666666666667,6.25,,,0,0,0,0,0,0,0,0
28,Mary Wilson,Brandon Armstrong,Singer/Rapper,75,0,2.0,5.333333333333334,0.4714045207910319,5.666666666666667,5.0,,2,2,5.666666666666667,5.0,,,,,,,,,,0,0,0,1,0,0,0,0
28,Lauren Alaina,Gleb Savchenko,Singer/Rapper,24,0,,7.992424242424241,1.12697637844622,9.5,6.333333333333333,2.63888888888889,11,11,6.333333333333333,6.333333333333333,6.666666666666667,8.0,7.666666666666667,8.666666666666666,9.0,8.0,8.75,9.0,9.5,0,0,0,1,0,0,0,0
28,Ally Brooke,Sasha Farber,Singer/Rapper,26,0,11.0,8.56060606060606,1.5134080878613148,10.0,5.333333333333333,3.2777777777777777,11,11,5.333333333333333,6.666666666666667,8.0,8.0,9.0,8.333333333333334,9.0,10.0,10.0,9.833333333333334,10.0,0,0,0,1,0,0,0,0
28,Karamo Brown,Jenna Johnson,TV Personality,38,0,7.0,6.833333333333333,1.1506841765115545,8.333333333333334,5.333333333333333,,7,7,5.666666666666667,6.333333333333333,5.333333333333333,7.0,7.0,8.333333333333334,8.166666666666666,,,,,0,0,1,0,0,0,0,0
28,Hannah Brown,Alan Bersten,TV Personality,24,0,11.0,8.412872727272728,1.0698488991772188,10.333266666666667,6.666666666666667,1.958333333333333,11,11,6.666666666666667,8.0,7.0,8.0,8.333333333333334,8.0,8.666666666666666,10.333266666666667,8.875,9.0,9.666666666666666,0,0,1,0,0,0,0,0
29,Anne Heche,Keo Motsepe,Actor/Actress,51,0,4.0,6.0,0.816496580927726,7.0,5.0,,4,4,6.0,6.0,5.0,7.0,,,,,,,,1,0,0,0,0,0,0,0
29,Jesse Metcalfe,Sharna Burgess,Actor/Actress,41,0,5.0,6.533333333333334,0.38005847503304613,7.0,6.0,,5,5,6.0,6.666666666666667,6.666666666666667,7.0,6.333333333333333,,,,,,,1,0,0,0,0,0,0,0
29,Chrishell Stause,Gleb Savchenko,Actor/Actress,39,0,8.0,7.125,1.5320646925708528,9.0,4.333333333333333,,8,8,4.333333333333333,6.0,7.333333333333333,7.333333333333333,6.333333333333333,8.0,8.666666666666666,9.0,,,,1,0,0,0,0,0,0,0
29,Skai Jackson,Alan Bersten,Actor/Actress,18,0,10.0,7.849986666666666,1.7185316732319003,9.6666,5.0,3.5833000000000013,10,10,7.0,5.0,6.0,9.333333333333334,8.0,6.0,9.0,8.999933333333333,9.6666,9.5,,1,0,0,0,0,0,0,0
29,Justina Machado,Sasha Farber,Actor/Actress,48,0,,8.363624242424244,1.215214492735145,10.0,6.333333333333333,2.6666444444444446,11,11,7.0,7.0,6.333333333333333,8.0,8.0,9.0,8.666666666666666,9.6666,8.6666,9.666666666666666,10.0,1,0,0,0,0,0,0,0
29,Charles Oakley,Emma Slater,Athlete,56,0,2.0,4.5,0.7071067811865476,5.0,4.0,,2,2,4.0,5.0,,,,,,,,,,0,1,0,0,0,0,0,0
29,Veron Davis,Peta Murgatroyd,Athlete,36,0,6.0,6.722222222222222,0.7123253522144267,7.333333333333333,5.666666666666667,,6,6,5.666666666666667,6.0,7.333333333333333,7.333333333333333,7.0,7.0,,,,,,0,1,0,0,0,0,0,0
29,Johnny Weir,Britt Stewart,Athlete,36,0,10.0,8.35,1.5364903088323734,10.0,6.0,3.083333333333333,10,10,6.0,6.0,8.0,8.0,9.666666666666666,7.333333333333333,9.0,10.0,10.0,9.5,,0,1,0,0,0,0,0,0
29,Nev Schulman,Jenna Johnson,Producer,35,0,11.0,8.787872727272728,1.249641726595461,10.0,6.666666666666667,2.6666444444444446,11,11,6.666666666666667,7.0,8.0,8.0,8.666666666666666,8.666666666666666,10.0,10.0,9.6666,10.0,10.0,0,0,0,0,0,0,0,0
29,AJ McLean,Cheryl Burke,Singer/Rapper,42,0,9.0,7.814807407407408,1.1194095668126143,9.0,6.0,1.888822222222223,9,9,6.0,6.333333333333333,7.0,8.0,8.0,9.0,8.666666666666666,9.0,8.333266666666667,,,0,0,0,1,0,0,0,0
29,Nelly,Daniella Karagach,Singer/Rapper,45,0,11.0,7.6515151515151505,1.4072324009569388,9.5,5.333333333333333,3.166666666666667,11,11,5.333333333333333,6.0,6.0,7.0,8.0,8.0,9.0,8.0,8.0,9.333333333333334,9.5,0,0,0,1,0,0,0,0
29,Kaitlyn Bristowe,Artem Chigvintsev,TV Personality,35,1,11.0,8.666666666666668,1.1547005383792517,10.0,6.666666666666667,2.7777777777777777,11,11,6.666666666666667,7.333333333333333,7.666666666666667,8.333333333333334,9.0,9.0,8.0,9.333333333333334,10.0,10.0,10.0,0,0,1,0,0,0,0,0
29,Carole Baskin,Pasha Pashkov,TV Personality,59,0,3.0,4.333333333333333,0.8819171036881968,5.333333333333333,3.6666666666666665,,3,3,3.6666666666666665,5.333333333333333,4.0,,,,,,,,,0,0,1,0,0,0,0,0
29,Monica Aldama,Valentin Chmerkovskiy,TV Personality,48,0,7.0,7.38095238095238,1.2971274735120224,9.0,5.333333333333333,,7,7,6.333333333333333,5.333333333333333,7.0,8.0,8.666666666666666,9.0,7.333333333333333,,,,,0,0,1,0,0,0,0,0
29,Jeannie Mai,Brandon Armstrong,TV Personality,41,0,,7.285714285714286,1.0079052613579396,8.333333333333334,6.0,,7,7,6.0,6.0,7.333333333333333,7.0,8.0,8.333333333333334,8.333333333333334,,,,,0,0,1,0,0,0,0,0
30,Martin Kove,Britt Stewart,Actor/Actress,75,0,2.0,3.5,0.3535533905932738,3.75,3.25,,2,2,3.25,3.75,,,,,,,,,,1,0,0,0,0,0,0,0
30,Brian Austin Green,Sharna Burgess,Actor/Actress,48,0,4.0,6.145833333333333,0.33592740617910616,6.5,5.75,,4,4,6.0,5.75,6.333333333333333,6.5,,,,,,,,1,0,0,0,0,0,0,0
30,Melora Hardin,Artem Chigvintsev,Actor/Actress,54,0,9.0,8.50462962962963,1.3061095160442078,10.5,6.5,2.0277777777777777,9,9,6.5,6.75,7.666666666666667,9.125,9.0,8.5,9.5,10.5,9.0,,,1,0,0,0,0,0,0,0
30,Matt James,Lindsay Arnold,Athlete,29,0,4.0,6.322916666666667,0.7171631032524377,7.125,5.5,,4,4,6.0,5.5,6.666666666666667,7.125,,,,,,,,0,1,0,0,0,0,0,0
30,"Mike ""The Miz"" Mizanin",Witney Carson,Athlete,40,0,7.0,7.494047619047619,0.9280943524147354,8.5,6.0,,7,7,6.0,6.5,7.333333333333333,8.125,8.0,8.5,8.0,,,,,0,1,0,0,0,0,0,0
30,Suni Lee,Sasha Farber,Athlete,18,0,9.0,8.430555555555555,1.2233265213252666,10.5,7.0,2.375,9,9,7.0,7.0,7.0,8.5,9.0,9.0,8.5,10.5,9.375,,,0,1,0,0,0,0,0,0
30,Iman Shumpert,Daniella Karagach,Athlete,31,0,11.0,7.933333333333333,1.6692341335452594,10.0,5.25,3.7430555555555562,10,10,5.25,6.25,6.333333333333333,7.875,7.0,10.0,8.5,8.75,9.375,10.0,,0,1,0,0,0,0,0,0
30,Cody Rigsby,Cheryl Burke,Fitness Instructor,34,0,11.0,7.9125,1.481424333388498,9.5,6.0,3.1875,10,10,6.0,6.0,6.0,7.25,8.0,9.0,9.0,9.5,8.875,9.5,,0,0,0,0,0,0,0,0
30,Melanie C,Gleb Savchenko,Singer/Rapper,47,1,5.0,7.766666666666666,0.8728147315184108,9.0,6.75,,5,5,6.75,7.5,7.333333333333333,8.25,9.0,,,,,,,0,0,0,1,0,0,0,0
30,Jimmie Allen,Emma Slater,Singer/Rapper,36,0,8.0,7.817708333333334,1.4187550258634145,9.5,5.5,,8,8,5.5,6.75,6.666666666666667,8.125,8.5,9.5,9.5,8.0,,,,0,0,0,1,0,0,0,0
30,Olivia Jade,Valentin Chmerkovskiy,Social Media Personality,21,0,8.0,8.40625,1.3688988014354562,10.5,6.25,,8,8,6.25,6.75,8.0,8.75,9.0,9.0,10.5,9.0,,,,0,0,0,0,0,0,1,0
30,JoJo Siwa,Jenna Johnson,Social Media Personality,18,0,11.0,9.175,1.1306954595390495,10.25,7.25,2.333333333333333,10,10,7.25,7.75,8.0,8.75,10.0,10.0,9.75,10.25,10.0,10.0,,0,0,0,0,0,0,1,0
30,Christine Chiu,Pasha Pashkov,TV Personality,38,1,3.0,6.416666666666667,0.5204164998665333,7.0,6.0,,3,3,6.25,6.0,7.0,,,,,,,,,0,0,1,0,0,0,0,0
30,Kenya Moore,Brandon Armstrong,TV Personality,50,0,6.0,7.3125,1.0774680969754975,9.0,6.0,,6,6,6.5,6.0,7.0,7.375,9.0,8.0,,,,,,0,0,1,0,0,0,0,0
30,Amanda Kloots,Alan Bersten,TV Personality,39,0,,8.9375,1.0980569960920366,10.5,7.0,2.145833333333333,10,10,7.0,8.0,8.0,8.5,9.75,9.5,8.5,10.5,9.875,9.75,,0,0,1,0,0,0,0,0
31,Jason Lewis,Peta Murgatroyd,Actor/Actress,51,0,1.0,4.5,,4.5,4.5,,1,1,4.5,,,,,,,,,,,1,0,0,0,0,0,0,0
31,Cheryl Ladd,Louis van Amstel,Actor/Actress,71,0,3.0,5.5,0.4330127018922193,6.0,5.25,,3,3,5.25,5.25,6.0,,,,,,,,,1,0,0,0,0,0,0,0
31,Selma Blair,Sasha Farber,Actor/Actress,50,0,,7.8,1.3038404810405297,10.0,7.0,,5,5,7.0,7.0,7.0,8.0,10.0,,,,,,,1,0,0,0,0,0,0,0
31,Joseph Baena,Daniella Karagach,Actor/Actress,24,0,5.0,6.95,1.1911129249571595,8.75,5.75,,5,5,5.75,6.0,7.25,7.0,8.75,,,,,,,1,0,0,0,0,0,0,0
31,Trevor Donovan,Emma Slater,Actor/Actress,39,0,9.0,7.958333333333333,1.489546910976623,9.75,5.25,1.625,9,9,5.25,7.5,6.75,7.0,9.0,8.5,9.75,9.75,8.125,,,1,0,0,0,0,0,0,0
31,Daniel Durant,Britt Stewart,Actor/Actress,32,0,9.0,8.152777777777779,0.9778359752251112,9.75,6.75,1.375,9,9,6.75,7.25,7.75,7.25,8.375,8.5,9.125,9.75,8.625,,,1,0,0,0,0,0,0,0
31,Wayne Brady,Witney Carson,Comedian,50,0,11.0,9.0625,1.1535723499922608,11.25,7.25,1.479166666666667,10,10,7.25,8.0,8.25,9.0,10.25,8.5,9.5,11.25,9.125,9.5,,0,0,0,0,0,1,0,0
31,Sam Champion,Cheryl Burke,News Anchor,61,0,4.0,6.0,0.67700320038633,6.5,5.0,,4,4,5.0,6.5,6.25,6.25,,,,,,,,0,0,0,0,0,0,0,0
31,Jessie James Decker,Alan Bersten,Singer/Rapper,34,1,6.0,7.083333333333333,1.4375905768565216,9.0,5.0,,6,6,5.0,6.25,6.5,7.75,9.0,8.0,,,,,,0,0,0,1,0,0,0,0
31,Jordin Sparks,Brandon Armstrong,Singer/Rapper,32,0,7.0,7.857142857142857,0.9906557472320087,8.875,6.5,,7,7,6.5,6.75,7.25,8.5,8.875,8.5,8.625,,,,,0,0,0,1,0,0,0,0
31,Heidi D'Amelio,Artem Chigvintsev,Social Media Personality,50,0,8.0,8.21875,1.1984923564927015,9.75,6.0,,8,8,6.0,7.0,8.0,8.5,9.75,9.0,8.75,8.75,,,,0,0,0,0,0,0,1,0
31,Charli D'Amelio,Mark Ballas,Social Media Personality,18,0,11.0,9.475,1.1146125385581804,11.25,8.0,1.916666666666666,10,10,8.0,8.0,8.25,9.0,10.5,10.0,9.75,11.25,10.0,10.0,,0,0,0,0,0,0,1,0
31,Teresa Giudice,Pasha Pashkov,TV Personality,50,0,2.0,5.375,0.5303300858899106,5.75,5.0,,2,2,5.0,5.75,,,,,,,,,,0,0,1,0,0,0,0,0
31,Vinny Guadagnino,Koko Iwasaki,TV Personality,34,0,8.0,6.734375,1.199772113778279,7.875,4.25,,8,8,4.25,6.75,5.75,7.25,7.75,7.0,7.875,7.25,,,,0,0,1,0,0,0,0,0
31,Shangela,Gleb Savchenko,TV Personality,40,0,,8.6375,1.1952597346741558,10.5,7.0,2.145833333333333,10,10,7.0,7.0,7.5,8.0,9.625,9.0,9.125,10.5,9.125,9.5,,0,0,1,0,0,0,0,0
31,Gabby Windey,Valentin Chmerkovskiy,TV Personality,31,0,11.0,9.0625,1.0627042287380708,10.25,7.0,2.25,10,10,7.0,8.0,8.25,9.0,10.25,9.25,8.875,10.0,10.0,10.0,,0,0,1,0,0,0,0,0
32,Jamie Lynn Spears,Alan Bersten,Actor/Actress,32,0,2.0,5.166666666666666,0.23570226039551562,5.333333333333333,5.0,,2,2,5.0,5.333333333333333,,,,,,,,,,1,0,0,0,0,0,0,0
32,Mira Sorvino,Gleb Savchenko,Actor/Actress,55,0,5.0,6.5,0.6871842709362765,7.333333333333333,5.666666666666667,,5,5,5.666666666666667,6.0,6.5,7.0,7.333333333333333,,,,,,,1,0,0,0,0,0,0,0
32,Barry Williams,Peta Murgatroyd,Actor/Actress,68,0,8.0,6.932291666666666,1.4457685761537533,8.75,5.0,,8,8,5.333333333333333,5.0,6.25,6.0,8.0,8.0,8.125,8.75,,,,1,0,0,0,0,0,0,0
32,Alyson Hannigan,Sasha Farber,Actor/Actress,49,0,,7.318181818181817,1.505922650836699,9.0,4.333333333333333,2.88888888888889,11,11,4.333333333333333,6.333333333333333,6.0,6.0,7.0,7.75,8.75,9.0,8.0,8.5,8.833333333333334,1,0,0,0,0,0,0,0
32,Xochitl Gomez,Valentin Chmerkovskiy,Actor/Actress,17,0,11.0,9.121212121212123,1.335084077857831,10.5,6.0,2.750000000000001,11,11,6.0,8.0,8.0,9.0,9.333333333333334,10.5,9.25,10.0,10.25,10.0,10.0,1,0,0,0,0,0,0,0
32,Adrian Peterson,Britt Stewart,Athlete,38,0,4.0,5.875,0.8539125638299665,7.0,5.0,,4,4,6.0,5.0,5.5,7.0,,,,,,,,0,1,0,0,0,0,0,0
32,Matt Walsh,Koko Iwasaki,Comedian,58,0,1.0,4.0,,4.0,4.0,,1,1,4.0,,,,,,,,,,,0,0,0,0,0,1,0,0
32,Tyson Beckford,Jenna Johnson,Model,52,0,3.0,5.0,1.0,6.0,4.0,,3,3,4.0,6.0,5.0,,,,,,,,,0,0,0,0,1,0,0,0
32,Jason Mraz,Daniella Karagach,Singer/Rapper,46,0,11.0,8.886363636363637,1.0744977685158097,10.75,7.0,2.250000000000001,11,11,7.0,8.0,8.5,8.0,9.0,9.75,9.0,8.25,10.75,9.5,10.0,0,0,0,1,0,0,0,0
32,Lele Pons,Brandon Armstrong,Social Media Personality,27,1,7.0,7.684523809523809,1.1486347428520403,9.25,6.333333333333333,,7,7,6.333333333333333,7.0,6.75,7.333333333333333,8.0,9.25,9.125,,,,,0,0,0,0,0,0,1,0
32,Harry Jowsey,Rylee Arnold,TV Personality,26,1,9.0,6.416666666666667,1.286953767623375,8.0,4.0,2.5,9,9,4.0,5.0,6.0,7.0,6.0,7.25,8.0,7.0,7.5,,,0,0,1,0,0,0,0,0
32,Mauricio Umansky,Emma Slater,TV Personality,53,1,6.0,6.222222222222221,1.6697194264195894,8.25,4.0,,6,6,5.0,4.0,5.75,6.333333333333333,8.0,8.25,,,,,,0,0,1,0,0,0,0,0
32,Charity Lawson,Artem Chigvintsev,TV Personality,27,0,,8.825757575757576,1.049109771726159,9.833333333333334,7.0,2.2777777777777795,11,11,7.333333333333333,7.0,8.0,8.0,9.333333333333334,9.5,9.0,9.75,9.5,9.833333333333334,9.833333333333334,0,0,1,0,0,0,0,0
32,Ariana Madix,Pasha Pashkov,TV Personality,38,0,11.0,8.840909090909092,1.2624131133218113,10.5,6.666666666666667,2.1944444444444446,11,11,7.0,6.666666666666667,8.5,8.333333333333334,8.0,10.25,9.25,10.5,9.25,9.666666666666666,9.833333333333334,0,0,1,0,0,0,0,0
33,Tori Spelling,Pasha Pashkov,Actor/Actress,51,0,2.0,6.0,0.47140452079103123,6.333333333333333,5.666666666666667,,2,2,5.666666666666667,6.333333333333333,,,,,,,,,,1,0,0,0,0,0,0,0
33,Eric Roberts,Britt Stewart,Actor/Actress,68,0,3.0,5.25,0.4330127018922193,5.75,5.0,,3,3,5.0,5.0,5.75,,,,,,,,,1,0,0,0,0,0,0,0
33,Reginald VelJohnson,Emma Slater,Actor/Actress,74,0,3.0,5.194444444444444,0.1734721666221776,5.333333333333333,5.0,,3,3,5.333333333333333,5.0,5.25,,,,,,,,,1,0,0,0,0,0,0,0
33,Chandler Kinney,Brandon Armstrong,Actor/Actress,24,0,11.0,9.069444444444445,1.0663736576724772,10.666666666666666,7.666666666666667,1.9027777777777768,9,9,7.666666666666667,8.0,8.625,8.0,9.0,10.666666666666666,10.0,9.666666666666666,10.0,,,1,0,0,0,0,0,0,0
33,Dwight Howard,Daniella Karagach,Athlete,38,0,7.0,7.821428571428571,1.2194683983618333,10.333333333333334,6.5,,7,7,7.333333333333333,7.333333333333333,6.5,7.25,8.0,10.333333333333334,8.0,,,,,0,1,0,0,0,0,0,0
33,Danny Amendola,Witney Carson,Athlete,39,0,,8.314814814814815,1.0118892000048325,9.333333333333334,6.666666666666667,2.2777777777777777,9,9,6.666666666666667,7.0,7.5,9.0,8.5,9.333333333333334,8.5,9.0,9.333333333333334,,,0,1,0,0,0,0,0,0
33,Stephen Nedoroscik,Rylee Arnold,Athlete,26,0,,8.37037037037037,0.9465866228549301,9.833333333333334,7.0,2.472222222222223,9,9,7.0,7.333333333333333,7.75,8.25,8.0,9.333333333333334,9.0,8.833333333333334,9.833333333333334,,,0,1,0,0,0,0,0,0
33,Ilona Maher,Alan Bersten,Athlete,28,0,11.0,8.037037037037036,1.1925048852036486,9.5,6.0,2.833333333333333,9,9,6.0,7.0,7.0,8.0,8.666666666666666,8.0,8.666666666666666,9.5,9.5,,,0,1,0,0,0,0,0,0
33,Anna Delvey,Ezra Sosa,Con artist,33,1,2.0,5.833333333333334,0.23570226039551562,6.0,5.666666666666667,,2,2,6.0,5.666666666666667,,,,,,,,,,0,0,0,0,0,0,0,0
33,Brooks Nader,Gleb Savchenko,Model,27,0,4.0,7.072916666666667,0.9092980351164665,8.0,6.0,,4,4,6.0,6.666666666666667,7.625,8.0,,,,,,,,0,0,0,0,1,0,0,0
33,Phaedra Parks,Val Chmerkovskiy,TV Personality,51,0,5.0,7.266666666666666,0.7226494462892934,8.0,6.333333333333333,,5,5,6.333333333333333,7.0,7.0,8.0,8.0,,,,,,,0,0,1,0,0,0,0,0
33,Jenn Tran,Sasha Farber,TV Personality,26,0,6.0,7.875,1.4979152178945245,10.333333333333334,6.333333333333333,,6,6,6.333333333333333,6.333333333333333,7.75,8.0,8.5,10.333333333333334,,,,,,0,0,1,0,0,0,0,0
33,Joey Graziadei,Jenna Johnson,TV Personality,29,0,11.0,8.898148148148147,1.1620278146306604,10.666666666666666,7.0,2.13888888888889,9,9,7.0,7.333333333333333,8.75,9.0,8.666666666666666,10.666666666666666,9.166666666666666,9.666666666666666,9.833333333333334,,,0,0,1,0,0,0,0,0
34,Corey Feldman,Jenna Johnson,Actor/Actress,54,0,2.0,4.75,0.3535533905932738,5.0,4.5,,2,2,4.5,5.0,,,,,,,,,,1,0,0,0,0,0,0,0
34,Danielle Fishel,Pasha Pashkov,Actor/Actress,44,0,8.0,7.572916666666666,1.2539125276446228,9.25,6.0,,8,8,6.0,6.333333333333333,7.0,7.0,7.25,9.0,8.75,9.25,,,,1,0,0,0,0,0,0,0
34,Elaine Hendrix,Alan Bersten (Rashad Jennings week 9),Actor/Actress,55,0,,8.1856,1.2161109982234353,9.6666,6.0,2.7222,11,11,6.0,7.0,7.0,8.0,7.5,9.0,8.0,9.375,9.0,9.5,9.6666,1,0,0,0,0,0,0,0
34,Baron Davis,Britt Stewart,Athlete,46,0,2.0,5.5,0.7071067811865476,6.0,5.0,,2,2,5.0,6.0,,,,,,,,,,0,1,0,0,0,0,0,0
34,Jordan Chiles,Ezra Sosa (Apolo Anton Ohno week 9),Athlete,24,0,11.0,8.588381818181817,1.5129982460416973,9.888866666666667,5.0,2.9351777777777768,11,11,5.0,7.333333333333333,8.0,8.0,8.0,9.75,9.5,9.75,9.75,9.5,9.888866666666667,0,1,0,0,0,0,0,0
34,Andy Richter,Emma Slater/Kaitlyn Bristowe (week 9),Comedian,59,0,9.0,6.398148148148148,1.1834930773762602,8.5,4.5,1.9722222222222223,9,9,4.5,5.333333333333333,6.0,6.0,6.0,6.75,7.25,8.5,7.25,,,0,0,0,0,0,1,0,0
34,Robert Irwin,Witney Carson (Xoshitl Gomez week 9),Conservationist,22,1,11.0,8.838381818181817,1.2611715555487497,10.5,7.333333333333333,2.6851777777777786,11,11,7.5,7.333333333333333,7.333333333333333,7.333333333333333,8.75,9.0,10.25,9.5,10.5,9.833333333333334,9.888866666666667,0,0,0,0,0,0,0,0
34,Hilaria Baldwin,Gleb Savchenko,Entrepreneur,41,0,4.0,7.25,0.3191423692521128,7.666666666666667,7.0,,4,4,7.0,7.0,7.333333333333333,7.666666666666667,,,,,,,,0,0,0,0,0,0,0,0
34,Lauren Jauregui,Brandon Armstrong,Singer/Rapper,29,0,3.0,6.5,0.5,7.0,6.0,,3,3,6.5,7.0,6.0,,,,,,,,,0,0,0,1,0,0,0,0
34,Scott Hoying,Rylee Arnold,Singer/Rapper,34,0,6.0,6.638888888888888,0.9569434365419623,7.5,5.0,,6,6,5.0,6.0,7.333333333333333,7.0,7.5,7.0,,,,,,0,0,0,1,0,0,0,0
34,Alix Earle,Val Chmerkovskiy (Joey Graziadei week 9),Social media personality,24,0,11.0,8.791666666666668,1.3628248848134037,10.75,6.5,2.8333333333333313,11,11,6.5,7.0,7.666666666666667,8.0,8.75,8.75,10.75,9.625,10.0,9.666666666666666,10.0,0,0,0,0,0,0,0,0
34,Jen Affleck,Jan Ravnik,TV Personality,26,0,7.0,7.297619047619047,0.884351016043245,8.5,6.0,,7,7,6.0,7.333333333333333,6.333333333333333,7.666666666666667,7.25,8.0,8.5,,,,,0,0,1,0,0,0,0,0
34,Whitney Leavitt,Mark Ballas,TV Personality,32,0,10.0,8.970833333333335,1.2155832949302898,10.5,7.333333333333333,2.4722222222222214,10,10,7.5,7.333333333333333,8.0,8.333333333333334,8.25,9.75,10.5,9.875,10.5,9.666666666666666,,0,0,1,0,0,0,0,0
34,Dylan Efron,Daniella Karagach (Rumer Willis week 9),TV Personality,33,0,,8.404036363636363,1.596112392690756,10.5,5.0,3.3703555555555544,11,11,5.0,6.666666666666667,7.666666666666667,7.666666666666667,9.0,8.0,9.5,9.5,10.5,9.166666666666666,9.777733333333334,0,0,1,0,0,0,0,0
