season,week,n_participants,eliminated_name,judge_std,judge_mean,actual_rule,estimated_fan_votes,percentage_eliminated,rank_eliminated,same_result,actual_eliminated,pct_matches_actual,rank_matches_actual,pct_scores,rank_scores
1,2,6,Trista Sutter,1.3528661846539909,6.722222222222222,rank,[0.20515138 0.18482713 0.17843839 0.18846394 0.20212956 0.04098959],5,2,False,5,True,False,[0.42002742 0.325323   0.29414087 0.38681105 0.37568328 0.19801438],[ 2  9 11  5  5 10]
1,3,5,Evander Holyfield,1.4817407180595243,7.066666666666667,rank,[0.2298914  0.27200558 0.04117096 0.26567137 0.19126069],2,2,True,2,True,True,[0.45630649 0.47011879 0.16381247 0.51095439 0.39880786],[ 5  5 10  3  7]
1,4,4,Rachel Hunter,0.8498365855987974,7.666666666666667,rank,[0.25331812 0.40612386 0.12667587 0.21388214],2,3,False,2,True,False,[0.48157899 0.68873256 0.398415   0.43127344],[5 2 6 7]
2,1,10,Kenny Mayne,1.3102162671355697,6.5,rank,"[0.08970476 0.07323417 0.09187263 0.24310967 0.08836693 0.08277708
 0.1163396  0.08796238 0.11576461 0.01086818]",9,9,True,9,True,True,"[0.20765348 0.17579828 0.18418032 0.34054557 0.20118745 0.19046938
 0.23428831 0.14950084 0.23884153 0.07753484]",[ 7 15 12  8 10 13  4 17  4 19]
2,2,9,Tatum O'Neal,1.331274130045291,7.4074074074074066,rank,"[0.01380447 0.13911557 0.17448139 0.14426834 0.11748763 0.1162931
 0.09384738 0.10473592 0.09596618]",0,0,True,0,True,True,"[0.09880447 0.24911557 0.28448139 0.24426834 0.26248763 0.2312931
 0.21384738 0.18473592 0.23096618]",[17  8  6  9  5  9 11 15  9]
2,3,8,Giselle Fernandez,1.411756195508118,7.583333333333334,rank,"[0.15733285 0.17189882 0.13808974 0.14913185 0.10561496 0.02266825
 0.09441977 0.16084375]",5,6,False,5,True,False,"[0.30019    0.29277794 0.27545238 0.2974835  0.21001057 0.14354737
 0.17134285 0.30919539]",[ 6  6  9  5 13 13 15  3]
2,4,7,Master P,2.0919888225227425,7.523809523809524,rank,"[0.1606631  0.17477785 0.14941762 0.18197741 0.13701839 0.02133169
 0.17481393]",5,5,True,5,True,True,"[0.31889095 0.30768924 0.31397459 0.34653437 0.28891712 0.07196461
 0.35202912]",[ 8  9  7  3 11 14  3]
2,5,6,Tia Carrere,0.8906233078822999,8.388888888888888,rank,[0.02601914 0.1724967  0.20776584 0.17990592 0.18733724 0.22647515],0,0,True,0,True,True,[0.17171451 0.3314371  0.37332876 0.37858141 0.33965512 0.4052831 ],[12  9  5  5  8  3]
2,6,5,George Hamilton,1.0456258094238748,8.866666666666667,rank,[0.04902619 0.23785873 0.2494877  0.24138167 0.22224571],0,0,True,0,True,True,[0.22195852 0.44086625 0.47505161 0.414314   0.44780962],[9 6 2 6 5]
2,7,4,Lisa Rinna,0.97182531580755,8.5,rank,[0.07930081 0.32598514 0.25861831 0.33609573],0,0,True,0,True,True,[0.33910473 0.59559299 0.4595987  0.60570358],[7 3 7 2]
3,1,11,Tucker Carlson,1.326428401711472,6.424242424242423,percentage,"[0.10522504 0.10569654 0.08581059 0.1155503  0.10080275 0.09091577
 0.09232971 0.10402555 0.10910958 0.07079558 0.01973859]",10,10,True,10,True,True,"[0.18541372 0.20947013 0.17543323 0.2146069  0.22344426 0.20412332
 0.17723537 0.20779913 0.1798643  0.14626728 0.07634236]",[12  6 15  6  7 10 14  8 12 19 22]
3,2,10,Shanna Moakler,0.9189365834726814,7.666666666666666,percentage,"[0.1987237  0.08746456 0.06448335 0.09851518 0.08926562 0.08452398
 0.01157543 0.1547955  0.1058416  0.10481109]",6,6,True,6,True,True,"[0.29002805 0.19181238 0.17752682 0.22460213 0.18056997 0.1888718
 0.1072276  0.2547955  0.19714595 0.18741979]",[ 8 10 11  6 13 11 16  7 10 14]
3,3,9,Harry Hamlin,0.8606629658238706,7.666666666666667,percentage,"[0.0139603  0.11807513 0.07729983 0.12683566 0.12038573 0.1612658
 0.1510817  0.09975351 0.13134234]",0,0,True,0,True,True,"[0.12024049 0.24850991 0.20773461 0.23311586 0.22666592 0.25305324
 0.2573619  0.22052645 0.23279162]",[13  7  9  8  9 10  6 10 11]
3,4,8,Vivica A. Fox,0.9537935951882996,8.25,percentage,"[0.01979221 0.14436291 0.12464503 0.10477527 0.13480572 0.11970299
 0.15820896 0.19370692]",0,0,True,0,True,True,"[0.14100433 0.26557503 0.26100866 0.25123992 0.25601784 0.26111713
 0.25921906 0.30481803]",[12  7  8  8  8  8 10  8]
3,5,7,Willa Ford,0.45175395145262554,8.619047619047619,percentage,"[0.16055906 0.14842791 0.16709304 0.17979827 0.02070634 0.17795618
 0.1454592 ]",4,6,False,4,True,False,"[0.30973033 0.28654946 0.31626431 0.32896954 0.16987761 0.31055287
 0.27805589]",[ 5 10  4  2  8  8 12]
3,7,5,Jerry Springer,0.6912147117775906,9.0,percentage,[0.23346559 0.21216186 0.25058115 0.25528332 0.04850808],4,4,True,4,True,True,[0.43346559 0.42327297 0.45798855 0.46639443 0.21887845],[ 7  5  5  2 10]
3,8,4,Monique Coleman,0.24999999999999983,9.083333333333334,percentage,[0.06864225 0.32204289 0.29945864 0.30985622],0,0,True,0,True,True,[0.31176152 0.56974931 0.56092653 0.55756265],[8 3 4 4]
4,2,11,Paulina Porizkova,0.8538789577942648,7.424242424242423,percentage,"[0.09754847 0.12389891 0.08862075 0.08932111 0.11597445 0.10264677
 0.01013085 0.10340037 0.1096144  0.06886282 0.08998109]",6,2,False,6,True,False,"[0.18326276 0.21369483 0.16209014 0.1995252  0.2220969  0.18427943
 0.09584514 0.20135955 0.19532869 0.166822   0.17569537]",[12  6 20  9  4 15 17  7  9 13 13]
4,3,10,Shandi Finnessey,0.8137703743822469,7.2666666666666675,percentage,"[0.12460318 0.09704836 0.12088695 0.11720357 0.14408354 0.01219062
 0.07900155 0.12656037 0.08377697 0.09464488]",5,5,True,5,True,True,"[0.2163463  0.2071401  0.19428145 0.21353385 0.24958813 0.1085209
 0.18909329 0.22289064 0.19386872 0.20473663]",[12  7 14 11  6 16 10  8  9  8]
4,4,9,Leeza Gibbons,1.4609691054308165,7.037037037037037,percentage,"[0.13892982 0.12861219 0.11438108 0.10363873 0.11820859 0.12840823
 0.11111192 0.13420818 0.02250126]",8,8,True,8,True,True,"[0.22314034 0.25492798 0.19332845 0.21416504 0.2550507  0.24946086
 0.22163824 0.2815766  0.10671178]",[ 8  6 15 13  7  8 12  3 16]
4,5,8,Clyde Drexler,1.810463415200036,7.333333333333334,percentage,"[0.20309222 0.12468629 0.03404578 0.11637941 0.1227014  0.14044733
 0.12016982 0.13847775]",2,2,True,2,True,True,"[0.30536494 0.26104993 0.10790942 0.27547032 0.29315595 0.25976551
 0.21676073 0.2805232 ]",[ 7  8 16  9  6  7 13  6]
4,6,7,Heather Mills,1.0942024088643867,8.095238095238095,percentage,"[0.19425407 0.15847129 0.19413233 0.12705356 0.02312034 0.17250774
 0.13046066]",4,4,True,4,True,True,"[0.30601877 0.29964776 0.35883822 0.29175945 0.15841445 0.29603715
 0.28928419]",[ 8  8  3  7 12  9  8]
4,7,6,John Ratzenberger,1.2720281268728126,8.583333333333334,percentage,[0.03802194 0.18769578 0.15654032 0.16854864 0.23636727 0.21282605],0,0,True,0,True,True,[0.18365301 0.36245306 0.34747883 0.34330592 0.35934461 0.40376457],[11  6  6  7  7  3]
4,8,5,Billy Ray Cyrus,1.1803954139750517,8.366666666666667,percentage,[0.23993901 0.25061412 0.21392914 0.06085916 0.23465857],3,3,True,3,True,True,[0.42719    0.4617695  0.44500484 0.21225359 0.45378208],[ 6  4  5 10  5]
4,9,4,Ian Ziering,0.13819269959814184,9.875,percentage,[0.06029878 0.33265631 0.3148491  0.29219581],0,0,True,0,True,True,[0.30502452 0.58582086 0.56379425 0.54536037],[8 2 5 4]
5,1,12,Josie Maran,0.9374742794825669,7.138888888888888,percentage,"[0.1076943  0.08174064 0.07238876 0.1240352  0.09956253 0.01365745
 0.08997773 0.08684809 0.07401763 0.0780147  0.0646686  0.10739437]",5,5,True,5,True,True,"[0.18940636 0.17512586 0.17355608 0.20574726 0.16960144 0.07591426
 0.17168979 0.18412436 0.16740284 0.15194466 0.14638066 0.18910643]",[ 7 10 11  6 15 24 10  8 12 18 16  8]
5,2,11,Albert Reed,1.0756508696544755,7.212121212121212,percentage,"[0.10234175 0.1150033  0.0598158  0.14273947 0.06910045 0.00979163
 0.06803517 0.07510907 0.14463102 0.08253525 0.13089709]",5,5,True,5,True,True,"[0.19057704 0.20323859 0.1690595  0.23097477 0.15733574 0.09802693
 0.18148054 0.17174772 0.20765623 0.18337558 0.20652735]",[10  9 12  7 13 16 10 11 12  9 13]
5,3,10,Wayne Newton,1.0376254944182253,7.966666666666667,percentage,"[0.12416166 0.08150086 0.12780383 0.10081551 0.13410471 0.11526225
 0.09626767 0.01931648 0.09758369 0.10318333]",7,7,True,7,True,True,"[0.22039597 0.19447157 0.24077454 0.20960212 0.22197082 0.21568066
 0.20923838 0.09463029 0.2063703  0.18686534]",[10 10  3 10  9 10  9 20 11 14]
5,4,9,Floyd Mayweather Jr. ,0.7370277311900889,8.666666666666664,percentage,"[0.13502302 0.08237839 0.07919485 0.13273876 0.01678042 0.17687704
 0.10640374 0.11726943 0.15333435]",4,4,True,4,True,True,"[0.25040764 0.1934895  0.20739997 0.24812338 0.11507102 0.29226165
 0.21751485 0.22838054 0.24735144]",[ 5 12  9  6 17  3 11 10 11]
5,5,8,Mark Cuban,0.9344858955002417,8.291666666666666,percentage,"[0.13133093 0.12814346 0.15561243 0.09956856 0.14482966 0.19124643
 0.12832985 0.02093868]",7,7,True,7,True,True,"[0.2619842  0.25879673 0.29631595 0.2251967  0.26040755 0.33697507
 0.23385749 0.12646632]",[ 7  9  4 12  9  2 12 15]
5,6,7,Sabrina Bryan,0.8676603408708857,8.571428571428571,percentage,"[0.16642888 0.17929933 0.02157876 0.14296665 0.15419734 0.17769814
 0.1578309 ]",2,2,True,2,True,True,"[0.30531777 0.30152155 0.16046765 0.29296665 0.3097529  0.34436481
 0.28560868]",[ 7  8 11  9  7  3 10]
5,7,6,Jane Seymour,0.2151657414559675,8.666666666666666,percentage,[0.19998839 0.02889606 0.19068815 0.21234935 0.18464091 0.18343714],1,1,True,1,True,True,[0.36344993 0.18915247 0.36055994 0.37901602 0.35771783 0.35010381],[ 7 12  5  4  5  8]
5,8,5,Cameron Mathison,0.5436502143433365,8.766666666666667,percentage,[0.04361217 0.25946521 0.22739865 0.21878589 0.25073808],0,0,True,0,True,True,[0.23752852 0.44957927 0.44412869 0.43171365 0.43704987],[8 5 4 6 7]
5,9,4,Jennie Garth,0.27638539919628313,9.75,percentage,[0.06180281 0.28442955 0.32035049 0.33341715],0,0,True,0,True,True,[0.30966605 0.54083981 0.57676074 0.57273339],[7 4 3 5]
6,3,10,Steve Guttenberg,0.8273115763993905,7.6,percentage,"[0.07354156 0.01088305 0.10532319 0.09942332 0.14723535 0.13623682
 0.1054785  0.13892114 0.08026367 0.1026934 ]",1,1,True,1,True,True,"[0.18319068 0.10298831 0.21935828 0.19152859 0.25249851 0.21957016
 0.20635569 0.25734219 0.17236893 0.19479867]",[12 16  7 13  5 13  9  3 14 12]
6,4,9,Adam Carolla,1.0540925533894596,8.333333333333334,percentage,"[0.12036513 0.17201591 0.11995638 0.13221584 0.15566788 0.08368638
 0.08962523 0.02246124 0.104006  ]",7,7,True,7,True,True,"[0.23592068 0.26979369 0.22662305 0.25666029 0.26233455 0.21257526
 0.21851412 0.10690569 0.21067267]",[ 8  9 10  6  7  9  8 18 11]
6,5,8,Priscilla Presley,0.8819171036881968,8.166666666666666,percentage,"[0.16281623 0.02217863 0.11551371 0.12684959 0.13730902 0.15357587
 0.12322358 0.15853336]",1,1,True,1,True,True,"[0.28016317 0.12932149 0.22775861 0.24419653 0.259758   0.29133097
 0.27118277 0.29628847]",[ 6 16 14 10  8  5  7  4]
6,6,7,Marlee Matlin,0.920908552657796,8.571428571428571,percentage,"[0.16123954 0.02770223 0.13618792 0.19095493 0.18813237 0.17116907
 0.12461394]",1,1,True,1,True,True,"[0.31123954 0.1443689  0.26952126 0.33539937 0.3214657  0.33783573
 0.28016949]",[ 7 14 10  5  7  4  8]
6,7,6,Shannon Elizabeth,0.47871355387816883,8.583333333333334,percentage,[0.20566106 0.02996153 0.19880411 0.15975011 0.19918151 0.20664168],1,1,True,1,True,True,[0.35452838 0.19501007 0.3670889  0.33774364 0.37393879 0.37169022],[ 8 10  7  6  5  5]
6,8,5,Mario,0.40276819911981887,8.9,percentage,[0.20929512 0.23834656 0.30494412 0.20653178 0.04088242],4,4,True,4,True,True,[0.42277827 0.42561248 0.49970068 0.41252429 0.23938429],[4 7 5 6 8]
6,9,4,Marissa Jaret Winokur,0.3118047822311621,9.166666666666666,percentage,[0.32002881 0.06476873 0.32930247 0.2859    ],1,1,True,1,True,True,[0.57457426 0.30113236 0.57930247 0.54499091],[4 8 4 4]
7,2,11,Kim Kardashian,0.9791208740244554,6.696969696969696,percentage,"[0.10260983 0.07148439 0.07517643 0.09066661 0.10675723 0.16136643
 0.06799924 0.09481214 0.01307451 0.0854112  0.130642  ]",8,8,True,8,True,True,"[0.17048313 0.16650701 0.17019905 0.18568923 0.19273008 0.26996372
 0.17207164 0.18530988 0.08999758 0.15780939 0.23923928]",[15 13 12 10 11  2 13 12 20 17  3]
7,4,9,Rocco DiSpirito,0.818174890162019,7.518518518518519,percentage,"[0.14591242 0.10470619 0.09683823 0.13243147 0.0907111  0.12827509
 0.16118577 0.02183021 0.11810953]",7,7,True,7,True,True,"[0.2542868  0.22293279 0.21013873 0.23095364 0.19908548 0.23664948
 0.28926459 0.11050016 0.24618834]",[ 7  9 11 11 13  9  2 18  6]
7,5,8,Toni Braxton,1.0265570828962434,8.125,percentage,"[0.13555586 0.15460602 0.1366578  0.13112867 0.1485245  0.02118666
 0.1448199  0.12752058]",5,5,True,5,True,True,"[0.24324816 0.26742653 0.28024755 0.26959021 0.27672963 0.13400718
 0.25251221 0.27623853]",[12  6  6  9  6 13 10  8]
7,6,7,Cloris Leachman,1.2399253872658607,7.6190476190476195,percentage,"[0.03840026 0.16215636 0.13737254 0.19386086 0.16792847 0.1406715
 0.15961001]",0,0,True,0,True,True,"[0.13215026 0.30590636 0.28112254 0.32511086 0.32417847 0.3094215
 0.32211001]",[14  7 10  7  5  6  6]
7,7,6,Susan Lucci,0.9574271077563382,8.166666666666666,percentage,[0.0307934  0.20378701 0.17073309 0.22666187 0.19206945 0.17595519],0,0,True,0,True,True,[0.1940587  0.35344687 0.34080111 0.36951901 0.36213748 0.38003682],[10  7  7  7  5  5]
7,8,5,Maurice Greene,0.494413232473044,8.5,percentage,[0.26981086 0.04365604 0.20579378 0.24889564 0.23184368],1,1,True,1,True,True,[0.45804615 0.23189133 0.41755849 0.44497407 0.44752996],[5 9 6 5 4]
7,9,4,Cody Linley,0.6808389432653413,8.375,percentage,[0.06917603 0.30329436 0.30474863 0.32278098],0,0,True,0,True,True,[0.29803175 0.54707546 0.58833072 0.56656207],[8 5 3 3]
8,2,13,Belinda Carlisle,1.2092129356463175,6.794871794871796,percentage,"[0.06839929 0.06396011 0.0837947  0.07401497 0.05135576 0.08805456
 0.07879591 0.01026951 0.0913191  0.085736   0.07147546 0.16721535
 0.06560928]",7,7,True,7,True,True,"[0.17028608 0.14320539 0.14794564 0.14948667 0.12682746 0.1786206
 0.14294685 0.07819404 0.1667908  0.17252845 0.12430565 0.23513988
 0.16372249]",[10 16 16 13 18  6 17 22  8  8 21 10 12]
8,3,12,Denise Richards,1.7734321888347075,7.055555555555556,percentage,"[0.07202525 0.01384499 0.07698537 0.12432678 0.06371561 0.0832048
 0.1733995  0.0733063  0.09699274 0.07339805 0.07555923 0.07324138]",1,1,True,1,True,True,"[0.17832446 0.07683712 0.17147356 0.20306694 0.15426679 0.18950401
 0.21276958 0.16385748 0.19541794 0.13245317 0.14248836 0.17954059]",[11 22 10 10 17  5 13 14  7 18 15 10]
8,5,9,David Alan Grier,1.0886621079036343,7.777777777777778,percentage,"[0.09379308 0.01634245 0.14557587 0.17321682 0.11241668 0.11898818
 0.08839365 0.1521827  0.09909057]",1,1,True,1,True,True,"[0.23188832 0.12110436 0.24081397 0.27321682 0.2362262  0.22851199
 0.21220317 0.23789698 0.21813819]",[ 8 15 11  8  7  9 10 11 10]
8,6,8,Steve-O,1.3616778865306827,7.75,percentage,"[0.10765341 0.14231147 0.18682943 0.13248679 0.13627198 0.1204205
 0.02928697 0.14473945]",6,6,True,6,True,True,"[0.24743836 0.26059104 0.28360362 0.27227174 0.25992789 0.27095813
 0.11530847 0.28990074]",[10  9  8  8  9  7 16  4]
8,7,7,Lawrence Taylor,0.835710894037345,8.666666666666666,percentage,"[0.1591494  0.02786491 0.15840196 0.12816887 0.16636275 0.1459376
 0.21411451]",1,1,True,1,True,True,"[0.30750105 0.14324953 0.29027009 0.28201503 0.3147144  0.28879474
 0.37345516]",[ 6 14 10  8  5 10  2]
8,8,6,Chuck Wicks,0.5357583756107197,8.666666666666666,percentage,[0.16927995 0.22993354 0.17401251 0.02906127 0.17488875 0.22282397],3,3,True,3,True,True,[0.34556201 0.39660021 0.34067918 0.19252281 0.35437593 0.37025987],[ 7  4  7 11  4  8]
8,9,5,Lil' Kim,0.6798692684790381,8.9,percentage,[0.23455661 0.25616237 0.23947981 0.04091966 0.22888155],3,3,True,3,True,True,[0.44429444 0.42844702 0.44921763 0.23567622 0.44236469],[5 6 4 9 5]
8,10,4,Ty Murray,0.720484019407941,9.125,percentage,[0.28929086 0.07334461 0.29204719 0.34531734],1,1,True,1,True,True,[0.56326346 0.29252269 0.54775495 0.5964589 ],[4 8 4 4]
9,2,14,Kathy Ireland,0.9920317455237934,6.999999999999999,percentage,"[0.03954143 0.05905239 0.06017377 0.07987594 0.0802444  0.05904927
 0.0734203  0.16110114 0.00771569 0.05638906 0.06083268 0.08045486
 0.06267467 0.1194744 ]",8,8,True,8,True,True,"[0.11097    0.12367824 0.13160234 0.14450179 0.15167297 0.12367512
 0.14144751 0.22912835 0.06894018 0.11761355 0.15266941 0.1722916
 0.14770868 0.18410025]",[17 19 13 14  8 20 13  8 27 25  9  4 10 11]
9,3,13,Debi Mazar,1.23928676652252,6.615384615384615,percentage,"[0.00988312 0.07339441 0.07066319 0.08788807 0.07779231 0.1034987
 0.1011055  0.10953778 0.07413629 0.05892096 0.05295569 0.07281455
 0.10740945]",0,0,True,0,True,True,"[0.0757746  0.14703783 0.14043063 0.15377954 0.1785675  0.18101808
 0.15536906 0.19868506 0.13227582 0.14031631 0.15760685 0.1542099
 0.18492883]",[23 16 19 15  8  9 17  4 19 15 13 13  8]
9,4,11,Chuck Liddell,1.4564381625088383,7.333333333333334,percentage,"[0.06389573 0.07312897 0.01569037 0.08052965 0.12017027 0.11625571
 0.12766656 0.12038669 0.08718457 0.07663243 0.11845905]",2,2,True,2,True,True,"[0.17959821 0.16403807 0.0859383  0.1797032  0.18628597 0.18237141
 0.23510457 0.19476686 0.20288705 0.17580598 0.21350037]",[11 16 20 11 13 15  4 10  7 12 10]
9,5,10,Natalie Coughlin,0.7859884081701063,8.066666666666666,percentage,"[0.10529205 0.13758352 0.01339826 0.14185562 0.11974178 0.10347918
 0.10316531 0.09719431 0.08430772 0.09398226]",2,2,True,2,True,True,"[0.20033337 0.24502153 0.10430735 0.23276471 0.20651864 0.20265273
 0.20233886 0.20876456 0.20414243 0.19315582]",[11  5 18  9 13  9 10  9 10 12]
9,8,5,Aaron Carter,0.5637178175095922,8.733333333333334,percentage,[0.21327666 0.04094974 0.18995016 0.27262097 0.28320247],1,1,True,1,True,True,[0.41174995 0.23178943 0.415141   0.46346066 0.47785896],[5 9 5 6 4]
9,9,4,Joanna Krupa,0.527048034061728,8.888858333333333,percentage,[0.06186164 0.30920638 0.31995919 0.30897278],0,0,True,0,True,True,[0.31498751 0.58108138 0.55120936 0.55272174],[6 3 5 6]
10,2,11,Shannen Doherty,1.4213381090374029,6.666666666666666,percentage,"[0.07909444 0.00949893 0.11213131 0.13612898 0.10950147 0.0781997
 0.07478438 0.10044402 0.08073456 0.12077038 0.09871183]",1,1,True,1,True,True,"[0.16545808 0.10040803 0.20758586 0.19067443 0.18222874 0.18729061
 0.17478438 0.22771675 0.18528002 0.1889522  0.18962092]",[16 17  8 12 13 11 14  6 10 12 12]
10,3,10,Buzz Aldrin,1.2023125864580955,6.7666666666666675,percentage,"[0.09103898 0.10534534 0.02060918 0.11190087 0.15454006 0.09184777
 0.14042454 0.09492033 0.07923773 0.1101352 ]",2,2,True,2,True,True,"[0.18956115 0.20879362 0.08464859 0.21042304 0.28261887 0.19529605
 0.25372503 0.20822082 0.15312935 0.21358347]",[15  9 20 10  2 11  4  8 18  8]
10,4,9,Aiden Turner,1.151429004200727,6.87037037037037,percentage,"[0.01871015 0.10393595 0.12478543 0.13225036 0.12723775 0.14779607
 0.11152269 0.10285993 0.13090167]",0,0,True,0,True,True,"[0.10765894 0.20097099 0.24338382 0.27241209 0.25392238 0.28256696
 0.21664398 0.1891133  0.23332754]",[17 14  9  3  7  3 11 17  9]
10,5,8,Kate Gosselin,1.4713702985841313,7.208333333333334,percentage,"[0.14522039 0.16913366 0.11480485 0.13673779 0.10647637 0.18244538
 0.0281894  0.11699217]",6,6,True,6,True,True,"[0.24926663 0.2731799  0.27087421 0.25812507 0.27410643 0.30961301
 0.1148946  0.24994015]",[ 9  8  8  9  8  5 16  8]
10,6,7,Jake Pavelka,1.2777593415331712,9.952347619047618,percentage,"[0.16091486 0.13932695 0.2027688  0.16045901 0.17348616 0.13389003
 0.02915419]",6,6,True,6,True,True,"[0.28531623 0.28765233 0.33195583 0.3039992  0.34573506 0.29657
 0.14877134]",[ 9  8  6  8  3  8 14]
10,7,6,Pamela Anderson,0.2952818281315182,8.638888888888888,percentage,[0.17980107 0.21482774 0.21423346 0.02981521 0.18437908 0.17694344],3,0,False,3,True,False,[0.33735734 0.38203031 0.3878669  0.19380235 0.35801252 0.34093058],[10  4  3 10  4  9]
10,8,5,Niecy Nash,0.9752492558885197,8.433333333333334,percentage,[0.05260766 0.25558066 0.22272936 0.24629029 0.22279204],0,0,True,0,True,True,[0.22256813 0.43344627 0.43221552 0.47949187 0.43227821],[10  5  6  3  5]
10,9,4,Chad Ochocinco,0.4787135538781695,9.416666666666668,percentage,[0.06604561 0.30296423 0.3276008  0.30338935],0,0,True,0,True,True,[0.29613411 0.56402618 0.58866275 0.55117696],[8 4 2 5]
11,1,12,David Hasselhoff,1.0754700379225521,6.305555555555556,percentage,"[0.01321529 0.07974516 0.07505732 0.06257503 0.08500284 0.08692603
 0.1052211  0.09128156 0.10636634 0.12912764 0.08815533 0.07732634]",0,0,True,0,True,True,"[0.07929459 0.15904032 0.17637891 0.16830191 0.18191914 0.17062647
 0.1713004  0.16176614 0.20768793 0.19520694 0.17185577 0.1566215 ]",[22 15 12 12 11 11 13 13  4 11 10 16]
11,2,11,Michael Bolton,1.0488526242349563,6.696969696969696,percentage,"[0.06417727 0.09769225 0.13484686 0.10791928 0.0805537  0.13540596
 0.02256874 0.09000594 0.08082807 0.10136621 0.08463572]",6,6,True,6,True,True,"[0.15015012 0.19723976 0.24344414 0.2029419  0.17557633 0.21685392
 0.07686739 0.18502857 0.16227603 0.20543861 0.18418323]",[18  8  3  8 14 10 22 11 17  6 10]
11,3,10,Margaret Cho,0.8359957469322967,7.366666666666667,percentage,"[0.18001898 0.075433   0.08821812 0.11109736 0.09153466 0.01773976
 0.07897458 0.11790897 0.12195112 0.11712346]",5,5,True,5,True,True,"[0.27051672 0.1795054  0.1968154  0.21969465 0.19560706 0.09918773
 0.18757186 0.20840671 0.23959818 0.20309631]",[ 8 14  9  7 11 20 10 10  3 13]
11,4,9,The Situation,1.3895060357262274,6.62962962962963,percentage,"[0.14496285 0.14621493 0.10560863 0.15463705 0.11436343 0.12051843
 0.02327371 0.10036792 0.09005303]",6,6,True,6,True,True,"[0.24272822 0.25794678 0.26203321 0.2635756  0.2093355  0.25459664
 0.10148601 0.22885954 0.17943851]",[ 9  6  7  6 12  6 18 10 16]
11,5,8,Florence Henderson,0.9090593428863096,7.583333333333334,percentage,"[0.02167901 0.14782176 0.11456003 0.15620653 0.16205914 0.11616423
 0.10907059 0.17243872]",0,0,True,0,True,True,"[0.13706362 0.25771187 0.25192267 0.28807466 0.29392727 0.26451588
 0.23544422 0.27133982]",[14 11  8  6  5  6 12  9]
11,6,7,Audrina Patridge,1.3075730927658191,9.857109523809525,percentage,"[0.15133817 0.15313573 0.19333004 0.20163571 0.12557175 0.01911411
 0.15587448]",5,0,False,5,True,False,"[0.29626572 0.29323282 0.33825807 0.30791578 0.2994849  0.17370304
 0.29113968]",[9 9 5 8 7 9 9]
11,7,6,Rick Fox,0.3662165798176447,8.6875,percentage,[0.24079283 0.17420014 0.02792513 0.18459188 0.16848985 0.20400016],2,2,True,2,True,True,[0.4014643  0.34926009 0.19339276 0.35245759 0.3435498  0.35987546],[ 6  5 10  6  6  8]
11,8,5,Kurt Warner,0.7527726527090811,8.833333333333334,percentage,[0.26897115 0.22068118 0.04815935 0.20901848 0.25316984],2,2,True,2,True,True,[0.48029191 0.43577552 0.22929142 0.42411282 0.43052833],[4 4 9 5 7]
11,9,4,Brandy,0.4249182927993984,9.5,percentage,[0.30557483 0.29131568 0.06342664 0.33968285],2,2,True,2,True,True,[0.5599608  0.55447357 0.31342664 0.57213899],[4 4 7 5]
12,2,11,Mike Catherwood,0.7948410332487275,6.545454545454546,percentage,"[0.05607159 0.1323976  0.09443725 0.06712955 0.10106142 0.11752818
 0.12489026 0.01323595 0.07742712 0.12022875 0.09559235]",7,7,True,7,True,True,"[0.15329381 0.21573093 0.18702984 0.17361103 0.17976512 0.22400966
 0.20822359 0.09193966 0.1839086  0.19893245 0.18355531]",[14  8 12 10 14  5  9 20  9 12 12]
12,3,10,Wendy Williams,0.9213516640723503,7.133333333333335,percentage,"[0.08345498 0.10039819 0.11696474 0.1244184  0.09117282 0.15196933
 0.1389697  0.09230769 0.02269274 0.0776514 ]",8,8,True,8,True,True,"[0.18158583 0.20787482 0.21509558 0.24124083 0.18463077 0.25010017
 0.25579213 0.18576564 0.0927862  0.18512803]",[13  8  9  4 15  6  3 14 20 12]
12,4,9,Sugar Ray Leonard,0.7608384660805236,7.62962962962963,percentage,"[0.10604872 0.10707656 0.11342906 0.11083105 0.01541606 0.10546388
 0.1493465  0.1698909  0.12249726]",4,4,True,4,True,True,"[0.22740795 0.23329015 0.22022518 0.23219028 0.11735781 0.21711436
 0.26099699 0.28154138 0.2098759 ]",[ 9  7 11  7 17 12  6  5 12]
12,5,8,Petra Nemcova,0.6821127309893708,8.083333333333334,percentage,"[0.14912458 0.11794114 0.14465135 0.17015638 0.11969998 0.01890936
 0.15017349 0.12934372]",5,5,True,5,True,True,"[0.26252665 0.25196176 0.26320805 0.30933163 0.25372059 0.13231142
 0.28419411 0.24274578]",[ 9  9  9  2  8 14  4 11]
12,6,7,Chris Jericho,0.6834619092574918,8.571428571428573,percentage,"[0.1767462  0.11009177 0.12594715 0.2038588  0.02694179 0.22281224
 0.13360205]",4,4,True,4,True,True,"[0.31007953 0.26564732 0.27039159 0.3538588  0.14916402 0.3783678
 0.27249094]",[ 9  7  9  5 14  2  9]
12,7,6,Kendra Wilkinson,0.32609324671871937,7.854166666666667,percentage,[0.21745958 0.17074289 0.19413651 0.1836376  0.20670089 0.02732254],5,5,True,5,True,True,[0.39252589 0.34050416 0.3532877  0.35870391 0.36585208 0.18912625],[ 2  8  8  5  7 10]
12,8,5,Romeo,0.5270462766947297,8.666666666666666,percentage,[0.25289645 0.21933923 0.22938725 0.25896977 0.0394073 ],4,4,True,4,True,True,[0.42981953 0.43087769 0.43323341 0.46666208 0.2394073 ],[7 5 6 3 9]
12,9,4,Ralph Macchio,1.5427923817978013,9.791666666666666,percentage,[0.08026507 0.27540353 0.34291035 0.30142105],0,0,True,0,True,True,[0.28452039 0.58604182 0.57269758 0.5567402 ],[8 4 4 4]
13,1,12,Metta World Peace (Ron),0.8655798028268267,6.027777777777778,percentage,"[0.06762099 0.0802696  0.10008285 0.04815177 0.0130307  0.09678205
 0.0926128  0.08361995 0.09659825 0.08691819 0.12537215 0.1089407 ]",4,4,True,4,True,True,"[0.13674541 0.16321891 0.19224875 0.14953426 0.07754683 0.19355624
 0.19399529 0.17117756 0.17493927 0.1652592  0.19910487 0.18267342]",[21 15  7 12 24  7  7 13 12 14 10 11]
13,2,11,Elisabetta Canalis,0.6210273191490665,6.757575757575757,percentage,"[0.00774067 0.1435727  0.09273463 0.05782679 0.08493319 0.06994877
 0.07485825 0.201099   0.11734389 0.06982524 0.08011688]",0,0,True,0,True,True,"[0.10191108 0.22429019 0.19587364 0.1564815  0.17013499 0.16411917
 0.17351296 0.28181649 0.19357707 0.16399564 0.17428728]",[15 11  5 12 13 12  9 10 14 13 10]
13,3,10,Kristin Cavallari,0.8306623862918073,7.9,percentage,"[0.09643135 0.1282683  0.09022796 0.09981095 0.11285466 0.01138064
 0.10276824 0.11326824 0.12247534 0.12251432]",5,5,True,5,True,True,"[0.19769717 0.24219235 0.19993261 0.20107677 0.22255931 0.11264646
 0.19981466 0.1892176  0.21108294 0.22378014]",[12  2 11 11  7 14 14 14 12  6]
13,4,9,Chynna Phillips,0.9132465189583667,7.740740740740741,percentage,"[0.10324023 0.08740987 0.09500323 0.09955279 0.01527781 0.15498841
 0.14611668 0.15203586 0.14637511]",4,4,True,4,True,True,"[0.21328808 0.22616585 0.21940514 0.21438532 0.11575628 0.25068219
 0.24659515 0.25251432 0.26120765]",[10  9  9  9 15 10 10  8  6]
13,5,8,Carson Kressley,0.8660254037844389,7.833333333333334,percentage,"[0.14757702 0.14924376 0.14918767 0.15410896 0.02589782 0.15450832
 0.12838458 0.09109186]",4,4,True,4,True,True,"[0.28055575 0.27690334 0.29812384 0.28176854 0.12696165 0.26621045
 0.24540586 0.22407058]",[ 7  7  5  6 16  8 12  9]
13,6,7,Chaz Bono,1.2307474269828649,7.904761904761905,percentage,"[0.20221676 0.10300084 0.15495784 0.16272052 0.0289835  0.18818568
 0.15993486]",4,4,True,4,True,True,"[0.34077097 0.27769963 0.32965664 0.28320245 0.14344134 0.332764
 0.29246498]",[ 5  7  6  9 14  5  9]
13,7,6,David Arquette,0.4851180332381387,8.13888888888889,percentage,[0.02993346 0.2028699  0.18967263 0.16027093 0.20727335 0.20997974],0,0,True,0,True,True,[0.19034301 0.38375727 0.35349515 0.33091939 0.35744399 0.38404117],[11  4  8  8  8  3]
13,8,5,Nancy Grace,0.8459051693633014,8.633333333333333,percentage,[0.25477054 0.19532242 0.23874319 0.05107081 0.26009304],3,3,True,3,True,True,[0.45554274 0.42698265 0.43951539 0.22095498 0.45700424],[ 4  5  5 10  5]
13,9,4,Hope Solo,1.2040167153174777,9.874958333333334,percentage,[0.29381491 0.31978468 0.07351378 0.31288663],2,2,True,2,True,True,[0.57651568 0.5560726  0.28026402 0.5871477 ],[4 4 8 4]
14,2,12,Martina Navratilova,0.9275448809479999,7.472222222222222,percentage,"[0.07682068 0.08791071 0.09189799 0.1246026  0.06847884 0.07182011
 0.01400061 0.07623759 0.13505858 0.0852691  0.06629888 0.10160431]",6,6,True,6,True,True,"[0.16975748 0.16597762 0.17739985 0.20638699 0.16513311 0.14616956
 0.07719764 0.16545693 0.21312549 0.15590107 0.16295316 0.19454111]",[10 13 10  9 11 19 24 13  9 17 12  6]
14,3,11,Jack Wagner,0.5749595745760688,8.484848484848486,percentage,"[0.08019326 0.00944468 0.14762403 0.0870303  0.12879336 0.1075012
 0.05993176 0.08774386 0.09199245 0.11370988 0.08603523]",1,1,True,1,True,True,"[0.18019326 0.09515896 0.23333831 0.17631601 0.21807907 0.19321549
 0.1527889  0.17345814 0.17770673 0.21728131 0.18246381]",[11 18  8 12  7 11 14 13 12  4 11]
14,4,10,Sherri Sheperd,0.7461009761866462,7.7666666666666675,percentage,"[0.13839409 0.01322731 0.1488584  0.07674813 0.11387211 0.06278348
 0.09975534 0.14453639 0.13100167 0.07082309]",1,1,True,1,True,True,"[0.23281469 0.10335606 0.243279   0.18833611 0.20829271 0.17866331
 0.19846778 0.2303733  0.23400597 0.18241108]",[ 9 19  7  9 11 10 11 12  8 10]
14,5,9,Gavin DeGraw,1.1270462262742917,8.296296296296296,percentage,"[0.15871387 0.11516799 0.11848067 0.1415026  0.13635391 0.02121683
 0.089205   0.11936668 0.09999245]",5,5,True,5,True,True,"[0.28817816 0.22231084 0.2345521  0.2352526  0.25688962 0.10603826
 0.18741929 0.24883097 0.22052816]",[ 2 12 10 10  6 18 15  5 10]
14,6,8,Gladys Knight,1.587706898366801,10.749970833333332,percentage,"[0.19685036 0.1519447  0.10375247 0.12890137 0.14821173 0.02482198
 0.13048572 0.11503167]",5,5,True,5,True,True,"[0.33638563 0.29535516 0.21227912 0.24518076 0.27999464 0.11784549
 0.28164853 0.23131066]",[ 4  4 14 10  7 16  5 12]
14,7,7,Jaleel White,0.47020042043170246,8.738095238095239,percentage,"[0.14235164 0.02173856 0.15311875 0.18157771 0.15393942 0.18604787
 0.16122605]",1,1,True,1,True,True,"[0.28676581 0.16070314 0.29480812 0.3096431  0.29835359 0.33318684
 0.3165394 ]",[ 9 13 10  9  7  3  4]
14,9,4,Maria Menounos,0.1863389981249824,9.583333333333334,percentage,[0.32924103 0.30330267 0.30452314 0.06293316],3,1,False,3,True,False,[0.58141495 0.55112875 0.5480014  0.3194549 ],[3 6 6 5]
15,1,13,Pamela Anderson,0.6392282493496364,7.08974358974359,percentage,"[0.05114342 0.13357083 0.06620104 0.09394009 0.06481942 0.06343823
 0.05955943 0.01111238 0.08002441 0.11762299 0.09559623 0.04755023
 0.11542129]",7,7,True,7,True,True,"[0.1379427  0.21494515 0.13491714 0.17169778 0.14438543 0.15204583
 0.13912543 0.0725952  0.15778209 0.19176404 0.17335392 0.11807464
 0.19137065]",[13  4 19 11 12 10 14 26 12 12 10 23 12]
15,2,12,Joey Fatone,0.6972166887783962,7.666666666666665,percentage,"[0.08760406 0.09168666 0.07545156 0.08850789 0.08627103 0.10615733
 0.10094662 0.05733142 0.00802488 0.12251316 0.09390833 0.08159705]",8,2,False,8,True,False,"[0.17999537 0.18588956 0.15153851 0.16821803 0.17503914 0.18767907
 0.19152633 0.14066475 0.08954662 0.2040349  0.15912572 0.16674198]",[ 9  6 21 16 12  9  6 17 19  8 16 14]
15,4,9,Bristol Palin,0.752567621341337,8.930555555555555,percentage,"[0.11350442 0.09121259 0.15294137 0.14156625 0.13990819 0.1133887
 0.10629968 0.01628224 0.12489656]",7,7,True,7,True,True,"[0.23636601 0.2016325  0.24625397 0.258207   0.24721768 0.22536381
 0.22916126 0.11581567 0.23998209]",[ 6 14 10  5 10 11  8 17  8]
15,6,8,Sabrina Bryan,0.4330127018922194,9.416666666666666,percentage,"[0.09981224 0.01450881 0.14395369 0.13342621 0.14113633 0.18379656
 0.12445894 0.15890721]",1,0,False,1,True,False,"[0.22149366 0.14725217 0.26563511 0.25289524 0.27387969 0.3010532
 0.24835275 0.28943818]",[12  9  8 12  5  9 10  5]
16,3,11,Wynonna Judd,1.1999231689208822,7.121200000000001,percentage,"[0.0690854  0.11723091 0.10578101 0.09737174 0.0872925  0.11860928
 0.10511832 0.01816112 0.10493705 0.1106625  0.06575017]",7,7,True,7,True,True,"[0.15844725 0.22786855 0.20365351 0.19524425 0.19793014 0.1866945
 0.1817142  0.08199102 0.21132021 0.20002436 0.15511202]",[15  3  8 11  9 11 14 22  9  9 16]
16,4,10,Lisa Vanderpump,1.0456258094238746,7.466666666666667,percentage,"[0.09830439 0.16793912 0.11668871 0.08821997 0.08221067 0.13981488
 0.06730533 0.12971269 0.01652278 0.09328147]",8,8,True,8,True,True,"[0.20098296 0.28401055 0.19704585 0.20875569 0.18935352 0.23356488
 0.16105533 0.24578412 0.09687992 0.18256718]",[10  3 13  8 12  8 15  5 19 14]
16,5,9,D. L. Hughley,1.235061629669116,7.74074074074074,percentage,"[0.1162038  0.0836404  0.17164918 0.14334003 0.11136507 0.02160945
 0.13186575 0.12102662 0.09929968]",5,5,True,5,True,True,"[0.21668227 0.22239638 0.27212765 0.26295726 0.23576699 0.10773386
 0.21799016 0.25021323 0.21413222]",[11  9  7  6  9 17 11  6 12]
16,6,8,Victor Ortiz,0.7473912964438373,7.854166666666667,percentage,"[0.17612051 0.10069938 0.02105167 0.14482206 0.16016865 0.13014894
 0.12751402 0.13947477]",2,2,True,2,True,True,"[0.29813643 0.23597789 0.12715247 0.28275309 0.27953205 0.24420729
 0.27075009 0.26149069]",[ 5 10 16  5  8 12  7  8]
16,7,7,Andy Dick,1.5297503242103816,8.761904761904761,percentage,"[0.18153662 0.17434874 0.14804215 0.14666155 0.04111594 0.12956517
 0.17872983]",4,4,True,4,True,True,"[0.31740619 0.33739222 0.3219552  0.29340068 0.13350725 0.28717386
 0.30916462]",[ 6  5  5  9 14  9  8]
16,8,6,Sean Lowe,0.9048054152723517,8.638888888888888,percentage,[0.19673596 0.17282795 0.16167857 0.23010163 0.2004447  0.03821119],5,5,True,5,True,True,[0.35107679 0.35932313 0.34174288 0.3973042  0.37729358 0.17325943],[ 8  5  7  5  5 12]
16,9,5,Ingo Rademacher,0.5120763831912408,9.4,percentage,[0.04302672 0.26090323 0.25216196 0.19716746 0.24674063],0,0,True,0,True,True,[0.22387778 0.4559387  0.46138182 0.40638732 0.45241439],[10  5  3  5  6]
16,10,4,Alexandra Raisman,0.27639796226033725,9.749991666666666,percentage,[0.3080082  0.06589474 0.29101396 0.3350831 ],1,1,True,1,True,True,[0.56441867 0.3137582  0.53032955 0.59149358],[3 7 7 2]
17,2,12,Keyshawn Johnson,0.9702360664762766,7.388888888888889,percentage,"[0.09150599 0.09200677 0.08321949 0.07722867 0.10091954 0.07965021
 0.01230387 0.09235423 0.06725877 0.09560937 0.11746819 0.09047489]",6,6,True,6,True,True,"[0.16293456 0.17847294 0.17720445 0.16745424 0.1986639  0.16987577
 0.07997305 0.1713016  0.16124373 0.17079734 0.20769376 0.15438467]",[16 12 10 14  3 13 23 12 13 12  5 19]
17,3,11,Bill Nye,1.204521631172836,7.727272727272726,percentage,"[0.16197116 0.14290753 0.07667689 0.10386058 0.0922477  0.09183219
 0.04894533 0.10456721 0.0813904  0.07724437 0.01835663]",10,10,True,10,True,True,"[0.22471625 0.24878988 0.17471611 0.19797823 0.19420849 0.18594984
 0.14306298 0.20652799 0.17942962 0.16351888 0.08110173]",[11  3 13 10  7 12 16  5 11 17 21]
17,4,10,Valerie Harper,0.9433981132056604,7.9,percentage,"[0.01669809 0.09198581 0.09218318 0.11329902 0.18724121 0.09816504
 0.09669351 0.05990418 0.13967723 0.10415273]",0,0,True,0,True,True,"[0.09264746 0.18059341 0.20610723 0.21456484 0.30116526 0.21208909
 0.1853011  0.16117    0.24094305 0.20541855]",[20 16  8  7  2  6 14 13  6  8]
17,5,9,Christina Milian,0.6175308148345582,8.703703703703702,percentage,"[0.11340332 0.14711174 0.1229825  0.0986946  0.1091136  0.1213444
 0.01161006 0.14590481 0.12983496]",6,2,False,6,True,False,"[0.22829693 0.25775003 0.21659953 0.21784354 0.2197519  0.22347206
 0.130759   0.26079843 0.24472858]",[ 9  7 13  9 13 13 10  5  6]
17,7,8,"Nicole ""Snooki"" Polizzi",0.4925662673973704,9.229166666666668,percentage,"[0.10734933 0.17766826 0.14510929 0.14916705 0.12786433 0.16499988
 0.01670863 0.11113323]",6,6,True,6,True,True,"[0.2360175  0.29956442 0.26474811 0.28234989 0.26104718 0.2778667
 0.13860479 0.2398014 ]",[10  6 11  4  6 10 13  9]
17,8,7,Brant Daugherty,0.7095078297976828,9.142857142857142,percentage,"[0.02036565 0.15135889 0.2151415  0.13004127 0.16680438 0.17933485
 0.13695346]",0,0,True,0,True,True,"[0.16099065 0.28156722 0.36097483 0.28629127 0.31263771 0.30433485
 0.29320346]",[12 10  4  7  6  9  6]
17,9,6,Elizabeth Berkley Lauren,0.8593171276810011,8.75,percentage,[0.02446365 0.15048952 0.20801465 0.20112479 0.20773994 0.20816745],0,3,False,0,True,False,[0.20224143 0.32191809 0.39214163 0.36302955 0.34107328 0.37959602],[8 8 3 9 9 4]
17,10,5,Leah Remini,0.85146931829632,8.75,percentage,[0.0453204  0.2206354  0.26894845 0.22119746 0.2438983 ],0,0,True,0,True,True,[0.23103468 0.43492111 0.49466273 0.39262603 0.44675544],[9 6 2 8 5]
18,2,11,Sean Avery,0.9408590725006076,7.393939393939394,percentage,"[0.1077847  0.16120933 0.09144465 0.10750587 0.01142446 0.10502792
 0.09776653 0.06092828 0.07284398 0.06943331 0.11463097]",4,4,True,4,True,True,"[0.16926011 0.25956999 0.19390366 0.19357144 0.09749003 0.20748693
 0.19612718 0.1633873  0.15890955 0.15959725 0.20069654]",[14  5  8 11 18  6 10 11 15 15  9]
18,5,9,Cody Simpson,0.8146043499230655,8.944444444444445,percentage,"[0.14553033 0.10981596 0.11138729 0.14410563 0.08227403 0.11486703
 0.13787262 0.01307004 0.14107708]",7,7,True,7,True,True,"[0.26664835 0.23403956 0.22008294 0.25901246 0.19718086 0.22666827
 0.22482915 0.1186601  0.25287832]",[ 3  8 13  5 11 10 13 17  8]
18,6,8,Drew Carey,0.6702378309227255,8.8125,percentage,"[0.14258793 0.11317979 0.21661112 0.14285456 0.10277712 0.12494434
 0.0171262  0.13991893]",6,6,True,6,True,True,"[0.2702475  0.23729327 0.3300863  0.27051414 0.2375289  0.26678831
 0.13060138 0.2569402 ]",[ 6 11  8  5  9  6 15 10]
18,7,7,NeNe Leakes,0.44678557154274295,9.035714285714286,percentage,"[0.16604397 0.16676008 0.18272507 0.14030091 0.14400524 0.17637464
 0.02379008]",6,6,True,6,True,True,"[0.30833646 0.3051     0.32897013 0.28061712 0.29222659 0.33052484
 0.15422487]",[ 8  9  4 11  7  3 14]
18,8,6,Danica McKellar,0.4487637339278754,9.416666666666666,percentage,[0.02643499 0.21266387 0.205943   0.17538862 0.17903007 0.20053945],0,0,True,0,True,True,[0.19457658 0.3719559  0.36523504 0.35237977 0.35602122 0.35983149],[9 5 6 6 5 7]
18,9,5,Charlie White,0.33166247903553997,9.55,percentage,[0.2622176  0.24683127 0.03999547 0.22745576 0.2234999 ],2,2,True,2,True,True,[0.46117048 0.43531294 0.23894835 0.43164424 0.43292399],[4 7 8 5 5]
18,10,4,James Maslow,0.5270708723164698,9.555533333333333,percentage,[0.0611453  0.32780267 0.3239839  0.28706813],0,0,True,0,True,True,[0.31405287 0.55454564 0.58270485 0.54869664],[7 5 4 4]
19,1,13,Lolo Jones,1.1203470510484237,7.153846153846154,percentage,"[0.18600445 0.10175404 0.05578452 0.06675345 0.06030845 0.01216745
 0.04346628 0.08849417 0.06693044 0.12752314 0.07706259 0.05561058
 0.05814043]",5,5,True,5,True,True,"[0.25320876 0.1823992  0.14180603 0.14471044 0.15708264 0.07130724
 0.12679962 0.16107481 0.12069388 0.19472744 0.15501958 0.14163209
 0.14953828]",[11  9 13 14  9 25 17 13 19 12 12 14 11]
19,2,12,Tavis Smiley,0.7488416981504762,7.541666666666667,percentage,"[0.12607699 0.13329121 0.05834991 0.056908   0.08187633 0.09862336
 0.07272357 0.09050523 0.095618   0.00948615 0.09444448 0.08209678]",9,9,True,9,True,True,"[0.21171235 0.21616414 0.15503499 0.15083065 0.17027412 0.17597143
 0.15007163 0.1678533  0.16191634 0.08683422 0.1856047  0.16773214]",[ 7  8 11 13 12 11 17 14 16 20  8 12]
19,3,11,Randy Couture,1.073728346456156,8.022727272727273,percentage,"[0.10078404 0.09928416 0.1030591  0.07798674 0.11956341 0.01427409
 0.12372527 0.10234321 0.10966828 0.08764506 0.06166665]",5,5,True,5,True,True,"[0.18293701 0.18993572 0.19087779 0.19130118 0.21021497 0.08792848
 0.22004255 0.18449619 0.18898839 0.2009595  0.15231821]",[14 11 11 10  6 22  4 13 13  9 14]
19,4,10,Betsey Johnson,1.3738631664034087,8.0,percentage,"[0.10896653 0.13009137 0.09208994 0.09632016 0.09513689 0.09171131
 0.01473958 0.12958861 0.10015626 0.14119935]",6,5,False,6,True,False,"[0.19959153 0.20509137 0.21396494 0.20882016 0.22013689 0.17921131
 0.10536458 0.20771361 0.20328126 0.25682435]",[10 12 10 10  8 17 16 12 10  4]
19,6,9,Jonathan Bennett,0.8669159185737353,8.13888888888889,percentage,"[0.12233235 0.01377764 0.15612117 0.10059411 0.11812791 0.16361284
 0.13120615 0.08776687 0.10646097]",1,1,True,1,True,True,"[0.21789549 0.12299265 0.26533618 0.2132221  0.25123371 0.25917598
 0.23359523 0.21063377 0.22591489]",[12 14  7 11  6  9 10 10  9]
19,7,8,Antonio Sabato Jr.,0.7498372219188641,8.078125,percentage,"[0.0214403  0.15725618 0.14766305 0.11798944 0.14327866 0.15342492
 0.11723095 0.14171651]",0,0,True,0,True,True,"[0.13556022 0.2926527  0.27725686 0.24951748 0.25933281 0.26174213
 0.26229865 0.26163914]",[15  3  7  9 10 10  8 10]
19,8,7,Michael Waltrip,1.5746719775034717,8.857142857142858,percentage,"[0.19218471 0.18229044 0.15456579 0.18243684 0.03708783 0.11546755
 0.13596683]",4,4,True,4,True,True,"[0.32121697 0.35567754 0.31988838 0.29937233 0.13789428 0.27675787
 0.28919264]",[ 6  4  6  8 14  9  9]
19,9,6,Lea Thompson,0.855943274340589,8.916666666666666,percentage,[0.02846314 0.17274749 0.19084303 0.22883655 0.18044006 0.19866973],0,0,True,0,True,True,[0.19201455 0.35265403 0.37074957 0.36201412 0.35333725 0.36923048],[11  6  4  7  7  6]
19,10,5,Tommy Chong,0.7071067811865476,9.125,percentage,[0.25854174 0.22936945 0.04796936 0.19771027 0.26640918],2,2,True,2,True,True,[0.47224037 0.4348489  0.21783237 0.40592945 0.46914891],[ 3  6 10  6  5]
20,2,12,Redfoo,0.8444570083129684,7.229166666666667,percentage,"[0.0678674  0.08515739 0.07917269 0.10802413 0.06640894 0.06444902
 0.09729733 0.10483808 0.09986255 0.00703638 0.09174137 0.12814472]",9,5,False,9,True,False,"[0.14855905 0.17737641 0.17139171 0.20024315 0.16439165 0.14514066
 0.17798897 0.17976604 0.17767234 0.09637355 0.17243301 0.18866346]",[15  9 10  4 11 17 11 14 14 17 12 13]
20,3,11,Charlotte McKinney,1.099398783858893,7.113636363636363,percentage,"[0.14454615 0.12820199 0.11406776 0.10052227 0.07761124 0.11262986
 0.08513608 0.01652571 0.06826881 0.07771804 0.0747721 ]",7,7,True,7,True,True,"[0.22441836 0.23043841 0.22269396 0.20595358 0.18623744 0.18930718
 0.17778783 0.08681325 0.16411545 0.14800558 0.16422897]",[ 9  6  4  8  9 13 12 21 15 17 16]
20,4,10,Michael Sam,0.8961724164467461,8.125,percentage,"[0.13826656 0.10740333 0.08213409 0.16140028 0.11086217 0.01344087
 0.08219407 0.10259698 0.08677551 0.11492613]",5,5,True,5,True,True,"[0.22442041 0.22740333 0.18674947 0.26909259 0.2216314  0.10574856
 0.18680946 0.20105852 0.17908321 0.19800305]",[11  6 13  4  6 17 12 12 14 13]
20,5,9,Suzanne Somers,1.3647909440598052,7.861111111111111,percentage,"[0.01833105 0.18526579 0.11659609 0.10907418 0.1135903  0.11645778
 0.1289726  0.09502889 0.11668332]",0,7,False,0,True,False,"[0.11727098 0.30540714 0.2508717  0.24688337 0.24786591 0.20126344
 0.22791253 0.19043525 0.21208968]",[14  5  6  8  8 14  7 15 10]
20,6,8,Patti LaBelle,0.3630921887069453,8.84375,percentage,"[0.11663785 0.16308205 0.10508079 0.12166416 0.15517069 0.16694056
 0.01833648 0.15308743]",6,6,True,6,True,True,"[0.24561311 0.29735767 0.23052249 0.25063942 0.27354525 0.2870819
 0.13847782 0.27676234]",[ 8  3 11  7 11  7 14  9]
20,7,7,Willow Shields,0.8935711430854859,9.071428571428571,percentage,"[0.02307498 0.16596827 0.12649063 0.16416529 0.16347058 0.1497425
 0.20708775]",0,2,False,0,True,False,"[0.17661829 0.31163756 0.27215992 0.32558261 0.28551782 0.2993488
 0.32913499]",[ 9  6 10  4 10  8  7]
20,9,4,Nastia Liukin,0.2072890493972125,9.8125,percentage,[0.30687067 0.3128163  0.05697834 0.3233347 ],2,1,False,2,True,False,[0.56164774 0.56122394 0.31175541 0.56537292],[4 5 5 5]
21,4,10,Gary Busey,1.3012814197295426,7.866666666666667,percentage,"[0.02301781 0.12163197 0.1484044  0.09877716 0.15056619 0.11928105
 0.06332728 0.08465273 0.08813283 0.10220858]",0,0,True,0,True,True,"[0.09081442 0.21061502 0.2543366  0.20047208 0.24802382 0.23368783
 0.17773406 0.19905951 0.20677689 0.17847977]",[20 11  7 12  8  6 11 10  8 14]
21,6,9,Paula Deen,1.3933262448871613,8.694444444444445,percentage,"[0.13297058 0.123889   0.17743586 0.098361   0.10277686 0.10874949
 0.09784916 0.13342509 0.02454296]",8,8,True,8,True,True,"[0.22881723 0.24529475 0.27328251 0.22615653 0.23057239 0.23335013
 0.20008558 0.26122061 0.10122027]",[10  9  8  8  7  9 14  3 18]
21,7,8,Hayes Grier,0.24650332429581723,9.208333333333334,percentage,"[0.14396458 0.10373558 0.13434662 0.15474286 0.10419035 0.21500234
 0.014823   0.12919467]",6,2,False,6,True,False,"[0.26839897 0.23043242 0.25425612 0.28143969 0.22636229 0.33717428
 0.14151983 0.26041639]",[ 8  9 12  4 12  7 10  6]
21,8,7,Andy Grammer,0.9035189463144678,9.238066666666667,percentage,"[0.15141024 0.14702112 0.16051403 0.02702226 0.18229849 0.12255095
 0.20918292]",3,3,True,3,True,True,"[0.29058489 0.29650508 0.2893804  0.15073295 0.32662884 0.29265456
 0.35351327]",[ 9  7  9 14  5  7  4]
21,9,6,Alexa PenaVega,0.6899856860207902,9.138888888888888,percentage,[0.02761227 0.20462253 0.19266858 0.21847485 0.18545754 0.17116423],0,2,False,0,True,False,[0.20998309 0.36875627 0.34768378 0.36741102 0.35263079 0.35353505],[7 6 8 7 7 6]
22,2,12,Geraldo Rivera,1.003081671403766,6.555555555555556,percentage,"[0.07618351 0.09057526 0.07845568 0.05768999 0.13087662 0.07941293
 0.12801595 0.01736958 0.06537276 0.11936127 0.08137933 0.07530711]",7,7,True,7,True,True,"[0.13974283 0.17108373 0.16743873 0.14243576 0.21562239 0.1599214
 0.22971087 0.07245433 0.15011853 0.20834432 0.18307424 0.16005287]",[19 13 10 16  6 15  3 24 15  6  6 14]
22,3,11,Mischa Barton,0.6569540420811758,7.181818181818182,percentage,"[0.01420644 0.10874277 0.0884633  0.09724769 0.0860592  0.15398532
 0.08910399 0.08020402 0.09644424 0.11398495 0.07155807]",0,0,True,0,True,True,"[0.09015581 0.20156977 0.18550972 0.18163587 0.17044739 0.23837351
 0.18615041 0.18568925 0.18505184 0.21525077 0.16016566]",[22  8 10 12 16  9  9 10 11  4 16]
22,4,10,Marla Maples,0.9965565713997374,7.975,percentage,"[0.1124854  0.09707494 0.12190622 0.12418058 0.11965673 0.15195491
 0.07490889 0.10642468 0.07676471 0.01464295]",9,9,True,9,True,True,"[0.21279888 0.18171444 0.19714133 0.22449406 0.2293746  0.26480757
 0.18149196 0.21927735 0.18648257 0.10241725]",[11 16 13  8  7  2 14  7 11 18]
22,6,9,Doug Flutie,0.7662281802065629,8.407407407407408,percentage,"[0.12481855 0.11630117 0.01791239 0.135251   0.10604429 0.14131147
 0.09899337 0.09902158 0.16034617]",2,2,True,2,True,True,"[0.23054543 0.22643333 0.11042341 0.24097787 0.22498702 0.26465949
 0.20912553 0.20474846 0.28809948]",[10  9 18  9  9  4 12 13  2]
22,8,6,Jodie Sweetin,0.5905636562630359,9.38888888888889,percentage,[0.02593925 0.19288295 0.17658816 0.18520433 0.19060012 0.22878518],0,2,False,0,True,False,[0.20345405 0.35264626 0.34226864 0.35680197 0.36811491 0.37671418],[7 7 9 7 4 7]
23,2,13,Jake T. Austin,0.7368170792564621,6.769230769230769,percentage,"[0.00933591 0.09045693 0.08963797 0.06491828 0.08632881 0.10051806
 0.07992426 0.1254152  0.08746861 0.06584126 0.05485524 0.08077825
 0.06452123]",0,0,True,0,True,True,"[0.07751773 0.16432057 0.16634252 0.1331001  0.16587426 0.19142715
 0.14810608 0.1879152  0.16985498 0.15106853 0.12871887 0.16316461
 0.15258941]",[23 11 11 20 12  3 18 14  9 12 20 11 13]
23,3,12,Rick Perry,0.7249880267210549,6.770833333333333,percentage,"[0.09309073 0.07045443 0.12671183 0.05886042 0.13436767 0.1094959
 0.01109535 0.07218606 0.09282192 0.08125868 0.07456797 0.07508904]",6,6,True,6,True,True,"[0.17924457 0.15660827 0.20363491 0.15732196 0.22975229 0.18641898
 0.08186458 0.16141683 0.169745   0.15202792 0.15456797 0.16739673]",[ 9 15 10 12  3 11 23 13 13 17 15 10]
23,6,9,Amber Rose,1.0099810534832137,8.472222222222221,percentage,"[0.0914566  0.12602058 0.12348015 0.10576932 0.1073511  0.01842453
 0.12187358 0.16595319 0.13967095]",5,5,True,5,True,True,"[0.19309595 0.23749599 0.22184081 0.22708079 0.22866258 0.11022781
 0.24646374 0.29710073 0.23803161]",[14  8 11 10  9 18  7  2  9]
23,7,8,Maureen McCormick,0.4259066615762191,8.609375,percentage,"[0.01816057 0.15055678 0.15309259 0.14493743 0.135859   0.12862667
 0.13993082 0.12883614]",0,0,True,0,True,True,"[0.13794278 0.26670923 0.2728748  0.2792387  0.26108586 0.26292794
 0.26515768 0.254063  ]",[14 10  7  4  8  8  7  9]
23,8,7,Ryan Lochte,1.3996941682798258,9.571419047619047,percentage,"[0.19911019 0.02490253 0.16450267 0.11721197 0.1832671  0.17719606
 0.13380948]",1,1,True,1,True,True,"[0.31353817 0.15425589 0.31375655 0.28139123 0.35739563 0.32644994
 0.25321258]",[ 8 12  7  8  3  6 11]
23,9,6,Marilu Henner,0.4187448175467038,9.458333333333334,percentage,[0.02983081 0.18467032 0.18792568 0.21399278 0.17472848 0.20885192],0,0,True,0,True,True,[0.18842112 0.34766592 0.36413713 0.37258309 0.35093993 0.3762528 ],[11  8  4  6  6  5]
23,10,5,Terra Jole,0.24944382578492932,9.766666666666667,percentage,[0.22265904 0.23768705 0.23004895 0.2721071  0.03749785],4,0,False,4,True,False,[0.41378532 0.44246521 0.43141414 0.47005932 0.24227601],[9 3 6 5 6]
24,2,12,Chris Kattan,0.7993052538854533,6.833333333333333,percentage,"[0.07457368 0.07953699 0.05275094 0.09852253 0.09211004 0.10490389
 0.11974182 0.17549878 0.01209204 0.09223478 0.04160211 0.05643242]",8,8,True,8,True,True,"[0.15079319 0.14661016 0.14421435 0.18388838 0.17747589 0.19331853
 0.20205889 0.27305975 0.07916521 0.17760063 0.13916309 0.13265193]",[17 18 13  9 11  7 10  2 23 10 12 18]
24,3,11,Charo,0.9610170232666352,7.159090909090909,percentage,"[0.01275662 0.12660459 0.10207018 0.06276567 0.11403988 0.10880004
 0.06325134 0.14877596 0.09312225 0.07409964 0.09371382]",0,0,True,0,True,True,"[0.0889471  0.20279507 0.20683209 0.16752758 0.19023035 0.21038734
 0.16166404 0.23766485 0.17566193 0.18203615 0.1762535 ]",[20 11  7 12 12  8 14  7 14  9 13]
24,4,10,Mr. T,0.7762087348130011,8.15,percentage,"[0.01640936 0.09719996 0.11817465 0.1085021  0.08914081 0.10736556
 0.06603908 0.13611736 0.11738136 0.14366977]",0,0,True,0,True,True,"[0.10229893 0.20456192 0.21940164 0.20666161 0.19957026 0.20245759
 0.18567098 0.2281419  0.21554086 0.23569431]",[20 10  7 10 10 13 10 10  9  9]
24,5,9,Erika Jayne,0.8060343404748282,8.444444444444445,percentage,"[0.15289471 0.10299005 0.09461384 0.17284716 0.14581119 0.12478028
 0.01451185 0.09998497 0.09156594]",6,2,False,6,True,False,"[0.26473682 0.22141111 0.19329806 0.29784716 0.24120592 0.23004344
 0.11977501 0.22827444 0.20340804]",[ 6  8 15  3 12 10 15  7 12]
24,6,8,Heather Morris,0.5650981662507851,8.40625,percentage,"[0.01362337 0.1292266  0.15287735 0.11767447 0.11393104 0.15469665
 0.13639357 0.18157694]",0,4,False,0,True,False,"[0.15116984 0.25376192 0.26997772 0.24592726 0.22917268 0.28480817
 0.27022257 0.29495984]",[ 9 10  9 10 14  5  6  9]
24,8,5,Bonner Bolton,0.9334077351297234,8.725,percentage,[0.04986737 0.22842113 0.28909062 0.21572764 0.21689325],0,0,True,0,True,True,[0.21605648 0.43472485 0.47533703 0.43062735 0.44325428],[10  5  5  6  4]
24,9,4,Simone Biles,0.4539324701979359,9.46875,percentage,[0.06361647 0.3444121  0.2929855  0.29898593],0,0,True,0,True,True,[0.32764287 0.5754352  0.54711092 0.54981101],[5 5 5 5]
25,4,11,Derek Fisher,0.6239775843022424,8.212121212121211,percentage,"[0.08611405 0.093021   0.08707395 0.01159836 0.09387819 0.10111051
 0.1000789  0.0882274  0.07918423 0.17866902 0.08104439]",3,3,True,3,True,True,"[0.17467493 0.18158189 0.19408502 0.09646921 0.18243907 0.18967139
 0.19970989 0.18416836 0.16036504 0.26722991 0.16960528]",[12  9  8 21  8  6  5  9 21  5 13]
25,5,10,Sasha Pieterse,0.7951240294584375,8.7,percentage,"[0.01121914 0.09485748 0.066294   0.10271688 0.08718983 0.09512897
 0.25970557 0.10788733 0.08906868 0.08593212]",0,0,True,0,True,True,"[0.10317316 0.20596859 0.18123653 0.20616515 0.18297528 0.19857725
 0.36698526 0.19217852 0.18485412 0.17788614]",[18  7 10  7 13  8  4 12 12 16]
25,6,9,Nick Lachey,1.1055415967851334,8.5,percentage,"[0.11362089 0.11771507 0.13391718 0.10123388 0.11782678 0.12905221
 0.02214317 0.10562812 0.1588627 ]",6,6,True,6,True,True,"[0.21492808 0.24516605 0.25156424 0.22214891 0.21913397 0.25977116
 0.10711049 0.20366733 0.27650976]",[12  7  6 11 10  4 18 15  5]
25,8,6,Terrell Owens,0.7163220532348682,8.694444444444445,percentage,[0.20303201 0.1619389  0.03166947 0.20507684 0.17739554 0.22088723],2,2,True,2,True,True,[0.37236108 0.35363219 0.19460877 0.35843147 0.3499195  0.37104698],[ 6  6 10  7  6  7]
25,9,5,Victoria Arlen,0.6411794687223782,9.0,percentage,[0.24412543 0.19883182 0.03652865 0.23457417 0.28593994],2,2,True,2,True,True,[0.43301432 0.41364663 0.24393606 0.44568528 0.46371772],[6 5 8 5 6]
25,10,4,Drew Scott,0.2569233764513994,9.77429375,percentage,[0.33478568 0.3314869  0.27025959 0.06346783],3,3,True,3,True,True,[0.58345262 0.58725985 0.52603254 0.30325498],[4 3 4 8]
27,1,13,Nikki Glaser,0.8195106058716353,6.538461538461538,percentage,"[0.08560048 0.10133614 0.06288692 0.1042991  0.07933771 0.08850765
 0.09019274 0.09302033 0.00987777 0.05923854 0.08278055 0.05770962
 0.08521245]",8,8,True,8,True,True,"[0.17187499 0.17192437 0.13935751 0.17488734 0.15776908 0.15909589
 0.16862411 0.18321641 0.07850522 0.13766991 0.17297663 0.14398413
 0.14011441]",[ 9 11 18 10 14 14  9  4 25 16  9 15 20]
27,2,12,Danelle Umstead,0.9585346004432564,7.513888888888889,percentage,"[0.14253641 0.06684999 0.11321171 0.06161882 0.0733698  0.01235843
 0.06787991 0.1130807  0.13693861 0.08495258 0.05055474 0.0766483 ]",5,5,True,5,True,True,"[0.23865471 0.15557458 0.18899729 0.14110126 0.1694881  0.0807503
 0.15290763 0.19995686 0.20902733 0.18107088 0.14112776 0.14134331]",[ 2 14 12 18  8 23 15 10 12  6 15 18]
27,3,11,Nancy McKeon,1.0850008357556458,8.212121212121211,percentage,"[0.06036524 0.07449718 0.01176245 0.10761286 0.14751273 0.0915724
 0.09102319 0.10418091 0.12938397 0.07991111 0.10217797]",2,2,True,2,True,True,"[0.17106635 0.17412818 0.09294326 0.18510364 0.24714372 0.18013328
 0.18696415 0.18905176 0.22901497 0.17585207 0.16859863]",[11 11 20 13  3 13 12 12  4 13 16]
27,4,10,Tinashe,1.2364824660660936,7.7333333333333325,percentage,"[0.11038484 0.09509249 0.14380063 0.06433067 0.10228752 0.14369549
 0.13258408 0.01057489 0.08252905 0.11472034]",7,9,False,7,True,False,"[0.21383312 0.19854077 0.23431787 0.18933067 0.21435648 0.23852307
 0.21879097 0.12264385 0.19028767 0.17937552]",[10 12  9 10  8  9 12 12 12 14]
27,6,9,Mary Lou Retton,1.2383891479481843,8.481481481481481,percentage,"[0.08518523 0.10560539 0.12978343 0.12906021 0.01550013 0.1311726
 0.18572945 0.11536809 0.10259546]",4,4,True,4,True,True,"[0.2161896  0.23224295 0.21275287 0.26006458 0.12030362 0.24470972
 0.28179932 0.23327202 0.19866533]",[ 9  9 12  5 15  7  8  9 14]
28,2,12,Mary Wilson,1.0374916331657278,6.083333333333333,rank,"[0.12464751 0.07586449 0.06404294 0.06373716 0.05390652 0.0981002
 0.04445913 0.00657725 0.16309737 0.11746115 0.07385185 0.11425443]",7,4,False,7,True,False,"[0.22053792 0.16718869 0.15536714 0.13223031 0.10870104 0.18029198
 0.11751849 0.0750704  0.24985536 0.20878535 0.16060984 0.22384347]",[ 4  9 11 19 22 13 20 22  7  6 13  5]
28,4,10,Lamar Odom,1.088577052853862,7.05,rank,"[0.09608108 0.14672333 0.13533493 0.01122677 0.08951532 0.1029116
 0.10850611 0.10273165 0.09701339 0.10995581]",3,3,True,3,True,True,"[0.18827966 0.24601411 0.24881011 0.08214876 0.1994444  0.17737969
 0.22198128 0.21620683 0.19630417 0.22343099]",[16  7  3 20 14 14  5  7 13  4]
28,6,9,Sailor Brinkley-Cook,0.6085806194501845,8.444444444444445,rank,"[0.16758661 0.15295628 0.12122153 0.0404896  0.1042552  0.10033133
 0.10579838 0.09882559 0.10853547]",3,4,False,3,True,False,"[0.28600767 0.27137733 0.23525662 0.15891066 0.19636046 0.21436642
 0.21544751 0.20847471 0.21379863]",[ 2  3  7 10 15 11 11 14 12]
28,7,8,Karamo Brown,0.6454972243679029,8.416666666666666,rank,"[0.13785938 0.17943603 0.15740264 0.1110723  0.11886645 0.14130783
 0.02053995 0.13351542]",6,3,False,6,True,False,"[0.25667126 0.3130994  0.28364027 0.2150327  0.25252982 0.27497119
 0.14182707 0.26222829]",[11  2  7 15  7  4 14  9]
28,8,7,Kate Flannery,1.3552414420197607,9.190438095238095,rank,"[0.03083218 0.13745674 0.17099357 0.10054935 0.1870797  0.18351317
 0.18957528]",0,3,False,0,True,False,"[0.16554673 0.3032595  0.3264336  0.20417672 0.31143255 0.33895423
 0.35019668]",[12  6  8 13  8  6  3]
28,9,6,Sean Spicer,1.1631270710173216,8.6875,rank,[0.24610036 0.19425608 0.02631621 0.16557996 0.19792545 0.16982193],2,2,True,2,True,True,[0.41876224 0.37171412 0.14622028 0.33344567 0.38977198 0.34008572],[ 4  5 12 10  3  8]
28,10,5,James Van Der Beek,0.45946829173634085,9.166666666666668,rank,[0.03663838 0.22116121 0.22800394 0.235214   0.27898246],0,0,True,0,True,True,[0.22209293 0.42843393 0.42436758 0.44975946 0.4753461 ],[10  6  6  3  4]
29,2,15,Charles Oakley,0.6906786785742245,6.0666666666666655,rank,"[0.05593774 0.06244957 0.11698315 0.083358   0.06167313 0.00440495
 0.08238969 0.04328176 0.0706206  0.08003902 0.05796808 0.0556569
 0.06917059 0.08018701 0.07587981]",5,5,True,5,True,True,"[0.12187181 0.13570964 0.18291722 0.13830305 0.13859621 0.05935
 0.14832375 0.10921583 0.14754368 0.14963609 0.12390215 0.13624298
 0.12777865 0.13879507 0.14181387]",[18 13  7 16 12 29  9 20  9 10 17 14 20 16 12]
29,3,14,Carole Baskin,1.101689076310407,6.69047619047619,rank,"[0.07443789 0.07400066 0.05399768 0.05501023 0.05036263 0.0870122
 0.05544873 0.14061753 0.1059636  0.14220997 0.06083433 0.00504705
 0.0530262  0.04203131]",11,11,True,11,True,True,"[0.12781868 0.14517504 0.13228949 0.11906717 0.11797828 0.16530401
 0.14085798 0.22602678 0.18069669 0.20626691 0.14268487 0.04775168
 0.1277593  0.12032312]",[18 15 14 20 22  8  9  3 10 12 10 28 18 17]
29,4,13,Anne Heche,0.6646913536828576,7.717948717948717,rank,"[0.00879462 0.06657976 0.09698616 0.08257927 0.0779194  0.097358
 0.07641186 0.07228711 0.07782598 0.05820647 0.14515441 0.0874468
 0.05245016]",0,0,True,0,True,True,"[0.07856206 0.1363472  0.17007586 0.17560253 0.15765362 0.1704477
 0.15614607 0.15202133 0.1575602  0.12797391 0.22821089 0.16718102
 0.1222176 ]",[23 20 11  6  9 10 11 12 10 21  3  7 22]
29,5,12,Jesse Metcalfe,0.9666507022947397,7.972222222222222,rank,"[0.00805805 0.15231537 0.07630658 0.08916835 0.08846396 0.09011769
 0.06714081 0.07398375 0.09272763 0.06877548 0.12469041 0.06825193]",0,0,True,0,True,True,"[0.07426014 0.21851747 0.15993027 0.17279204 0.1616347  0.19116298
 0.15773314 0.15760744 0.17635132 0.16285213 0.21528274 0.15187563]",[23 12 12 10 16  5 14 13  8 11  5 15]
29,6,11,Veron Davis,0.945726456625893,8.121212121212121,rank,"[0.06016068 0.11917658 0.08172229 0.00908606 0.08764161 0.08156634
 0.11896442 0.11722878 0.07118458 0.14050215 0.11276651]",3,3,True,3,True,True,"[0.14971291 0.18634076 0.18246856 0.08744427 0.16973116 0.17858127
 0.21971069 0.20678102 0.17193085 0.24124842 0.20605009]",[17 13  8 21 15 13  4 11 10  2 11]
29,7,10,Monica Aldama,0.6666666666666667,8.666666666666666,rank,"[0.07288645 0.09335805 0.11104011 0.1255084  0.10031397 0.18767888
 0.11891635 0.10581675 0.00959166 0.07488937]",8,8,True,8,True,True,"[0.17288645 0.19720421 0.21104011 0.22935455 0.21569859 0.28767888
 0.2227625  0.19812444 0.09420705 0.17104322]",[14  9  9  4  7  6  5 14 20 16]
29,8,8,Chrishell Stause,0.6180142939285467,9.249983333333333,rank,"[0.02797052 0.13660438 0.14028254 0.18050668 0.15638441 0.11349851
 0.09211026 0.1526427 ]",0,6,False,0,True,False,"[0.14959236 0.25822532 0.27091251 0.31564205 0.29151979 0.23512035
 0.20021856 0.27876905]",[13 12  7  2  3 11 15  7]
29,9,7,AJ McLean,0.7737232193336674,9.190438095238095,rank,"[0.20982624 0.13258758 0.16577778 0.16917568 0.02373403 0.16390589
 0.1349928 ]",4,4,True,4,True,True,"[0.36008489 0.26730212 0.32121884 0.31943434 0.15326721 0.28825874
 0.29043386]",[ 4 11  4  5 13 11  6]
30,2,15,Martin Kove,1.0027739304327548,6.416666666666667,rank,"[0.00497131 0.07520395 0.0791091  0.09236237 0.05701112 0.05440886
 0.05432751 0.04763273 0.06313409 0.06303454 0.07378162 0.05577112
 0.06764773 0.1169778  0.09462616]",0,0,True,0,True,True,"[0.04393235 0.13494421 0.14923897 0.14950523 0.12454359 0.12713613
 0.11926257 0.10997039 0.14105617 0.13316441 0.14391149 0.1362906
 0.12998539 0.17931546 0.17774304]",[30 18  9 17 18 16 22 24 11 14 11 13 17 11  3]
30,3,14,Christine Chiu,0.6353173363869683,7.095238095238095,rank,"[0.07325661 0.08047047 0.07990659 0.09725272 0.07982632 0.07600307
 0.05902694 0.06423934 0.06029091 0.07571356 0.0772676  0.00878795
 0.08039242 0.0875655 ]",11,6,False,11,True,False,"[0.137015   0.15765168 0.14702068 0.17107822 0.15029612 0.13976146
 0.11942963 0.13806484 0.12740501 0.15625047 0.15780451 0.07925775
 0.15086222 0.16810241]",[22  7 15  6 13 20 27 16 22 10  8 21 11  3]
30,5,11,Melanie C,0.8048150549829897,8.75,rank,"[0.0740988  0.09387808 0.11879223 0.06781246 0.0713792  0.01683154
 0.0917987  0.08388953 0.10058137 0.19704676 0.08389133]",5,3,False,5,True,False,"[0.16760529 0.17699496 0.21229872 0.14053973 0.15449608 0.11033804
 0.18011039 0.17739602 0.20447748 0.29055326 0.18519003]",[11 13  5 21 18 14 13 10  4  4  8]
30,6,10,Kenya Moore,0.6244997998398398,9.1,rank,"[0.16437966 0.06330274 0.19362686 0.10464472 0.10304462 0.08722763
 0.0755451  0.07288999 0.00990675 0.12543193]",8,8,True,8,True,True,"[0.25778625 0.15670934 0.29252796 0.21453483 0.20194572 0.19162323
 0.1744462  0.1827801  0.09781884 0.22982753]",[10 17  6  5 10  9 12  9 20  6]
30,7,9,"Mike ""The Miz"" Mizanin",0.74535599249993,9.083333333333334,rank,"[0.10610028 0.01311505 0.10388678 0.10344235 0.16257931 0.11702803
 0.17596156 0.09998338 0.11790325]",1,1,True,1,True,True,"[0.22230823 0.11097438 0.20786232 0.20741789 0.27267106 0.23323598
 0.30440192 0.21924944 0.22187879]",[ 8 18 12 13  7  7  2 10  9]
31,1,16,Jason Lewis,1.085684547877513,5.96875,rank,"[0.00472148 0.07460989 0.07656992 0.03573422 0.11790933 0.06224685
 0.13603908 0.04225481 0.08303437 0.05136503 0.06245293 0.05512457
 0.075909   0.03213167 0.04034528 0.04955158]",0,0,True,0,True,True,"[0.0518419  0.12958371 0.14986835 0.09594364 0.17288315 0.13292748
 0.21195531 0.09461083 0.13539039 0.11942786 0.12528016 0.1388942
 0.12826502 0.07663429 0.1136437  0.12285001]",[31 16  7 23 12 14  3 24 15 17 15 10 17 31 16 14]
31,2,15,Teresa Giudice,0.8003471469028646,6.866666666666666,rank,"[0.06581595 0.07296917 0.07312355 0.07071933 0.07016294 0.04812042
 0.07140417 0.06978725 0.05845436 0.10244288 0.09015872 0.00562298
 0.06839216 0.06212127 0.07070485]",11,11,True,11,True,True,"[0.11678682 0.14093033 0.13137598 0.14353486 0.14055129 0.12579033
 0.13451097 0.13046686 0.12398834 0.17040405 0.16782862 0.06144822
 0.13392614 0.13008244 0.14837475]",[26 10 16 10 13 15 16 21 22  7  3 29 19 18  8]
31,3,14,Cheryl Ladd,0.8247216599111064,7.196428571428571,rank,"[0.00551005 0.06194633 0.06691218 0.09821701 0.05047688 0.0760277
 0.07768355 0.05635666 0.06086212 0.06826011 0.05334125 0.09388542
 0.14342535 0.08709539]",0,0,True,0,True,True,"[0.0650634  0.13142523 0.13887247 0.16521453 0.12739996 0.15791356
 0.13971829 0.12087279 0.13282241 0.14766457 0.13522711 0.15095738
 0.21786704 0.16898125]",[27 18 15 12 18  7 17 22 17 11 13 17  7  5]
31,4,13,Sam Champion,0.858304369400823,7.884615384615385,rank,"[0.09515353 0.06703754 0.07579663 0.07388944 0.05664104 0.00619423
 0.14895796 0.09519717 0.09680291 0.08501632 0.06586327 0.07531302
 0.05813693]",5,5,True,5,True,True,"[0.17320232 0.13533023 0.14408931 0.14462115 0.14444591 0.06716984
 0.22456772 0.178124   0.17972974 0.1728212  0.13659498 0.1533618
 0.14594181]",[10 20 17 17 13 26  9  7  6  6 19 13 12]
31,5,12,Joseph Baena,0.8135009859653931,9.34375,rank,"[0.0887728  0.00953677 0.14991476 0.06576152 0.08695635 0.08621612
 0.09246501 0.10093509 0.09569373 0.09745776 0.06801639 0.05827371]",1,1,True,1,True,True,"[0.17795898 0.08757468 0.23018232 0.14045494 0.17837218 0.16648368
 0.17161774 0.18789161 0.18933922 0.16657704 0.15385808 0.14968954]",[10 22  8 21  9 15 14  7  5 15 15 13]
31,6,10,Jessie James Decker,0.7520804478245662,8.625,rank,"[0.1021384  0.08761853 0.08628135 0.01157637 0.08436446 0.12848025
 0.1174095  0.1226688  0.15934426 0.10011809]",3,3,True,3,True,True,"[0.20068913 0.18616925 0.18483207 0.10432999 0.18291519 0.23282807
 0.23335153 0.20382822 0.26369208 0.20736447]",[10 12 13 19 14  5  5 13  4  8]
31,7,9,Jordin Sparks,0.565194165260439,9.041666666666666,rank,"[0.09518529 0.12236405 0.1319474  0.01439855 0.14193025 0.13957999
 0.08768143 0.17470702 0.09220601]",3,3,True,3,True,True,"[0.21500095 0.23449923 0.24869087 0.12038934 0.24945714 0.25939566
 0.18445562 0.28684219 0.20126899]",[ 7  9  7 17  9  4 17  5 13]
32,1,14,Matt Walsh,1.1251102238772057,5.5,rank,"[0.11928388 0.04215431 0.07717059 0.05491214 0.07414988 0.10303402
 0.00622116 0.05855654 0.07735083 0.07728055 0.04071044 0.05986559
 0.08607748 0.1232326 ]",6,6,True,6,True,True,"[0.18421895 0.11574738 0.14643466 0.1111892  0.15207195 0.1809561
 0.05816921 0.11050459 0.16825992 0.15953163 0.09265849 0.12480065
 0.18131558 0.21414169]",[11 19 15 22 13  8 26 22  7 10 25 18  5  3]
32,2,13,Jamie Lynn Spears,1.1722184051961497,6.102564102564102,rank,"[0.00862358 0.08105001 0.05924594 0.13235523 0.08201211 0.04061428
 0.05382042 0.05902235 0.06380504 0.15216104 0.08317966 0.08677413
 0.09733621]",0,0,True,0,True,True,"[0.07585047 0.15668027 0.12227115 0.21218717 0.18285244 0.10363949
 0.12945067 0.15986268 0.15204033 0.21518625 0.13359983 0.17500942
 0.18136982]",[22 14 19  8  7 22 18 11 11 11 18  7  8]
32,3,12,Tyson Beckford,1.1657362361281485,6.729166666666667,rank,"[0.06217597 0.10173311 0.07188137 0.08305496 0.07814721 0.00814606
 0.08352208 0.06828462 0.14882785 0.09145751 0.09467578 0.10809347]",5,5,True,5,True,True,"[0.14267133 0.17913249 0.14618477 0.18212617 0.14625867 0.07006557
 0.18878523 0.15187595 0.22313126 0.16266495 0.19374699 0.21335663]",[17 10 17 10 19 24  7 15  9 15  7  3]
32,4,11,Adrian Peterson,0.9300611668619884,7.272727272727272,rank,"[0.09067667 0.09670276 0.09715695 0.10590453 0.01201725 0.10898804
 0.12945224 0.09732553 0.07755319 0.08997451 0.09424833]",4,8,False,4,True,False,"[0.17817667 0.17170276 0.17215695 0.21840453 0.09951725 0.20898804
 0.22111891 0.18482553 0.15671986 0.18997451 0.198415  ]",[14 16 15  4 17  5  6 10 19 12  9]
32,5,10,Mira Sorvino,1.0000000000000002,8.0,rank,"[0.01167958 0.09925578 0.11478947 0.09208017 0.10521555 0.09756335
 0.11392022 0.1270166  0.13411233 0.10436695]",0,0,True,0,True,True,"[0.10334625 0.19925578 0.20228947 0.20874683 0.21771555 0.19756335
 0.18892022 0.2270166  0.250779   0.20436695]",[18 11 12 10  8 12 14  6  2 10]
32,6,9,Mauricio Umansky,1.0978373802983057,8.944444444444445,rank,"[0.16765939 0.1316285  0.11817021 0.11862335 0.11806607 0.09718112
 0.01982501 0.09830599 0.13054036]",6,5,False,6,True,False,"[0.26703827 0.22790179 0.248605   0.23974136 0.2329729  0.18724323
 0.12230949 0.21631841 0.25786955]",[ 8 10  6  7 11 17 15 11  5]
32,7,8,Lele Pons,0.4592793267718459,8.8125,rank,"[0.10758256 0.11673455 0.15140045 0.13302343 0.04369447 0.14671129
 0.10735856 0.19349468]",4,0,False,4,True,False,"[0.22283079 0.24084802 0.28260613 0.260683   0.1731271  0.26018647
 0.23501814 0.32470035]",[13 11  3  8 11 11 11  2]
32,8,7,Barry Williams,1.0973065354098013,9.035714285714286,rank,"[0.03187177 0.16924315 0.17397842 0.11752284 0.12202804 0.20451739
 0.18083839]",0,0,True,0,True,True,"[0.17021169 0.31153564 0.33208119 0.24795762 0.23269997 0.35866759
 0.3468463 ]",[12  8  5 12 12  4  3]
32,9,6,Harry Jowsey,1.1494261853444767,9.208333333333334,rank,[0.15788269 0.25961619 0.19983929 0.02629268 0.20556828 0.15080088],3,3,True,3,True,True,[0.30267907 0.44513655 0.39440942 0.16203928 0.37751398 0.31822169],[ 9  3  4 12  5  9]
33,4,9,Brooks Nader,0.5137011669140814,8.166666666666666,rank,"[0.11122464 0.11916959 0.1537996  0.11870161 0.11543527 0.01773004
 0.11289275 0.1168815  0.13416498]",5,5,True,5,True,True,"[0.22006818 0.21780905 0.27624858 0.23094651 0.22427881 0.12657358
 0.22173628 0.22572504 0.25661396]",[12 12  2  7 10 13 11  9  3]
33,5,8,Phaedra Parks,0.3535533905932736,8.416666666666666,rank,"[0.16080402 0.14560718 0.14161748 0.13202135 0.14090205 0.01339279
 0.12702094 0.13863421]",5,5,True,5,True,True,"[0.29446738 0.26441906 0.2678551  0.25083323 0.26961493 0.13220467
 0.25325856 0.26734708]",[ 2  8  7 12  6 14 11  7]
33,6,7,Jenn Tran,0.9060141709733546,9.80952380952381,rank,"[0.15314133 0.20337848 0.15433605 0.12543224 0.15785234 0.0321741
 0.17368546]",5,3,False,5,True,False,"[0.30848113 0.35386391 0.29025838 0.26135457 0.2743572  0.18265954
 0.32902527]",[ 6  4  9 11 10 10  3]
33,7,6,Dwight Howard,0.6211299937499417,8.888888888888888,rank,[0.21308562 0.02725198 0.17690319 0.20989203 0.18597687 0.1868903 ],1,1,True,1,True,True,[0.40058562 0.17725198 0.33627819 0.37864203 0.34847687 0.3587653 ],[ 2 12 10  5  8  5]
34,3,12,Lauren Jauregui,0.6730023021992065,7.138888888888889,rank,"[0.07871516 0.11568195 0.09141611 0.17675146 0.08107042 0.07989135
 0.00741921 0.07469744 0.08541804 0.08098555 0.08108094 0.04687238]",6,6,True,6,True,True,"[0.16042723 0.19739401 0.18480132 0.24679037 0.16667353 0.16549446
 0.07745812 0.16030055 0.1749122  0.15491551 0.17446615 0.13636655]",[17 10  4 12 11 13 23 15  7 17  6 14]
34,4,11,Hilaria Baldwin,0.6254474981984938,7.515151515151516,rank,"[0.08166441 0.07469171 0.11398744 0.10051828 0.15437442 0.01649385
 0.11023652 0.08898103 0.08839616 0.0935192  0.07713697]",5,0,False,5,True,False,"[0.16634183 0.17146591 0.21076163 0.17309892 0.24308409 0.10923579
 0.19491394 0.18575523 0.1811381  0.19432566 0.16987891]",[17 12  4 15  9 16 12  8 12  6 14]
34,6,10,Scott Hoying,0.9874208829065749,8.5,rank,"[0.15951358 0.07867101 0.0857679  0.06725481 0.11535899 0.01223649
 0.13917798 0.15835408 0.09133717 0.09232798]",5,3,False,5,True,False,"[0.26539594 0.18455336 0.20047378 0.14666658 0.22124134 0.09458943
 0.24211916 0.25247173 0.20604305 0.18644563]",[ 4 11  8 19  7 19  9  9  7 12]
34,7,9,Jen Affleck,1.1207911667684454,9.222222222222221,rank,"[0.11981231 0.08886592 0.16464601 0.09620648 0.15273291 0.09783145
 0.01723635 0.11819317 0.14447539]",6,1,False,6,True,False,"[0.22523399 0.18525146 0.27910385 0.18355588 0.27622689 0.22734953
 0.11964599 0.24469919 0.25893322]",[10 16  5 16  5  7 16  7  7]
34,8,8,Danielle Fishel,0.39497577061764183,9.421875,rank,"[0.01793925 0.14057569 0.1194085  0.09992884 0.21524045 0.14600172
 0.12440606 0.13649948]",0,0,True,0,True,True,"[0.14065898 0.2649538  0.24876174 0.21269833 0.34127693 0.27369658
 0.25541767 0.26253597]",[15  9  8 15  5  5  6  8]
34,9,7,Andy Richter,1.1007882148158887,9.642857142857142,rank,"[0.23538034 0.15219753 0.0218258  0.11933882 0.11790445 0.19806702
 0.15528604]",2,2,True,2,True,True,"[0.36871367 0.29664197 0.12923321 0.27489438 0.2660526  0.35362257
 0.31084159]",[ 7  9 14  6 10  3  4]
34,10,6,Whitney Leavitt,0.20786985482077472,9.555555555555555,rank,[0.17792412 0.13135845 0.21415681 0.21789546 0.0580966  0.20056855],4,1,False,4,True,False,[0.34362179 0.29705613 0.38566844 0.38650011 0.22670125 0.36045227],[8 9 3 3 8 9]
