season,week,n_participants,eliminated_name,eliminated_fan_vote,eliminated_fan_std,eliminated_fan_ci_low,eliminated_fan_ci_high,eliminated_judge_score,judge_elim_rank,fan_elim_rank,rank_consistency,certainty,judge_mean,judge_std,rule_type,is_finalist,placement,size_group
1,2,6,Trista Sutter,0.040789775874313136,0.035933431481486075,0.002132940174853238,0.1127731259456828,6.333333333333333,3,1,0,0.9653129917526672,6.722222222222222,1.3528661846539909,rank,False,,4-6人
1,3,5,Evander Holyfield,0.040090775751408556,0.03263593506096499,0.0029381522216634674,0.10442398778803898,4.333333333333333,1,1,1,0.9683955071164182,7.066666666666667,1.4817407180595243,rank,False,,4-6人
1,4,4,Rachel Hunter,0.12599266631567574,0.09859273661589593,0.009500568761180274,0.3190105571879253,8.333333333333334,3,1,0,0.9102554264835203,7.666666666666667,0.8498365855987974,rank,False,,<4人
2,1,10,Kenny Mayne,0.011689652623817024,0.010062133760459134,0.0008146830604037347,0.03205849682351805,4.333333333333333,2,1,0,0.990038104167911,6.5,1.3102162671355697,rank,False,,8-10人
2,2,9,Tatum O'Neal,0.013450398601961549,0.011983507787638938,0.0007957162181663453,0.03719794203130692,5.666666666666667,2,1,0,0.9881583961641461,7.4074074074074066,1.331274130045291,rank,False,,8-10人
2,3,8,Giselle Fernandez,0.020119354248048404,0.017728275295557868,0.0012042449169042675,0.054981120513100744,7.333333333333333,4,1,0,0.9825805416574386,7.583333333333334,1.411756195508118,rank,False,,6-8人
2,4,7,Master P,0.021237341398386456,0.01819942611163569,0.0014232543527280584,0.0582276476809529,2.6666666666666665,1,1,1,0.9821258727466222,7.523809523809524,2.0919888225227425,rank,False,,6-8人
2,5,6,Tia Carrere,0.027859738758880506,0.02343453779321534,0.00188003025877278,0.07374200195540805,7.333333333333333,1,1,1,0.9771020647361129,8.388888888888888,0.8906233078822999,rank,False,,4-6人
2,6,5,George Hamilton,0.04981587893698486,0.040095846953127665,0.003441914825009914,0.12897647897052902,7.666666666666667,1,1,1,0.961449853808584,8.866666666666667,1.0456258094238748,rank,False,,4-6人
2,7,4,Lisa Rinna,0.08229389623717127,0.06458332295086652,0.005239328508661017,0.2104752821445011,8.833333333333334,2,1,0,0.9393346471257401,8.5,0.97182531580755,rank,False,,<4人
3,1,11,Tucker Carlson,0.020856692133149314,0.014467188905885515,0.001937646518907737,0.048285236031481264,4.0,1,1,1,0.9857391258543426,6.424242424242423,1.326428401711472,percentage,False,,>10人
3,2,10,Shanna Moakler,0.01275458577960171,0.010274949322302203,0.0010922219306335594,0.032982494463316796,7.333333333333333,5,1,0,0.9898295515204106,7.666666666666666,0.9189365834726814,percentage,False,,8-10人
3,3,9,Harry Hamlin,0.014121505205493445,0.01194567879676106,0.000763975361435976,0.038170921174955595,7.333333333333333,3,1,0,0.9881953359285403,7.666666666666667,0.8606629658238706,percentage,False,,8-10人
3,4,8,Vivica A. Fox,0.018253615735134003,0.014937841310227216,0.0014141073215410032,0.047171819181693726,8.0,3,1,0,0.9852820136345066,8.25,0.9537935951882996,percentage,False,,6-8人
3,5,7,Willa Ford,0.019265684379296617,0.017096862358045924,0.0010599159183302248,0.054268111155298907,9.0,7,1,0,0.9831905268900266,8.619047619047619,0.45175395145262554,percentage,False,,6-8人
3,7,5,Jerry Springer,0.049218590287526544,0.03801759715412957,0.004151833374330528,0.12369786395375539,7.666666666666667,1,1,1,0.9633748047640424,9.0,0.6912147117775906,percentage,False,,4-6人
3,8,4,Monique Coleman,0.06597329159589228,0.04918728344703884,0.0044299549951520205,0.16203774933112772,8.833333333333334,1,1,1,0.953118681265906,9.083333333333334,0.24999999999999983,percentage,False,,<4人
4,2,11,Paulina Porizkova,0.010084763351957833,0.008464703925846723,0.0007673714746268172,0.026868171677662315,7.0,4,1,0,0.9916063458712094,7.424242424242423,0.8538789577942648,percentage,False,,>10人
4,3,10,Shandi Finnessey,0.012049449822518396,0.009805920454472783,0.0007902784363034937,0.03134790910349933,7.0,4,1,0,0.9902893018788606,7.2666666666666675,0.8137703743822469,percentage,False,,8-10人
4,4,9,Leeza Gibbons,0.022456816572111293,0.01710051027439141,0.0016286397171592047,0.05607545876145437,5.333333333333333,3,1,0,0.9831870005946827,7.037037037037037,1.4609691054308165,percentage,False,,8-10人
4,5,8,Clyde Drexler,0.03413695623452113,0.024883857736076747,0.0024070112665559007,0.08109596703945508,4.333333333333333,1,1,1,0.97572031450369,7.333333333333334,1.810463415200036,percentage,False,,6-8人
4,6,7,Heather Mills,0.02407533574265355,0.019046010254266724,0.0017053308102970303,0.06268569351318155,7.666666666666667,3,1,0,0.9813099604310168,8.095238095238095,1.0942024088643867,percentage,False,,6-8人
4,7,6,John Ratzenberger,0.03729658262488793,0.027425914199062772,0.0030549691987331058,0.09067361880546015,7.5,2,1,0,0.9733061879985354,8.583333333333334,1.2720281268728126,percentage,False,,4-6人
4,8,5,Billy Ray Cyrus,0.057416381324920066,0.0413119923534009,0.005291660479192056,0.13914877965562578,6.333333333333333,1,1,1,0.960326979179377,8.366666666666667,1.1803954139750517,percentage,False,,4-6人
4,9,4,Ian Ziering,0.06479567586107587,0.04943217889182963,0.004439411782525132,0.1607790376131493,9.666666666666666,1,1,1,0.9528962615344723,9.875,0.13819269959814184,percentage,False,,<4人
5,1,12,Josie Maran,0.015453481906835282,0.010918916955594968,0.0015385393808621237,0.03642474022905254,5.333333333333333,1,1,1,0.9891990180691469,7.138888888888888,0.9374742794825669,percentage,False,,>10人
5,2,11,Albert Reed,0.009854280876776597,0.008455106802631228,0.0005359478531394315,0.02658928958010271,7.0,7,1,0,0.9916157826505151,7.212121212121212,1.0756508696544755,percentage,False,,>10人
5,3,10,Wayne Newton,0.01849644453242335,0.013461446548310335,0.0015760459269187927,0.04419127452187929,6.0,1,1,1,0.9867173570399171,7.966666666666667,1.0376254944182253,percentage,False,,8-10人
5,4,9,Floyd Mayweather Jr. ,0.0167163609227678,0.013168859968189173,0.0011713143269650415,0.043641039005942316,7.666666666666667,2,1,0,0.9870023048590315,8.666666666666664,0.7370277311900889,percentage,False,,8-10人
5,5,8,Mark Cuban,0.02317330490461952,0.01722580479980133,0.0020697660873857907,0.05595789703423887,7.0,2,1,0,0.983065898723252,8.291666666666666,0.9344858955002417,percentage,False,,6-8人
5,6,7,Sabrina Bryan,0.021573384881830193,0.017651186839167325,0.0014209629049790826,0.05676831080133404,8.333333333333334,4,1,0,0.9826549734649335,8.571428571428571,0.8676603408708857,percentage,False,,6-8人
5,7,6,Jane Seymour,0.0292287446924472,0.02402303055431269,0.0024097235784156534,0.07777232377426459,8.333333333333334,1,1,1,0.9765405368458276,8.666666666666666,0.2151657414559675,percentage,False,,4-6人
5,8,5,Cameron Mathison,0.04205443758100604,0.03381724041353667,0.0027100325793955322,0.11196313184264142,8.5,3,1,0,0.9672889567985833,8.766666666666667,0.5436502143433365,percentage,False,,4-6人
5,9,4,Jennie Garth,0.06202851843604503,0.04922243516114691,0.004031651945899632,0.16014223797631597,9.666666666666666,2,1,0,0.9530867492805879,9.75,0.27638539919628313,percentage,False,,<4人
6,2,12,Monica Seles,0.015364247618040398,0.01146836920695733,0.0009454861049752702,0.037923905596412774,5.0,1,1,1,0.9886616630276347,7.138888888888889,1.3434224765937497,percentage,False,,>10人
6,2,12,Penn Jillette,0.012259770411562544,0.00993810800744719,0.0007451083336333164,0.03184401878605952,5.666666666666667,3,1,0,0.9901596860949682,7.138888888888889,1.3434224765937497,percentage,False,,>10人
6,3,10,Steve Guttenberg,0.012296722119759115,0.00990893950221175,0.000858538469245172,0.032254164534750725,7.0,2,1,0,0.9901882841961019,7.6,0.8273115763993905,percentage,False,,8-10人
6,4,9,Adam Carolla,0.021637592026140382,0.015984410471368185,0.001985246365898663,0.05144660444473067,6.333333333333333,1,1,1,0.9842670711217387,8.333333333333334,1.0540925533894596,percentage,False,,8-10人
6,5,8,Priscilla Presley,0.021409232922642032,0.016483509723614818,0.0015395232908499707,0.05245079715142115,7.0,1,1,1,0.983783790326223,8.166666666666666,0.8819171036881968,percentage,False,,6-8人
6,6,7,Marlee Matlin,0.02919820504327745,0.022071503086279688,0.0022491712823725597,0.0714357849536384,7.0,1,1,1,0.9784051281934465,8.571428571428571,0.920908552657796,percentage,False,,6-8人
6,7,6,Shannon Elizabeth,0.0285023996583125,0.023657189714354102,0.0017971871976141108,0.07536484746611766,8.5,2,1,0,0.9768895388494703,8.583333333333334,0.47871355387816883,percentage,False,,4-6人
6,8,5,Mario,0.04071468149697253,0.03394716144524269,0.0029576087285307895,0.1099981473997703,8.833333333333334,3,1,0,0.9671674117294431,8.9,0.40276819911981887,percentage,False,,4-6人
6,9,4,Marissa Jaret Winokur,0.06829121956943318,0.05168957478799415,0.005858254366842398,0.1735433577750626,8.666666666666666,1,1,1,0.9508509202457255,9.166666666666666,0.3118047822311621,percentage,False,,<4人
7,1,13,Ted McGinley,0.00800131590087368,0.006574273030467476,0.0006005763850702731,0.021189322841674983,6.166666666666667,4,1,0,0.9934686657441836,6.461538461538462,1.0151709176835464,percentage,False,,>10人
7,1,13,Jeffrey Ross,0.01679202880387676,0.011665599425098273,0.0014126153030187775,0.03766952870652594,4.0,1,1,1,0.9884689175635433,6.461538461538462,1.0151709176835464,percentage,False,,>10人
7,2,11,Kim Kardashian,0.013250906299836747,0.01050637128494553,0.0010383110141255485,0.033755464157899956,5.666666666666667,3,1,0,0.9896028648769568,6.696969696969696,0.9791208740244554,percentage,False,,>10人
7,4,9,Rocco DiSpirito,0.01971426998596208,0.014323292641933775,0.0019196950836236535,0.0478410314004197,6.0,1,1,1,0.9858789670454801,7.518518518518519,0.818174890162019,percentage,False,,8-10人
7,5,8,Toni Braxton,0.020119413258002983,0.016505322352698238,0.0015012000905801637,0.05250633183995249,7.333333333333333,4,1,0,0.9837626798505129,8.125,1.0265570828962434,percentage,False,,6-8人
7,6,7,Cloris Leachman,0.03911535452103839,0.02709528984339631,0.003129377239512988,0.08845204538936143,5.0,1,1,1,0.9736194975175794,7.6190476190476195,1.2399253872658607,percentage,False,,6-8人
7,7,6,Susan Lucci,0.029166583888824548,0.023968602968004384,0.0017248213519794262,0.07619613863321809,8.0,3,1,0,0.976592443461127,8.166666666666666,0.9574271077563382,percentage,False,,4-6人
7,8,5,Maurice Greene,0.043512961837523866,0.0345805607627039,0.002963475933183973,0.11090205014571611,8.0,2,1,0,0.9665752846378529,8.5,0.494413232473044,percentage,False,,4-6人
7,9,4,Cody Linley,0.07104553590212319,0.05301033412032905,0.004357886493102611,0.17450325702197414,7.666666666666667,1,1,1,0.9496582964073063,8.375,0.6808389432653413,percentage,False,,<4人
8,2,13,Belinda Carlisle,0.009729934926087286,0.007790919236689837,0.0006655774474869524,0.0252082405560621,6.0,4,1,0,0.9922693099451713,6.794871794871796,1.2092129356463175,percentage,False,,>10人
8,3,12,Denise Richards,0.014511646796369149,0.01123130370332316,0.0010660973851561062,0.03608121024498976,5.333333333333333,3,1,0,0.9888934374735118,7.055555555555556,1.7734321888347075,percentage,False,,>10人
8,4,11,Steve Wozniak,0.022282954906427246,0.015814021876754857,0.001887470048503866,0.05145176480906192,4.0,1,1,1,0.9844321681565905,7.333333333333332,1.8802535827258875,percentage,False,,>10人
8,4,11,Holly Madison,0.016851542583773728,0.012955092467761034,0.0012688237354679078,0.04221398225134537,5.333333333333333,3,1,0,0.9872105954507817,7.333333333333332,1.8802535827258875,percentage,False,,>10人
8,5,9,David Alan Grier,0.015883050385792755,0.012614592533938363,0.0010131132949318204,0.0397425408610991,7.333333333333333,4,1,0,0.9875425530829337,7.777777777777778,1.0886621079036343,percentage,False,,8-10人
8,6,8,Steve-O,0.030257545041582398,0.02161073041541949,0.0027646228615094363,0.07016805755098482,5.333333333333333,1,1,1,0.9788464140283337,7.75,1.3616778865306827,percentage,False,,6-8人
8,7,7,Lawrence Taylor,0.030611673283971002,0.022305758910620886,0.0028445986981071635,0.07188763023715385,7.0,1,1,1,0.9781809319607179,8.666666666666666,0.835710894037345,percentage,False,,6-8人
8,8,6,Chuck Wicks,0.02980065020094226,0.024202029754207825,0.001901294024206802,0.07788467333961262,8.5,2,1,0,0.9763698674176462,8.666666666666666,0.5357583756107197,percentage,False,,4-6人
8,9,5,Lil' Kim,0.040197049597692734,0.033159095146700256,0.0023475030802140753,0.10769174823320915,8.666666666666666,2,1,0,0.9679051413257975,8.9,0.6798692684790381,percentage,False,,4-6人
8,10,4,Ty Murray,0.07494439177531848,0.05519784907187659,0.005024978210419554,0.18418759426475328,8.0,1,1,1,0.947689573931157,9.125,0.720484019407941,percentage,False,,<4人
8,11,3,Gilles Marini,0.11461029514892583,0.0805428623326128,0.009012741032477855,0.26474625046164924,9.666666666666666,2,1,0,0.9254607427985396,9.722222222222221,0.20786985482077458,percentage,False,,<4人
8,11,3,Shawn Johnson,0.10549886830242092,0.0753159973485548,0.009427095235222107,0.2447569028583864,10.0,3,1,0,0.9299591956836277,9.722222222222221,0.20786985482077458,percentage,False,,<4人
8,11,3,Melissa Rycroft,0.11236621557765102,0.07959750327957932,0.009840163596933094,0.2622534130022172,9.5,1,1,1,0.9262711306410217,9.722222222222221,0.20786985482077458,percentage,False,,<4人
9,1,16,Ashley Hamiliton,0.008692715052866543,0.0071167213665579475,0.0005370116914350715,0.022880308506341637,6.3333,1,1,1,0.9929335684577839,8.4583,1.7194649524714882,percentage,False,,>10人
9,1,16,Macy Gray,0.008223592219836838,0.00665057104114907,0.0004953126760470849,0.021138498619994662,6.3333,2,1,0,0.993393366842011,8.4583,1.7194649524714882,percentage,False,,>10人
9,2,14,Kathy Ireland,0.008237880447366338,0.006819725730330978,0.0006565648646061119,0.021900781093242384,6.0,1,1,1,0.993226467900811,6.999999999999999,0.9920317455237934,percentage,False,,>10人
9,3,13,Debi Mazar,0.010028836344709139,0.007846373974427855,0.0008279072999305322,0.025642117069887806,5.666666666666667,3,1,0,0.9922147123043309,6.615384615384615,1.23928676652252,percentage,False,,>10人
9,4,11,Chuck Liddell,0.016331603994380155,0.012263933226658141,0.0011297840439560736,0.03950620012274595,5.666666666666667,3,1,0,0.987884648633518,7.333333333333334,1.4564381625088383,percentage,False,,>10人
9,5,10,Natalie Coughlin,0.013169213186018673,0.010740917091506475,0.0009839037274359996,0.03464396142417411,7.333333333333333,2,1,0,0.9893732242260317,8.066666666666666,0.7859884081701063,percentage,False,,8-10人
9,6,9,Melissa Joan Hart,0.018425566370057392,0.014450330687838221,0.0011711018352365814,0.045608254674652786,7.999966666666666,2,1,0,0.9857555069472544,9.629596296296297,1.6058945776204383,percentage,False,,8-10人
9,6,9,Louie Vito,0.018494941129311087,0.01465202100603351,0.0011123363356710374,0.04687929441479033,8.0,3,1,0,0.9855595606151695,9.629596296296297,1.6058945776204383,percentage,False,,8-10人
9,7,7,Mark Dacascos,0.02629985103215507,0.020309636644813757,0.0021483758040944352,0.06534178892397177,7.166666666666667,1,1,1,0.9800946341038198,8.357142857142856,0.6326347740755437,percentage,False,,6-8人
9,7,7,Michael Irvin,0.024141834755646692,0.019436215745065797,0.0016871324181546245,0.06324912292304057,7.833333333333333,2,1,0,0.9809343483732715,8.357142857142856,0.6326347740755437,percentage,False,,6-8人
9,8,5,Aaron Carter,0.04436740924777449,0.03569921459612607,0.0031052089867671657,0.1167558191548638,8.333333333333334,1,1,1,0.9655312912349295,8.733333333333334,0.5637178175095922,percentage,False,,4-6人
9,9,4,Joanna Krupa,0.06086776431213033,0.04733532989123095,0.004032071649783019,0.15434289797354872,9.0,3,1,0,0.9548040359756156,8.888858333333333,0.527048034061728,percentage,False,,<4人
10,2,11,Shannen Doherty,0.009873890969562855,0.008534709181208007,0.0005340053157546835,0.026167610230176972,6.666666666666667,5,1,0,0.991537515661571,6.666666666666666,1.4213381090374029,percentage,False,,>10人
10,3,10,Buzz Aldrin,0.02348870211324282,0.016534640041825838,0.0019060274084724488,0.05430229606518371,4.333333333333333,1,1,1,0.9837343073314792,6.7666666666666675,1.2023125864580955,percentage,False,,8-10人
10,4,9,Aiden Turner,0.019575008367730323,0.015272963265841814,0.0012127178414603496,0.048544074046994776,5.5,2,1,0,0.9849567911109216,6.87037037037037,1.151429004200727,percentage,False,,8-10人
10,5,8,Kate Gosselin,0.02832685548575059,0.0213312737535279,0.0022717715581691816,0.07056322900174243,5.0,1,1,1,0.9791142459829585,7.208333333333334,1.4713702985841313,percentage,False,,6-8人
10,6,7,Jake Pavelka,0.029283205523167998,0.022116226014162344,0.0022090086719313666,0.07329344124366813,8.3333,1,1,1,0.9783623178545883,9.952347619047618,1.2777593415331712,percentage,False,,6-8人
10,7,6,Pamela Anderson,0.027823115379334365,0.02356903296200281,0.0018147849986137018,0.07687635949455196,8.5,2,1,0,0.9769736752451382,8.638888888888888,0.2952818281315182,percentage,False,,4-6人
10,8,5,Niecy Nash,0.05029059416228262,0.03856006704580126,0.003530229350451715,0.12536929939510663,7.166666666666667,1,1,1,0.9628716063044038,8.433333333333334,0.9752492558885197,percentage,False,,4-6人
10,9,4,Chad Ochocinco,0.06967698343468472,0.051797717704126875,0.005634349023847462,0.16830063905167583,8.666666666666666,1,1,1,0.9507531563985598,9.416666666666668,0.4787135538781695,percentage,False,,<4人
11,1,12,David Hasselhoff,0.012826399394851735,0.00985507727837259,0.0009109266508151829,0.03231412636124556,5.0,1,1,1,0.9902410974603082,6.305555555555556,1.0754700379225521,percentage,False,,>10人
11,2,11,Michael Bolton,0.021052934668257032,0.015074096618661235,0.0017101476075268359,0.04877882882901994,4.0,1,1,1,0.9851497573735011,6.696969696969696,1.0488526242349563,percentage,False,,>10人
11,3,10,Margaret Cho,0.01708281619570934,0.01273532274775035,0.0012214227912545747,0.04151242210314667,6.0,1,1,1,0.9874248261498406,7.366666666666667,0.8359957469322967,percentage,False,,8-10人
11,4,9,The Situation,0.02300277757971689,0.017283165165088064,0.0021636592199139864,0.05651603236372113,4.666666666666667,1,1,1,0.9830104677272594,6.62962962962963,1.3895060357262274,percentage,False,,8-10人
11,5,8,Florence Henderson,0.01940455160241854,0.014990446778920037,0.0014827590503582128,0.04891961158111277,7.0,3,1,0,0.985230947910404,7.583333333333334,0.9090593428863096,percentage,False,,6-8人
11,6,7,Audrina Patridge,0.018522979650745067,0.015995976369033375,0.00091395269873614,0.051601587291555714,10.6666,6,1,0,0.9842558664196686,9.857109523809525,1.3075730927658191,percentage,False,,6-8人
11,7,6,Rick Fox,0.02841802955971497,0.023905828354149464,0.0017286978441730988,0.07745740875983563,8.625,3,1,0,0.9766523173399878,8.6875,0.3662165798176447,percentage,False,,4-6人
11,8,5,Kurt Warner,0.04495245837934042,0.03562554202414518,0.0034349076836638474,0.1159577825309379,8.0,2,1,0,0.9655999774257069,8.833333333333334,0.7527726527090811,percentage,False,,4-6人
11,9,4,Brandy,0.06269532248325575,0.049106676412954166,0.0034374687184693734,0.1593681588622914,9.5,2,1,0,0.95319191316096,9.5,0.4249182927993984,percentage,False,,<4人
12,2,11,Mike Catherwood,0.011993319492350852,0.009569672070076238,0.0008569554801641765,0.030993801894400416,5.666666666666667,2,1,0,0.9905210384832044,6.545454545454546,0.7948410332487275,percentage,False,,>10人
12,3,10,Wendy Williams,0.021767073526849538,0.015044602908797812,0.0019323021022752244,0.05087984275982608,5.0,1,1,1,0.9851783824418309,7.133333333333335,0.9213516640723503,percentage,False,,8-10人
12,4,9,Sugar Ray Leonard,0.015010254072732935,0.012381015610452021,0.0010330249648022726,0.0396946708787399,7.0,2,1,0,0.9877703992671312,7.62962962962963,0.7608384660805236,percentage,False,,8-10人
12,5,8,Petra Nemcova,0.019621653674997967,0.01547981124827362,0.0012222802343626656,0.049934196043199645,7.333333333333333,2,1,0,0.9847561605097346,8.083333333333334,0.6821127309893708,percentage,False,,6-8人
12,6,7,Chris Jericho,0.027372379669999756,0.020747453499901994,0.0019222756485361378,0.06800189178236038,7.333333333333333,1,1,1,0.979674253970692,8.571428571428573,0.6834619092574918,percentage,False,,6-8人
12,7,6,Kendra Wilkinson,0.028239222496225243,0.023888347102246757,0.0017362674543477893,0.0762244562720488,7.625,3,1,0,0.976668992112417,7.854166666666667,0.32609324671871937,percentage,False,,4-6人
12,8,5,Romeo,0.03966513031052029,0.03243890434440811,0.00273460363872902,0.10616461488370264,8.666666666666666,2,1,0,0.9685803157863305,8.666666666666666,0.5270462766947297,percentage,False,,4-6人
12,9,4,Ralph Macchio,0.07808664581231646,0.056797166681027265,0.007176128834821928,0.18851547272892474,8.0,1,1,1,0.9462553757033584,9.791666666666666,1.5427923817978013,percentage,False,,<4人
13,1,12,Metta World Peace (Ron),0.013096285918430223,0.009758276196983686,0.001000219523994762,0.03158267044337435,4.666666666666667,1,1,1,0.9903360275156784,6.027777777777778,0.8655798028268267,percentage,False,,>10人
13,2,11,Elisabetta Canalis,0.009184064759100906,0.00823921487143162,0.0006423885910804867,0.027130031384727856,7.0,5,1,0,0.9918281150446203,6.757575757575757,0.6210273191490665,percentage,False,,>10人
13,3,10,Kristin Cavallari,0.011085514717361534,0.009261387127199004,0.0008399832697704946,0.029085172612796768,8.0,6,1,0,0.9908235990742092,7.9,0.8306623862918073,percentage,False,,8-10人
13,4,9,Chynna Phillips,0.015527529572901743,0.012425476204801543,0.0011238072995028315,0.039978203833914656,7.0,2,1,0,0.9877270213987701,7.740740740740741,0.9132465189583667,percentage,False,,8-10人
13,5,8,Carson Kressley,0.02419295565312815,0.018231295395142795,0.0019066742368580411,0.06123524845068872,6.333333333333333,1,1,1,0.9820951335147601,7.833333333333334,0.8660254037844389,percentage,False,,6-8人
13,6,7,Chaz Bono,0.029936728528516192,0.02226476626309036,0.0022005997802726374,0.07289875989185272,6.333333333333333,1,1,1,0.9782201568538064,7.904761904761905,1.2307474269828649,percentage,False,,6-8人
13,7,6,David Arquette,0.02938769376419837,0.024572363667886916,0.0019024694212114914,0.08018794916512485,7.833333333333333,2,1,0,0.9760169564012835,8.13888888888889,0.4851180332381387,percentage,False,,4-6人
13,8,5,Nancy Grace,0.05113683357125199,0.03782165058949493,0.00414781820525592,0.12478277622120805,7.333333333333333,1,1,1,0.9635566953454752,8.633333333333333,0.8459051693633014,percentage,False,,4-6人
13,9,4,Hope Solo,0.08012249684146205,0.05759544290932151,0.005163187425771036,0.19021381262650425,8.1666,1,1,1,0.9455411392934115,9.874958333333334,1.2040167153174777,percentage,False,,<4人
14,2,12,Martina Navratilova,0.014415172648091255,0.010290189460074267,0.0011426755214138033,0.03436093063368171,5.666666666666667,1,1,1,0.9898146200295447,7.472222222222222,0.9275448809479999,percentage,False,,>10人
14,3,11,Jack Wagner,0.009747568280098791,0.008347043991011667,0.0006899480050179634,0.0262045554400511,8.0,1,1,1,0.9917220524017463,8.484848484848486,0.5749595745760688,percentage,False,,>10人
14,4,10,Sherri Sheperd,0.013206645154280846,0.010846312412206996,0.000960561013856306,0.03484916224172279,7.0,2,1,0,0.9892700677847613,7.7666666666666675,0.7461009761866462,percentage,False,,8-10人
14,5,9,Gavin DeGraw,0.021805774948904844,0.015984493594719096,0.0018122801893687946,0.05192343701301377,6.333333333333333,1,1,1,0.9842669905933669,8.296296296296296,1.1270462262742917,percentage,False,,8-10人
14,6,8,Gladys Knight,0.026681336425852884,0.01904677504933424,0.0019411350720433475,0.06249740039090289,8.0,1,1,1,0.9813092239574458,10.749970833333332,1.587706898366801,percentage,False,,6-8人
14,7,7,Jaleel White,0.02218837687164211,0.018699738708963656,0.001621980940505502,0.06164499515113854,8.5,2,1,0,0.981643522621629,8.738095238095239,0.47020042043170246,percentage,False,,6-8人
14,8,6,Roshon Fegan,0.026846594054927196,0.022640360584189483,0.001431171505389893,0.07251298996220616,9.333333333333334,5,1,0,0.9778608771403703,9.083333333333334,0.32984283575105316,percentage,False,,4-6人
14,8,6,Melissa Gilbert,0.03186302146396002,0.02612545117513175,0.002510173087505743,0.08383741744116201,8.5,1,1,1,0.9745397103782851,9.083333333333334,0.32984283575105316,percentage,False,,4-6人
14,9,4,Maria Menounos,0.0612020030419734,0.04641859643465839,0.004119394476838133,0.15128788976190266,9.833333333333334,4,1,0,0.9556405088816128,9.583333333333334,0.1863389981249824,percentage,False,,<4人
15,1,13,Pamela Anderson,0.011294367285422961,0.00796192059454185,0.0009562282154585528,0.025582009146408815,5.666666666666667,1,1,1,0.9921009708483377,7.08974358974359,0.6392282493496364,percentage,False,,>10人
15,2,12,Joey Fatone,0.007782552203043575,0.006723504033713919,0.000525089960427427,0.020786888938830336,7.5,5,1,0,0.993321399563262,7.666666666666665,0.6972166887783962,percentage,False,,>10人
15,3,11,Helio Castroneves,0.008438603440676831,0.0075508342639502065,0.0004420586993611216,0.02371869816558261,8.5,8,1,0,0.9925057535489349,8.424242424242424,0.4344021571767107,percentage,False,,>10人
15,3,11,Drew Lachey,0.010069327418460006,0.008137830587627102,0.00072073071307573,0.02653257776317695,8.0,3,1,0,0.9919278591272745,8.424242424242424,0.4344021571767107,percentage,False,,>10人
15,4,9,Bristol Palin,0.016271333348627733,0.012837929830937057,0.0011868735274755046,0.041093438299511335,8.0,2,1,0,0.9873247935796796,8.930555555555555,0.752567621341337,percentage,False,,8-10人
15,6,8,Sabrina Bryan,0.015336798229200511,0.013303593436828959,0.0010105611241779074,0.042213106625680036,10.0,7,1,0,0.9868710685297118,9.416666666666666,0.4330127018922194,percentage,False,,6-8人
15,8,7,Gilles Marini,0.0199540549861807,0.016947256153574952,0.0014113577474212902,0.05480260046769912,9.759233333333333,5,1,0,0.9833351670393655,9.489400000000002,0.4583147674161785,percentage,False,,6-8人
15,8,7,Kirstie Alley,0.02606835935360213,0.020248455500375934,0.0020701658752455107,0.06737339197634548,8.5,1,1,1,0.9801534073477767,9.489400000000002,0.4583147674161785,percentage,False,,6-8人
15,9,5,Apolo Anton Ohno,0.041287076054456806,0.03344331689380061,0.0028857128334015517,0.10931662055383312,9.537,3,1,0,0.9676389441519438,9.39998,0.3272301015765172,percentage,False,,4-6人
15,9,5,Emmitt Smith,0.04269852639381683,0.03416562745580582,0.0033559370613438816,0.11068481744157609,9.0,1,1,1,0.9669630989961849,9.39998,0.3272301015765172,percentage,False,,4-6人
16,3,11,Wynonna Judd,0.017872621329840653,0.01344474717474466,0.0013241404298521592,0.043252554522076644,5.0,1,1,1,0.9867336160040044,7.121200000000001,1.1999231689208822,percentage,False,,>10人
16,4,10,Lisa Vanderpump,0.016748809726984094,0.01282609055330105,0.0012807989482433626,0.03967349579600121,6.0,2,1,0,0.9873363347637557,7.466666666666667,1.0456258094238746,percentage,False,,8-10人
16,5,9,D. L. Hughley,0.021271978911269217,0.0163715869890559,0.001732846643128127,0.05383719531793867,6.0,1,1,1,0.9838921244959672,7.74074074074074,1.235061629669116,percentage,False,,8-10人
16,6,8,Victor Ortiz,0.021225471289702594,0.01632030440465832,0.001448283509397483,0.0536132420949359,6.666666666666667,1,1,1,0.9839417707843411,7.854166666666667,0.7473912964438373,percentage,False,,6-8人
16,7,7,Andy Dick,0.03989221523248972,0.026880341470751745,0.0035008485171684053,0.08926702275011936,5.666666666666667,1,1,1,0.9738232972380674,8.761904761904761,1.5297503242103816,percentage,False,,6-8人
16,8,6,Sean Lowe,0.038704396586640266,0.028782926829529955,0.0032169837835348443,0.09277100643071504,7.0,1,1,1,0.9720223517722711,8.638888888888888,0.9048054152723517,percentage,False,,4-6人
16,9,5,Ingo Rademacher,0.04617817066511513,0.03551777298466207,0.003951849926825551,0.11776695873522167,8.5,1,1,1,0.9657004699375757,9.4,0.5120763831912408,percentage,False,,4-6人
16,10,4,Alexandra Raisman,0.06239080577693192,0.048308380058205265,0.004734731568281291,0.15380227658593712,9.666666666666666,2,1,0,0.9539177774620832,9.749991666666666,0.27639796226033725,percentage,False,,<4人
17,2,12,Keyshawn Johnson,0.01256809058534218,0.009605398257466423,0.0008973916188267345,0.030455711082081678,6.0,2,1,0,0.9904859876204655,7.388888888888889,0.9702360664762766,percentage,False,,>10人
17,3,11,Bill Nye,0.019300930869963834,0.013768383155038215,0.0013717979794566077,0.043984267592505386,5.333333333333333,2,1,0,0.9864186106177544,7.727272727272726,1.204521631172836,percentage,False,,>10人
17,4,10,Valerie Harper,0.01825972948073599,0.013033911820046895,0.0015923257909891424,0.042730505840188275,6.0,1,1,1,0.9871337852879676,7.9,0.9433981132056604,percentage,False,,8-10人
17,5,9,Christina Milian,0.011619706308933647,0.010316588261603239,0.0008040396126908399,0.032072563438224386,9.333333333333334,9,1,0,0.9897887569288015,8.703703703703702,0.6175308148345582,percentage,False,,8-10人
17,7,8,"Nicole ""Snooki"" Polizzi",0.01624550788947131,0.01391570354833887,0.0011344775986882136,0.04434045129092381,9.0,4,1,0,0.9862752855097925,9.229166666666668,0.4925662673973704,percentage,False,,6-8人
17,8,7,Brant Daugherty,0.02159355621428918,0.018124938279504444,0.0012247766761457205,0.05785463236883558,9.0,3,1,0,0.9821977268230625,9.142857142857142,0.7095078297976828,percentage,False,,6-8人
17,9,6,Elizabeth Berkley Lauren,0.02648948106278738,0.022005492797790467,0.001631104268813527,0.0701983979402833,9.333333333333334,5,1,0,0.9784683223790224,8.75,0.8593171276810011,percentage,False,,4-6人
17,10,5,Leah Remini,0.045864387538324364,0.0354867899713872,0.002827504619571421,0.11612376751166939,8.125,2,1,0,0.9657293648600117,8.75,0.85146931829632,percentage,False,,4-6人
17,11,4,Corbin Bleu,0.06285829828642156,0.047443306370322805,0.004516055530368971,0.1558590648369185,9.8888,3,1,0,0.9547056092852159,9.541616666666666,0.7183287147956711,percentage,False,,<4人
17,11,4,Amber Riley,0.05705699873689716,0.044852389975249284,0.003725951353940368,0.14632960847209509,10.4444,4,1,0,0.9570729890599075,9.541616666666666,0.7183287147956711,percentage,False,,<4人
17,11,4,Bill Engvall,0.06947375489290887,0.05279096434720306,0.005509620204047619,0.17323161191791311,8.499966666666666,1,1,1,0.9498561764538539,9.541616666666666,0.7183287147956711,percentage,False,,<4人
17,11,4,Jack Osbourne,0.06659399018985065,0.051232481365755936,0.004872227820396737,0.17093488181571814,9.3333,2,1,0,0.9512643660903677,9.541616666666666,0.7183287147956711,percentage,False,,<4人
18,2,11,Sean Avery,0.010310500827281804,0.008468964530618978,0.0006227524814672934,0.026426051816858077,7.0,3,1,0,0.991602156508048,7.393939393939394,0.9408590725006076,percentage,False,,>10人
18,5,9,Cody Simpson,0.014073344321055153,0.011548879232836453,0.0011674241905832994,0.03709330110014713,8.5,2,1,0,0.9885829746145385,8.944444444444445,0.8146043499230655,percentage,False,,8-10人
18,6,8,Drew Carey,0.018924832318042074,0.015029056969267955,0.0014393687124355952,0.04860639612844545,8.0,2,1,0,0.9851934711956497,8.8125,0.6702378309227255,percentage,False,,6-8人
18,7,7,NeNe Leakes,0.024617574745546333,0.01980528011252049,0.0018854823496534377,0.06429592664272331,8.25,1,1,1,0.9805793512754363,9.035714285714286,0.44678557154274295,percentage,False,,6-8人
18,8,6,Danica McKellar,0.028878204682551048,0.02382327146513885,0.0020938173256786516,0.07729768852241657,9.5,4,1,0,0.9767310705576688,9.416666666666666,0.4487637339278754,percentage,False,,4-6人
18,9,5,Charlie White,0.041711908519684725,0.03397538538763628,0.003079021819620321,0.1097191309229189,9.5,3,1,0,0.9671410114130531,9.55,0.33166247903553997,percentage,False,,4-6人
18,10,4,James Maslow,0.06104477967637111,0.04745528262422003,0.004161564963722991,0.15364643080766788,9.666666666666666,2,1,0,0.9546946935001092,9.555533333333333,0.5270708723164698,percentage,False,,<4人
19,1,13,Lolo Jones,0.012512773572314088,0.009168065076659338,0.0009790151113413838,0.029802887618794894,5.5,2,1,0,0.9909152247341846,7.153846153846154,1.1203470510484237,percentage,False,,>10人
19,2,12,Tavis Smiley,0.009192846993593757,0.007485928970674937,0.0006487379616267918,0.023944555472241506,7.0,5,1,0,0.9925696937739634,7.541666666666667,0.7488416981504762,percentage,False,,>10人
19,3,11,Randy Couture,0.013782882690796663,0.01070201544781751,0.0012186660943967185,0.03462389131746704,6.5,1,1,1,0.9894113049303898,8.022727272727273,1.073728346456156,percentage,False,,>10人
19,4,10,Betsey Johnson,0.013991378466227136,0.011706341452113423,0.0007933594163237272,0.037250403151248765,7.25,5,1,0,0.9884291113216596,8.0,1.3738631664034087,percentage,False,,8-10人
19,6,9,Jonathan Bennett,0.014395290870690781,0.012211644063898052,0.0010094302200962658,0.03854366362959778,8.0,4,1,0,0.9879356811043293,8.13888888888889,0.8669159185737353,percentage,False,,8-10人
19,7,8,Antonio Sabato Jr.,0.019559945623757274,0.015606233031609037,0.001777315477397851,0.050867430282676374,7.375,2,1,0,0.984633578916679,8.078125,0.7498372219188641,percentage,False,,6-8人
19,8,7,Michael Waltrip,0.03627267402587607,0.025662736926395233,0.0034962046501558898,0.08355009468579581,6.25,1,1,1,0.9749793611462391,8.857142857142858,1.5746719775034717,percentage,False,,6-8人
19,9,6,Lea Thompson,0.028831348075606406,0.023727890682026097,0.002057717661002577,0.07523900951194173,8.75,2,1,0,0.976822072644501,8.916666666666666,0.855943274340589,percentage,False,,4-6人
19,10,5,Tommy Chong,0.04929045415724902,0.037762669378448604,0.0041750406330821775,0.12591996989785098,7.75,1,1,1,0.9636114590621516,9.125,0.7071067811865476,percentage,False,,4-6人
19,11,4,Janel Parrish,0.06271770288322906,0.0494936285800226,0.004355048844566945,0.16333196456956378,9.749950000000002,2,1,0,0.9528404677911307,9.7708125,0.18042051703935993,percentage,False,,<4人
19,11,4,Alfonso Ribeiro,0.05897133336576096,0.04632970609590405,0.004004840018107064,0.1521808942119045,10.0,4,1,0,0.9557216947717457,9.7708125,0.18042051703935993,percentage,False,,<4人
19,11,4,Bethany Mota,0.06555433182939079,0.050141038283107266,0.0047637990780396225,0.16558233838646122,9.5,1,1,1,0.9522530436815575,9.7708125,0.18042051703935993,percentage,False,,<4人
19,11,4,Sadie Robertson,0.06075107455813701,0.04765219862595901,0.004605802778592263,0.155962085244475,9.8333,3,1,0,0.9545152497284338,9.7708125,0.18042051703935993,percentage,False,,<4人
20,2,12,Redfoo,0.006645443928417718,0.006090200291910026,0.0004396385199537753,0.018488803952665014,7.75,8,1,0,0.9939466657262509,7.229166666666667,0.8444570083129684,percentage,False,,>10人
20,3,11,Charlotte McKinney,0.015717810743958362,0.012050473096036298,0.0009296654038747806,0.0388635350112878,5.5,1,1,1,0.9880930117455785,7.113636363636363,1.099398783858893,percentage,False,,>10人
20,4,10,Michael Sam,0.013087192769704463,0.010450491435598881,0.0008117300949696674,0.03418224554936543,7.5,3,1,0,0.9896575918125871,8.125,0.8961724164467461,percentage,False,,8-10人
20,5,9,Suzanne Somers,0.017364117433240556,0.0136660896315591,0.0010826601313305853,0.04416526006380458,7.0,4,1,0,0.9865181544777469,7.861111111111111,1.3647909440598052,percentage,False,,8-10人
20,6,8,Patti LaBelle,0.017989339022492654,0.015089331906766229,0.0011772123065010276,0.04854006349998305,8.5,3,1,0,0.9851349714429349,8.84375,0.3630921887069453,percentage,False,,6-8人
20,7,7,Willow Shields,0.01842513003337681,0.016041566205025743,0.0012296763116702734,0.0507534941279347,9.75,6,1,0,0.9842117028096184,9.071428571428571,0.8935711430854859,percentage,False,,6-8人
20,8,6,Robert Herjavec,0.03389634831017123,0.027321369503502647,0.002136417335505822,0.0872227819016062,7.75,1,1,1,0.9734052358740412,8.8125,0.9512875047359062,percentage,False,,4-6人
20,8,6,Chris Soules,0.033017112380406166,0.026545499483897877,0.002154984023326093,0.08405882324027264,8.0,3,1,0,0.9741409421236139,8.8125,0.9512875047359062,percentage,False,,4-6人
20,9,4,Nastia Liukin,0.06338498540783237,0.04912817351677114,0.0038239120949433744,0.16118954630839774,10.0,4,1,0,0.9531723818338714,9.8125,0.2072890493972125,percentage,False,,<4人
21,2,13,Victor Espinoza,0.0091299296146501,0.007324658690562289,0.0005837841116754621,0.02273567550385213,6.166666666666667,3,1,0,0.9927286018193145,6.935897435897437,0.968606500898672,percentage,False,,>10人
21,2,13,Chaka Khan,0.012857333603180794,0.009301168007734305,0.0010346901044248,0.030223809814427665,5.0,1,1,1,0.9907845464737804,6.935897435897437,0.968606500898672,percentage,False,,>10人
21,4,10,Gary Busey,0.022250777370651002,0.015281832758242075,0.0019400691575709136,0.0509023377357674,5.333333333333333,1,1,1,0.9849481865377956,7.866666666666667,1.3012814197295426,percentage,False,,8-10人
21,6,9,Paula Deen,0.02526401919489887,0.018390416548633767,0.0019662495266486997,0.059773900763055686,6.0,1,1,1,0.9819416834155219,8.694444444444445,1.3933262448871613,percentage,False,,8-10人
21,7,8,Hayes Grier,0.016173101575906575,0.014199187508094027,0.0009568107812765864,0.0440382514379107,9.333333333333334,7,1,0,0.985999606701538,9.208333333333334,0.24650332429581723,percentage,False,,6-8人
21,8,7,Andy Grammer,0.025962427660234638,0.020284796057588456,0.0019522396724511873,0.06671064489040097,7.999933333333334,1,1,1,0.9801184961924655,9.238066666666667,0.9035189463144678,percentage,False,,6-8人
21,9,6,Alexa PenaVega,0.02558471758641479,0.021353476851292404,0.0016470269022545172,0.06817306207837448,10.0,5,1,0,0.979092961119472,9.138888888888888,0.6899856860207902,percentage,False,,4-6人
21,11,4,Carlos PenaVega,0.062159358620119405,0.048224673590163976,0.004068576698600196,0.15707133067563855,10.0,2,1,0,0.9539939530091439,9.833325,0.2886895683515428,percentage,False,,<4人
21,11,4,Alek Skarlatos,0.06680833458753785,0.05195554367608733,0.004459063078238989,0.1657948182327077,9.3333,1,1,1,0.9506105139248308,9.833325,0.2886895683515428,percentage,False,,<4人
21,11,4,Nick Carter,0.06033176680138644,0.04635921775494357,0.004278122011818708,0.150347812133937,10.0,3,1,0,0.9556947394658486,9.833325,0.2886895683515428,percentage,False,,<4人
21,11,4,Bindi Irwin,0.06303625812030691,0.049079863545374455,0.005001784918370852,0.1609754821891143,10.0,4,1,0,0.9532162752800263,9.833325,0.2886895683515428,percentage,False,,<4人
22,2,12,Geraldo Rivera,0.016727912653223917,0.011660228041982482,0.001386332232563493,0.03789023592276179,4.333333333333333,1,1,1,0.988474165813012,6.555555555555556,1.003081671403766,percentage,False,,>10人
22,3,11,Mischa Barton,0.012891775599518552,0.010124284297947518,0.0009821346402484146,0.03266961928170733,6.0,1,1,1,0.9899771894851692,7.181818181818182,0.6569540420811758,percentage,False,,>10人
22,4,10,Marla Maples,0.01433635543033184,0.011088494824930763,0.0009757459349936399,0.035875100975439,7.0,3,1,0,0.9890331114618699,7.975,0.9965565713997374,percentage,False,,8-10人
22,6,9,Doug Flutie,0.018836703432913923,0.01431444258345799,0.0018061825995360297,0.04675428685437861,7.0,1,1,1,0.9858875689998072,8.407407407407408,0.7662281802065629,percentage,False,,8-10人
22,7,8,Kim Fields,0.016800217285731608,0.01453168960890621,0.0011068803137284278,0.04679777816076389,8.666666666666666,2,1,0,0.9856764556910902,8.916666666666666,0.3004626062886659,percentage,False,,6-8人
22,7,8,Von Miller,0.0165792898328223,0.014061199722293511,0.0009738776816540073,0.04443859475151201,8.666666666666666,3,1,0,0.9861337760224489,8.916666666666666,0.3004626062886659,percentage,False,,6-8人
22,8,6,Jodie Sweetin,0.0246580527210676,0.021741123297125766,0.0014602127423238864,0.06861112896536331,10.0,5,1,0,0.9787214952971963,9.38888888888889,0.5905636562630359,percentage,False,,4-6人
22,9,5,Antonio Brown,0.042908315042208774,0.03507512102138526,0.0026279582924678313,0.11563323787682137,9.166666666666666,1,1,1,0.9661134536913861,9.566666666666666,0.3091206165165236,percentage,False,,4-6人
22,9,5,Wanya Morris,0.03848510891009268,0.031621131005688405,0.002273241412710258,0.10219102576802115,10.0,5,1,0,0.9693481162266789,9.566666666666666,0.3091206165165236,percentage,False,,4-6人
23,2,13,Jake T. Austin,0.008868433495602951,0.0069522902355966575,0.0007320235154537077,0.02238895995073756,6.0,2,1,0,0.9930957103896451,6.769230769230769,0.7368170792564621,percentage,False,,>10人
23,3,12,Rick Perry,0.011769650735800686,0.00858536831584211,0.0010225047850888258,0.028400705738250008,5.75,1,1,1,0.9914877128049377,6.770833333333333,0.7249880267210549,percentage,False,,>10人
23,4,11,Babyface,0.015620145513556104,0.011476207070595382,0.0011267802445494466,0.03638587183311748,6.0,1,1,1,0.9886540019524213,7.909090909090909,1.0258370230188338,percentage,False,,>10人
23,4,11,Vanilla Ice,0.009872360605307783,0.008662165329534717,0.0005232662198842228,0.027174019173588096,7.666666666666667,5,1,0,0.9914122234110916,7.909090909090909,1.0258370230188338,percentage,False,,>10人
23,6,9,Amber Rose,0.018875566859043128,0.014424530819353036,0.0012460292291331676,0.047258304637380975,7.0,1,1,1,0.9857805776761901,8.472222222222221,1.0099810534832137,percentage,False,,8-10人
23,7,8,Maureen McCormick,0.017423187108529286,0.015184709602058685,0.0010586518712435717,0.0476684625116699,8.25,2,1,0,0.9850424169528608,8.609375,0.4259066615762191,percentage,False,,6-8人
23,8,7,Ryan Lochte,0.025340520626280873,0.02017058720062557,0.001773815529100675,0.06391776433608584,8.666666666666666,3,1,0,0.9802282211880132,9.571419047619047,1.3996941682798258,percentage,False,,6-8人
23,9,6,Marilu Henner,0.031011418098967743,0.025085547227337083,0.002075657945802943,0.07980218324698271,9.0,1,1,1,0.9755283378102553,9.458333333333334,0.4187448175467038,percentage,False,,4-6人
23,10,5,Terra Jole,0.03832987962763718,0.03211944870122066,0.002376140114283728,0.10316018866749659,10.0,5,1,0,0.9688801051645345,9.766666666666667,0.24944382578492932,percentage,False,,4-6人
23,11,4,Calvin Johnson Jr.,0.062575126892137,0.047298158041019174,0.004398243251936081,0.15326576379191084,9.583275,2,1,0,0.9548379249234136,9.51038125,0.3777209739737621,percentage,False,,<4人
23,11,4,Laurie Hernandez,0.059126319478426066,0.04519200897276628,0.0045973940410915515,0.14754554264021663,9.8333,4,1,0,0.9567620029766762,9.51038125,0.3777209739737621,percentage,False,,<4人
23,11,4,James Hinchcliffe,0.05935812894077312,0.04675527985751097,0.004417397952253612,0.15172189606237532,9.74995,3,1,0,0.9553331320536778,9.51038125,0.3777209739737621,percentage,False,,<4人
23,11,4,Jana Kramer,0.06747125558331726,0.05051009460422262,0.004946298475227602,0.16303982328333372,8.875,1,1,1,0.9519185061965042,9.51038125,0.3777209739737621,percentage,False,,<4人
24,2,12,Chris Kattan,0.012519122645664032,0.009163096192859967,0.0010468200741027879,0.02985702679293364,5.5,2,1,0,0.9909201037697193,6.833333333333333,0.7993052538854533,percentage,False,,>10人
24,3,11,Charo,0.013204380282279469,0.010246143020565361,0.0009317889241118379,0.03304018467034276,6.0,1,1,1,0.9898577756605632,7.159090909090909,0.9610170232666352,percentage,False,,>10人
24,4,10,Mr. T,0.014851880695494372,0.01154188448619543,0.0012049472563612992,0.037899516009887536,7.0,1,1,1,0.9885898106018042,8.15,0.7762087348130011,percentage,False,,8-10人
24,5,9,Erika Jayne,0.014384348984614537,0.01179607377138577,0.0009359140113102325,0.038021906789186474,8.0,4,1,0,0.9883414513288069,8.444444444444445,0.8060343404748282,percentage,False,,8-10人
24,6,8,Heather Morris,0.013643378406444374,0.012474326868255338,0.0006186374806628306,0.038416715866678296,9.25,8,1,0,0.9876793647629165,8.40625,0.5650981662507851,percentage,False,,6-8人
24,7,7,Nancy Kerrigan,0.022569437065971743,0.0180038531930052,0.0017732842481620907,0.056624047928995544,9.0,4,1,0,0.9823145529984633,9.035714285714286,0.9394961741404219,percentage,False,,6-8人
24,7,7,Nick Viall,0.023979271365214352,0.019274033750971354,0.0016623784300711984,0.06053242586161363,8.5,3,1,0,0.9810904299405704,9.035714285714286,0.9394961741404219,percentage,False,,6-8人
24,8,5,Bonner Bolton,0.05075469467558021,0.03808516447171671,0.0033034807820689206,0.12597834413758588,7.25,1,1,1,0.9633121002253238,8.725,0.9334077351297234,percentage,False,,4-6人
24,9,4,Simone Biles,0.05991035576777163,0.04559087363787676,0.003790143242684113,0.14637521509812196,10.0,4,1,0,0.956397024125455,9.46875,0.4539324701979359,percentage,False,,<4人
25,2,13,Barbara Corcoran,0.011060435527789146,0.008139998213107855,0.0008919084485014936,0.02631692350590177,5.666666666666667,1,1,1,0.9919257263598947,7.012820512820511,0.7085000963922101,percentage,False,,>10人
25,2,13,Debbie Gibson,0.007146795638872081,0.005843368818723801,0.0005201170182001603,0.0184221079055991,6.833333333333333,6,1,0,0.9941905777779434,7.012820512820511,0.7085000963922101,percentage,False,,>10人
25,4,11,Derek Fisher,0.010592430948258442,0.008562816246876812,0.0007714797210266392,0.027317377185079546,7.666666666666667,2,1,0,0.9915098830643577,8.212121212121211,0.6239775843022424,percentage,False,,>10人
25,5,10,Sasha Pieterse,0.012131354605764215,0.009861111166748544,0.0007988905862621986,0.031363870712931737,8.0,2,1,0,0.990235180800897,8.7,0.7951240294584375,percentage,False,,8-10人
25,6,9,Nick Lachey,0.022720463759809323,0.016589283518786937,0.0017506362233119077,0.05461571580185513,6.5,1,1,1,0.9836814298677581,8.5,1.1055415967851334,percentage,False,,8-10人
25,7,8,Nikki Bella,0.02022121252922326,0.015783376531830633,0.0013350500914685128,0.0503743672045463,8.0,1,1,1,0.9844618676614697,8.958333333333332,0.6548430685625714,percentage,False,,6-8人
25,7,8,Vanessa Lachey,0.01564743161586309,0.013989099677915822,0.0008789117465679554,0.04420974510488335,9.0,5,1,0,0.9862038954044385,8.958333333333332,0.6548430685625714,percentage,False,,6-8人
25,8,6,Terrell Owens,0.028406440512833322,0.02307564161086716,0.0019547109861611837,0.07586485673823805,8.5,3,1,0,0.9774448333316452,8.694444444444445,0.7163220532348682,percentage,False,,4-6人
25,9,5,Victoria Arlen,0.03825904069337895,0.031384384062597616,0.0024043257885705055,0.10007630703808316,9.333333333333334,3,1,0,0.9695706231861149,9.0,0.6411794687223782,percentage,False,,4-6人
25,10,4,Drew Scott,0.06456216411697067,0.049274582313710735,0.005143992079699225,0.16238685032699499,9.375,1,1,1,0.9530393824988523,9.77429375,0.2569233764513994,percentage,False,,<4人
26,1,10,Jamie Anderson,0.013392483346402088,0.010433328278248619,0.001084653793779689,0.03341035582231924,6.333333333333333,3,1,0,0.9896744020745765,7.0,0.7888106377466155,percentage,False,,8-10人
26,1,10,Johnny Damon,0.015041928415403054,0.011664767262877105,0.001241702160654439,0.03718808806262839,6.0,2,1,0,0.98846973064562,7.0,0.7888106377466155,percentage,False,,8-10人
26,2,8,Kareem Abdul-Jabbar,0.02124449933584627,0.016518088109437407,0.0020024178870773324,0.05497399782114908,7.375,1,1,1,0.9837503254465857,8.359375,0.6325713274999113,percentage,False,,6-8人
26,2,8,Arike Ogunbowale,0.015196652976637472,0.012803830843330706,0.0008913283974507814,0.041067183243922674,8.75,6,1,0,0.9873580347413681,8.359375,0.6325713274999113,percentage,False,,6-8人
26,3,6,Jennie Finch Daigle,0.038954483293034414,0.02930790026839342,0.0028899721030860126,0.09627636722462925,7.25,1,1,1,0.971526595432959,8.791666666666666,0.9400428477232066,percentage,False,,4-6人
26,3,6,Chris Mazdzer,0.03147811536719897,0.024760357877723866,0.0025080115191395444,0.08059434698183869,8.25,2,1,0,0.9758379042598775,8.791666666666666,0.9400428477232066,percentage,False,,4-6人
26,3,6,Mirai Nagasu,0.02875782299396747,0.024293124970830988,0.0018573937045442588,0.0765342534127941,8.75,3,1,0,0.976283034242251,8.791666666666666,0.9400428477232066,percentage,False,,4-6人
27,1,13,Nikki Glaser,0.00875986549804064,0.006855271821935017,0.0006183528459081363,0.021631085785829285,5.833333333333333,2,1,0,0.99319140296149,6.538461538461538,0.8195106058716353,percentage,False,,>10人
27,2,12,Danelle Umstead,0.012567800692260772,0.009405061744618245,0.0012160700773979393,0.030512724097242806,6.166666666666667,2,1,0,0.9906825692667294,7.513888888888889,0.9585346004432564,percentage,False,,>10人
27,3,11,Nancy McKeon,0.011431143163678395,0.009162628544323542,0.0007580339221562471,0.02930744502628972,7.333333333333333,3,1,0,0.9909205629646232,8.212121212121211,1.0850008357556458,percentage,False,,>10人
27,4,10,Tinashe,0.008947908664278754,0.008249731878666643,0.0005043315972153523,0.02572310891674853,8.666666666666666,9,1,0,0.9918177693305258,7.7333333333333325,1.2364824660660936,percentage,False,,8-10人
27,6,9,Mary Lou Retton,0.015648129144401904,0.012901997685856814,0.0011485794633136392,0.04025300090219707,8.0,4,1,0,0.9872623435284622,8.481481481481481,1.2383891479481843,percentage,False,,8-10人
27,7,8,John Schneider,0.01691643235360534,0.014839993074246145,0.0010368330943677684,0.047461958322492045,9.0,4,1,0,0.9853770119668899,9.0625,0.5769742676719263,percentage,False,,6-8人
27,7,8,DeMarcus Ware,0.017407995022054194,0.014309946522144715,0.001316276518034385,0.04549657620979547,8.833333333333334,2,1,0,0.98589193907522,9.0625,0.5769742676719263,percentage,False,,6-8人
27,8,6,Juan Pablo Di Pace,0.0233138968296772,0.019427518361460297,0.0014388785611536795,0.06131992358140677,10.0,6,1,0,0.9809427173471966,8.944444444444443,0.9938079899999064,percentage,False,,4-6人
27,8,6,Joe Amabile,0.03745272110384785,0.02809553921404403,0.002876148420541387,0.09258999680999569,7.666666666666667,2,1,0,0.9726722486943943,8.944444444444443,0.9938079899999064,percentage,False,,4-6人
28,2,12,Mary Wilson,0.00787754853822194,0.007208552579460187,0.00042201572079865387,0.022625777710695835,5.0,3,1,0,0.9928430387520051,6.083333333333333,1.0374916331657278,rank,False,,>10人
28,4,10,Lamar Odom,0.009580774504791108,0.009007593468675522,0.0005271489495033133,0.02814885220247457,5.0,1,1,1,0.9910728189490526,7.05,1.088577052853862,rank,False,,8-10人
28,6,9,Sailor Brinkley-Cook,0.03686490623405378,0.031779587369770115,0.0024198627211790024,0.10315625421673967,9.0,9,1,0,0.969199247825029,8.444444444444445,0.6085806194501845,rank,False,,8-10人
28,7,8,Karamo Brown,0.019038417240268012,0.01736997905855695,0.0010439562744308827,0.05420511611539891,8.166666666666666,3,1,0,0.9829265857887506,8.416666666666666,0.6454972243679029,rank,False,,6-8人
28,8,7,Kate Flannery,0.02874045784475269,0.024679397075037662,0.0018030999393281735,0.07968808033206569,8.6666,3,1,0,0.9759150060541031,9.190438095238095,1.3552414420197607,rank,False,,6-8人
28,9,6,Sean Spicer,0.02752254758631336,0.023220936784599855,0.0018657193230553347,0.07262594280763542,6.25,1,1,1,0.9773060382662125,8.6875,1.1631270710173216,rank,False,,4-6人
28,10,5,James Van Der Beek,0.04020156748706448,0.032426239925289764,0.0027682934753641875,0.10536069595389193,8.5,1,1,1,0.9685921970293624,9.166666666666668,0.45946829173634085,rank,False,,4-6人
28,11,4,Kel Mitchell,0.12784475802487752,0.0970702923709934,0.009306957386883976,0.3218461487646587,9.833333333333334,3,1,0,0.9115186209616482,9.75,0.18633899812498259,rank,False,,<4人
28,11,4,Ally Brooke,0.2504420208039917,0.19579916506708822,0.014797066582123,0.645612565185791,10.0,4,3,0,0.8362608280830307,9.75,0.18633899812498259,rank,False,,<4人
28,11,4,Hannah Brown,0.08200383155323417,0.0642890756758202,0.005002359235658896,0.20982375773286122,9.666666666666666,2,1,0,0.9395943478655017,9.75,0.18633899812498259,rank,False,,<4人
29,2,15,Charles Oakley,0.004636592825305464,0.004515243236313181,0.00021969054515765104,0.013833042936988525,5.0,2,1,0,0.9955050525447816,6.0666666666666655,0.6906786785742245,rank,False,,>10人
29,3,14,Carole Baskin,0.0050508160305312915,0.004756188325994889,0.00029399078796370665,0.014587330126481727,4.0,1,1,1,0.9952663259194064,6.69047619047619,1.101689076310407,rank,False,,>10人
29,4,13,Anne Heche,0.007707899783080135,0.007108899043533968,0.0004152961148404217,0.02291361707388968,7.0,1,1,1,0.9929412806794922,7.717948717948717,0.6646913536828576,rank,False,,>10人
29,5,12,Jesse Metcalfe,0.007372284535164079,0.006871081809639272,0.0003437992028677475,0.020871733921090804,6.333333333333333,1,1,1,0.9931758077734341,7.972222222222222,0.9666507022947397,rank,False,,>10人
29,6,11,Veron Davis,0.008662658467235114,0.007969665119657686,0.0005008100732799952,0.02447735154411377,7.0,2,1,0,0.9920933482470312,8.121212121212121,0.945726456625893,rank,False,,>10人
29,7,10,Monica Aldama,0.00941968718739023,0.008683542908873392,0.0005134670755463146,0.026807002137358624,7.333333333333333,1,1,1,0.9913912118722275,8.666666666666666,0.6666666666666667,rank,False,,8-10人
29,8,8,Chrishell Stause,0.02686667476816285,0.022785664828800026,0.0016820195641794322,0.07243746914640126,9.0,3,1,0,0.9777219552323173,9.249983333333333,0.6180142939285467,rank,False,,6-8人
29,9,7,AJ McLean,0.024281621356999177,0.021099551187848505,0.001573678849721435,0.06806902183026099,8.333266666666667,2,1,0,0.9793364406405788,9.190438095238095,0.7737232193336674,rank,False,,6-8人
29,10,6,Skai Jackson,0.042245707624099266,0.0346877178923181,0.0028730549606580365,0.11090275647411942,9.5,2,1,0,0.9664751815523839,9.666666666666666,0.2545875386086577,rank,False,,4-6人
29,10,6,Johnny Weir,0.033136167428792995,0.027997959409923202,0.0018452901977770151,0.0901181046496454,9.5,3,1,0,0.9727645768616174,9.666666666666666,0.2545875386086577,rank,False,,4-6人
29,11,4,Nev Schulman,0.1224155486593762,0.09874593560382855,0.006785146403947473,0.32103598651995335,10.0,3,1,0,0.9101285088717425,9.875,0.21650635094610965,rank,False,,<4人
29,11,4,Nelly,0.063673983095068,0.049446637303810194,0.004423918814213117,0.1621524247006175,9.5,1,1,1,0.9528831333140995,9.875,0.21650635094610965,rank,False,,<4人
29,11,4,Kaitlyn Bristowe,0.08414231695951456,0.06545427148141815,0.005804309948000718,0.21446182589713647,10.0,4,1,0,0.9385667942459793,9.875,0.21650635094610965,rank,False,,<4人
30,2,15,Martin Kove,0.004032045487020086,0.0037269845181771904,0.0002592185346680257,0.011268591466653355,3.75,1,1,1,0.9962868543182923,6.416666666666667,1.0027739304327548,rank,False,,>10人
30,3,14,Christine Chiu,0.008744963538589695,0.008420992843858749,0.0004396469161217393,0.026098622331356094,7.0,7,1,0,0.9916493281044153,7.095238095238095,0.6353173363869683,rank,False,,>10人
30,4,13,Brian Austin Green,0.005717533947757283,0.005448576214828836,0.00030424566525808844,0.016901190262204012,6.5,1,1,1,0.9945809498926927,8.01923076923077,0.7319070089994255,rank,False,,>10人
30,4,13,Matt James,0.006683780346718632,0.006258118735682856,0.00041964647578841976,0.019999642835330043,7.125,2,1,0,0.9937808017454349,8.01923076923077,0.7319070089994255,rank,False,,>10人
30,5,11,Melanie C,0.01826976494781996,0.016028169118191708,0.0011507587029772218,0.0530649847971185,9.0,7,1,0,0.9842246803726885,8.75,0.8048150549829897,rank,False,,>10人
30,6,10,Kenya Moore,0.010488798965911544,0.009268927024266356,0.0005443017308338364,0.028762883148064647,8.0,1,1,1,0.9908161969757705,9.1,0.6244997998398398,rank,False,,8-10人
30,7,9,"Mike ""The Miz"" Mizanin",0.012838523521658273,0.011624846740996484,0.0008228403855931392,0.03595946531552267,8.0,1,1,1,0.988508737425295,9.083333333333334,0.74535599249993,rank,False,,8-10人
30,8,8,Jimmie Allen,0.01616221196894435,0.013932551722191567,0.0009768250447823924,0.04440887519899429,8.0,1,1,1,0.9862588969073666,9.625,0.9013878188659973,rank,False,,6-8人
30,8,8,Olivia Jade,0.02125442665962466,0.017912570177426042,0.0015033751717574892,0.05606173549116276,9.0,3,1,0,0.9824026437021955,9.625,0.9013878188659973,rank,False,,6-8人
30,9,6,Melora Hardin,0.03318632372381764,0.028112554023734474,0.00242959840275391,0.09176681874603666,9.0,2,1,0,0.972656151397325,9.416666666666666,0.4124789556921527,rank,False,,4-6人
30,9,6,Suni Lee,0.054592097694513314,0.0456223776472828,0.003457063923166311,0.1425911486353411,9.375,3,1,0,0.9563682084253629,9.416666666666666,0.4124789556921527,rank,False,,4-6人
31,1,16,Jason Lewis,0.004048408619007978,0.003985844750673954,0.00018983158807441304,0.01154817109451017,4.5,2,1,0,0.9960299791361463,5.96875,1.085684547877513,rank,False,,>10人
31,2,15,Teresa Giudice,0.005115577009000806,0.004660351741321972,0.0003064893587252959,0.014367948204544725,5.75,2,1,0,0.9953612663889398,6.866666666666666,0.8003471469028646,rank,False,,>10人
31,3,14,Cheryl Ladd,0.0057532990007507665,0.005147638130712432,0.00028655951466360723,0.01567909054855196,6.0,2,1,0,0.9948787243431366,7.196428571428571,0.8247216599111064,rank,False,,>10人
31,4,13,Sam Champion,0.005640886947932293,0.005225331982485651,0.0003477650002043361,0.01664749593261383,6.25,1,1,1,0.9948018301805224,7.884615384615385,0.858304369400823,rank,False,,>10人
31,5,12,Joseph Baena,0.008427235031791715,0.00806436726301162,0.00038971111534939095,0.02458610299923312,8.75,3,1,0,0.9920001464937134,9.34375,0.8135009859653931,rank,False,,>10人
31,6,10,Jessie James Decker,0.011160688358533113,0.009968006001517033,0.000636089065183284,0.03167472020707789,8.0,2,1,0,0.9901303744848508,8.625,0.7520804478245662,rank,False,,8-10人
31,7,9,Jordin Sparks,0.014284278405832998,0.012520204379945526,0.0008630880090288789,0.038873192194496135,8.625,2,1,0,0.987634612795097,9.041666666666666,0.565194165260439,rank,False,,8-10人
31,8,8,Heidi D'Amelio,0.019213670491914314,0.016528770944156505,0.0011168725638145529,0.051398917517057406,8.75,2,1,0,0.9837399870848667,9.8125,1.242162932146987,rank,False,,6-8人
31,8,8,Vinny Guadagnino,0.015714236314578807,0.014118526691155889,0.0009350232463286592,0.04559691509935855,7.25,1,1,1,0.9860780309997673,9.8125,1.242162932146987,rank,False,,6-8人
31,9,6,Trevor Donovan,0.027205608214331385,0.022922088771710463,0.0015356814756403252,0.07175304610857026,8.125,1,1,1,0.9775915594908752,9.166666666666666,0.6795627679291705,rank,False,,4-6人
31,9,6,Daniel Durant,0.033334996613484075,0.02817121011434,0.0019403678488684145,0.09057260581071273,8.625,2,1,0,0.9726006623826714,9.166666666666666,0.6795627679291705,rank,False,,4-6人
32,1,14,Matt Walsh,0.006083844951457045,0.005836260061554175,0.0003155921991764118,0.017774788121692062,4.0,1,1,1,0.9941976042291445,5.5,1.1251102238772057,rank,False,,>10人
32,2,13,Jamie Lynn Spears,0.008322146234535152,0.00755048372096102,0.0004999582520811471,0.023681275469207234,5.333333333333333,5,1,0,0.992506098857621,6.102564102564102,1.1722184051961497,rank,False,,>10人
32,3,12,Tyson Beckford,0.006814616823894885,0.006536775618130423,0.00040723653707827606,0.02033448107190788,5.0,1,1,1,0.9935056763185666,6.729166666666667,1.1657362361281485,rank,False,,>10人
32,4,11,Adrian Peterson,0.013439408098123202,0.012369993493782953,0.0008232748228260251,0.03842587594187174,7.0,5,1,0,0.9877811535572159,7.272727272727272,0.9300611668619884,rank,False,,>10人
32,5,10,Mira Sorvino,0.01192359053492154,0.011030536053133958,0.0006973678145359501,0.034335699951215874,7.333333333333333,3,1,0,0.9890898091998338,8.0,1.0000000000000002,rank,False,,8-10人
32,6,9,Mauricio Umansky,0.01857322778287343,0.0162610787288005,0.001131814708520069,0.05114886207470191,8.25,4,1,0,0.9839991129551663,8.944444444444445,1.0978373802983057,rank,False,,8-10人
32,7,8,Lele Pons,0.04150168019675863,0.03523071494038811,0.0027085616222050084,0.10974748338698123,9.125,6,1,0,0.9659682480127951,8.8125,0.4592793267718459,rank,False,,6-8人
32,8,7,Barry Williams,0.028705157134166798,0.024413767049754766,0.0016567175473974215,0.07745734146175536,8.75,3,1,0,0.976168060372651,9.035714285714286,1.0973065354098013,rank,False,,6-8人
32,9,6,Harry Jowsey,0.02805217515021587,0.024024045054374867,0.0016394702814883518,0.0765240405960112,7.5,1,1,1,0.9765395693876512,9.208333333333334,1.1494261853444767,rank,False,,4-6人
32,11,5,Xochitl Gomez,0.20454967797107457,0.16829734075610764,0.013656848387801138,0.5431027682740869,10.0,4,5,0,0.8559464830698085,9.700000000000001,0.43969686527576385,rank,False,,4-6人
32,11,5,Jason Mraz,0.10197868392213259,0.08168570292986754,0.006436146575840734,0.25825351506506894,10.0,5,1,0,0.9244829595985113,9.700000000000001,0.43969686527576385,rank,False,,4-6人
32,11,5,Ariana Madix,0.049347765727332564,0.0405654054573224,0.003073317452698163,0.13039136631660653,9.833333333333334,3,1,0,0.9610159964529149,9.700000000000001,0.43969686527576385,rank,False,,4-6人
33,2,13,Tori Spelling,0.008615667743686453,0.008146715054255385,0.0004870216170360612,0.025381934732289894,6.333333333333333,4,1,0,0.9919191175921087,6.615384615384614,0.8852654616221572,rank,False,,>10人
33,2,13,Anna Delvey,0.007057978080262431,0.006517409516829088,0.0003522451820629469,0.01994382029123564,5.666666666666667,3,1,0,0.9935247920649901,6.615384615384614,0.8852654616221572,rank,False,,>10人
33,3,11,Eric Roberts,0.009399984632272058,0.008583830372098266,0.0004833992752650206,0.026233227341760132,5.75,2,1,0,0.9914892246795872,7.2272727272727275,1.0346526945536398,rank,False,,>10人
33,3,11,Reginald VelJohnson,0.008407488668232928,0.007649307996649482,0.0004855648415407054,0.02393509117297497,5.25,1,1,1,0.9924087597381896,7.2272727272727275,1.0346526945536398,rank,False,,>10人
33,4,9,Brooks Nader,0.01874345163215274,0.01665721162932521,0.001041155111847509,0.052814062028198425,8.0,4,1,0,0.9836157050392335,8.166666666666666,0.5137011669140814,rank,False,,8-10人
33,5,8,Phaedra Parks,0.015589258825173825,0.01413703279693243,0.0008630887815689896,0.044510348085548386,8.0,3,1,0,0.9860600369183411,8.416666666666666,0.3535533905932736,rank,False,,6-8人
33,6,7,Jenn Tran,0.035014963126215506,0.03139113903072625,0.0020448352341793036,0.0999376707784698,10.333333333333334,5,1,0,0.9695642731037745,9.80952380952381,0.9060141709733546,rank,False,,6-8人
33,7,6,Dwight Howard ,0.02852254566696303,0.023521396779118204,0.0016402610605885243,0.0756837841042608,8.0,1,1,1,0.9770191450289787,8.888888888888888,0.6211299937499417,rank,False,,4-6人
34,2,14,Corey Feldman,0.004817817168332223,0.0045867889969236336,0.0002724020706162638,0.014640924148138106,5.0,1,1,1,0.9954341535772101,6.619047619047619,0.7438333024673005,rank,False,,>10人
34,2,14,Baron Davis,0.006983556603626319,0.006323211490179412,0.00038490111887032563,0.019816857076237353,6.0,3,1,0,0.9937165202809782,6.619047619047619,0.7438333024673005,rank,False,,>10人
34,3,12,Lauren Jauregui,0.006551814181498891,0.005989870590881371,0.00036530478765840865,0.019152778992752948,6.0,2,1,0,0.9940457943305501,7.138888888888889,0.6730023021992065,rank,False,,>10人
34,4,11,Hilaria Baldwin,0.018529720635073757,0.01733907901845489,0.001076551490954449,0.05347246911880716,7.666666666666667,5,1,0,0.9829564406046567,7.515151515151516,0.6254474981984938,rank,False,,>10人
34,6,10,Scott Hoying,0.011452605671988572,0.010405704561967554,0.0007487332722239954,0.03300505485070902,7.0,2,1,0,0.9897014590129628,8.5,0.9874208829065749,rank,False,,8-10人
34,7,9,Jen Affleck,0.01644439941869508,0.014463103389238006,0.0010421261197053214,0.04558184992314184,8.5,3,1,0,0.9857430956917823,9.222222222222221,1.1207911667684454,rank,False,,8-10人
34,8,8,Danielle Fishel,0.01815115311701926,0.016350380825614623,0.0009656290978932082,0.051384852218325096,9.25,2,1,0,0.9839126534174831,9.421875,0.39497577061764183,rank,False,,6-8人
34,9,7,Andy Richter,0.020443703305765233,0.017658279207963305,0.0012915474835370907,0.05621683258221439,7.25,1,1,1,0.9826481250447776,9.642857142857142,1.1007882148158887,rank,False,,6-8人
34,10,6,Whitney Leavitt,0.05593915617324417,0.0458631284176638,0.0033481432687046393,0.1484670368757463,9.666666666666666,5,1,0,0.9561480587932645,9.555555555555555,0.20786985482077472,rank,False,,4-6人
34,11,5,Jordan Chiles,0.10167817248056381,0.08399760679991147,0.005819465881109738,0.2718014616062384,9.888866666666669,3,1,0,0.9225112617657133,9.844413333333332,0.11333420705545566,rank,False,,4-6人
34,11,5,Robert Irwin,0.066234842990043,0.053887126182946006,0.004256107376909242,0.17369091206321213,9.888866666666669,4,1,0,0.948868218574679,9.844413333333332,0.11333420705545566,rank,False,,4-6人
34,11,5,Alix Earle,0.21251088479066393,0.17799934330399422,0.013229829013430526,0.567294633853348,10.0,5,5,0,0.8488969078669005,9.844413333333332,0.11333420705545566,rank,False,,4-6人
1,6,2,Kelly Monaco,0.7495437374437073,0.14389578386470264,0.5236252234064458,0.9728377808854614,9.166666666666666,1,1,1,0.8742055125174565,9.083333333333332,0.08333333333333304,rank,True,1,2人决赛
1,6,2,John O'Hurley,0.2504562625562923,0.1438957838647027,0.027162219114538734,0.4763747765935542,9.0,2,2,1,0.8742055125174565,9.083333333333332,0.08333333333333304,rank,True,2,2人决赛
2,8,3,Drew Lachey,0.6231407236480103,0.14620378446273877,0.4077696590873335,0.8828338463003317,9.6666,1,1,1,0.8724452087450845,9.370322222222223,0.34344858080114565,rank,True,1,3人决赛
2,8,3,Jerry Rice,0.2693256851469882,0.10714843957126145,0.0798059901693118,0.4327112915967828,8.888866666666667,3,2,1,0.9032212522353785,9.370322222222223,0.34344858080114565,rank,True,2,3人决赛
2,8,3,Stacy Keibler,0.10753359120499988,0.07889220710916357,0.008272806064873498,0.25626441179074183,9.5555,2,3,1,0.9268766549713514,9.370322222222223,0.34344858080114565,rank,True,3,3人决赛
3,10,2,Emmitt Smith,0.7472774958104178,0.1437167716561805,0.5262633894447042,0.972041342884874,9.888866666666667,1,1,1,0.8743423413752439,9.888866666666667,0.0,percentage,True,1,2人决赛
3,10,2,Mario Lopez,0.25272250418958286,0.14371677165618044,0.027958657115126084,0.47373661055529587,9.888866666666667,2,2,1,0.8743423413752439,9.888866666666667,0.0,percentage,True,2,2人决赛
4,10,3,Apolo Anton Ohno,0.6084793619514088,0.13801024732244047,0.4028585509835527,0.8581472751695973,9.777733333333334,1,1,1,0.8787267094939111,9.592544444444444,0.13858089316575056,percentage,True,1,3人决赛
4,10,3,Joey Fatone,0.2785535014667369,0.1020114425852009,0.09746721665366001,0.43666538445936254,9.5555,2,2,1,0.9074315940441661,9.592544444444444,0.13858089316575056,percentage,True,2,3人决赛
4,10,3,Laila Ali,0.11296713658185563,0.07781006975930313,0.008628948651935888,0.25693678084531013,9.444400000000002,3,3,1,0.9278072529265943,9.592544444444444,0.13858089316575056,percentage,True,3,3人决赛
5,10,3,Helio Castroneves,0.6233484145619606,0.15393663094655058,0.39386843478240274,0.9008633567832611,9.333300000000001,2,1,0,0.8665987136396913,8.81478888888889,0.813111013482731,percentage,True,1,3人决赛
5,10,3,Mel B,0.2482940685678229,0.11285104306994072,0.04699503391398129,0.4219424488887465,9.4444,1,2,0,0.8985928586105946,8.81478888888889,0.813111013482731,percentage,True,2,3人决赛
5,10,3,Marie Osmond,0.12835751687021685,0.08744155934342564,0.01087716457951423,0.29600734217542163,7.666666666666667,3,3,0,0.9195896472853023,8.81478888888889,0.813111013482731,percentage,True,3,3人决赛
6,10,3,Kristi Yamaguchi,0.6128022390591409,0.15048744089993468,0.39639046845592674,0.8930432335848246,10.0,1,1,1,0.8691967982004043,9.388888888888888,0.5499719409228706,percentage,True,1,3人决赛
6,10,3,Jason Taylor,0.26955573752395234,0.11322238749049478,0.07012632542207516,0.44346261494110834,9.5,2,2,1,0.8982931094785753,9.388888888888888,0.5499719409228706,percentage,True,2,3人决赛
6,10,3,Cristian de la Fuente,0.117642023416907,0.08291931136846177,0.00895547763497416,0.27240020335949056,8.666666666666666,3,3,1,0.9234298340624487,9.388888888888888,0.5499719409228706,percentage,True,3,3人决赛
7,10,3,Brooke Burke,0.592804026118459,0.14466459972648021,0.3855349196092627,0.859088175009853,10.0,1,1,1,0.8736183509466021,9.444444444444443,0.39283710065919336,percentage,True,1,3人决赛
7,10,3,Warren Sapp,0.2912716542561059,0.10634507993765788,0.10018681295369979,0.4514093416146056,9.166666666666666,2,2,1,0.9038771158600439,9.444444444444443,0.39283710065919336,percentage,True,2,3人决赛
7,10,3,Lance Bass,0.11592431962543646,0.0803065822819832,0.010725802695554013,0.2657525838670374,9.166666666666666,3,3,1,0.9256631556272222,9.444444444444443,0.39283710065919336,percentage,True,3,3人决赛
8,11,3,Shawn Johnson,0.6139693575007735,0.14285873550458417,0.4046007751827538,0.8685788476865163,10.0,1,1,1,0.8749987806310019,9.722222222222221,0.20786985482077458,percentage,True,1,3人决赛
8,11,3,Gilles Marini,0.2748329668005729,0.10580606364728012,0.08799957537041242,0.43788575557668113,9.666666666666666,2,2,1,0.9043177035055315,9.722222222222221,0.20786985482077458,percentage,True,2,3人决赛
8,11,3,Melissa Rycroft,0.11119767569865312,0.07904911051161927,0.007134983438952126,0.2576336369608203,9.5,3,3,1,0.9267418788064807,9.722222222222221,0.20786985482077458,percentage,True,3,3人决赛
9,10,3,Donny Osmond,0.618506197710051,0.15108090412379252,0.397325830097188,0.8913635272543062,9.6666,1,1,1,0.8687486660733061,9.1728,0.548768973855726,percentage,True,1,3人决赛
9,10,3,Mya,0.264425492194176,0.11208629480595539,0.06725763512859691,0.4335710701281099,9.4444,2,2,1,0.8992107938660345,9.1728,0.548768973855726,percentage,True,2,3人决赛
9,10,3,Kelly Osbourne,0.11706831009577381,0.08304386491890445,0.011567311679298704,0.2782610161651321,8.4074,3,3,1,0.9233236366422494,9.1728,0.548768973855726,percentage,True,3,3人决赛
10,10,3,Nicole Scherzinger,0.5990731840500897,0.14388250527506005,0.3957338922650561,0.8561875519693932,9.592566666666666,1,1,1,0.8742156606019061,9.185133333333333,0.2884953006870625,percentage,True,1,3人决赛
10,10,3,Evan Lysacek,0.28649730041129085,0.10441737456846731,0.10255958232020193,0.44408996851879845,8.9629,3,2,1,0.9054547882232777,9.185133333333333,0.2884953006870625,percentage,True,2,3人决赛
10,10,3,Erin Andrews,0.11442951553862195,0.08042548235697834,0.008197559827309167,0.26399504725002326,8.999933333333333,2,3,1,0.925561287038947,9.185133333333333,0.2884953006870625,percentage,True,3,3人决赛
11,10,3,Jennifer Grey,0.5988713336557939,0.14682525601053872,0.38273750813712987,0.8588131498592815,10.0,1,1,1,0.8719724254056805,9.2222,0.5949139719943326,percentage,True,1,3人决赛
11,10,3,Kyle Massey,0.2818811187608453,0.10687392924084525,0.09399246907811386,0.4480731274828498,9.111066666666666,2,2,1,0.9034452556723013,9.2222,0.5949139719943326,percentage,True,2,3人决赛
11,10,3,Bristol Palin,0.1192475475833605,0.08387411786753833,0.009621037727264477,0.28084248196948397,8.555533333333335,3,3,1,0.9226163661583173,9.2222,0.5949139719943326,percentage,True,3,3人决赛
12,10,3,Hines Ward,0.6004404797306379,0.1395559284136733,0.4011916306404703,0.8585876840716292,9.888866666666667,1,1,1,0.8775348142780994,9.703677777777777,0.2618966382674712,percentage,True,1,3人决赛
12,10,3,Kirstie Alley,0.29040359119238013,0.10216751061576008,0.10992303702232041,0.4476617253858595,9.3333,3,2,1,0.9073031008157,9.703677777777777,0.2618966382674712,percentage,True,2,3人决赛
12,10,3,Chelsea Kane,0.1091559290769815,0.07714488882372092,0.008216098305719368,0.2508522081593898,9.888866666666667,2,3,1,0.9283802117763694,9.703677777777777,0.2618966382674712,percentage,True,3,3人决赛
13,10,3,J.R. Martinez,0.6150931398444341,0.14320200415490061,0.40735197475150636,0.8772963663175837,9.388833333333332,2,1,0,0.8747360452182191,9.388844444444445,0.04535638575101721,percentage,True,1,3人决赛
13,10,3,Rob Kardashian,0.2760023998527547,0.10550030622359259,0.0852405055429298,0.43157858851891745,9.4444,1,2,0,0.9045678181818118,9.388844444444445,0.04535638575101721,percentage,True,2,3人决赛
13,10,3,Ricki Lake,0.10890446030281004,0.07856781163527082,0.007905093218078486,0.25902859072689566,9.3333,3,3,0,0.9271554270508497,9.388844444444445,0.04535638575101721,percentage,True,3,3人决赛
14,10,3,Donald Driver,0.6107540709029377,0.14431211030092594,0.4033803250116652,0.8746494232420391,9.888866666666667,2,1,0,0.8738874569255626,9.92591111111111,0.05238875574390987,percentage,True,1,3人决赛
14,10,3,Katherine Jenkins,0.27427402160965797,0.10424734299542197,0.08799769649660574,0.43089565779818056,10.0,1,2,0,0.9055942097966595,9.92591111111111,0.05238875574390987,percentage,True,2,3人决赛
14,10,3,William Levy,0.1149719074874062,0.0814209529296886,0.00842985075721,0.26628312335694904,9.888866666666667,3,3,0,0.9247092885438273,9.92591111111111,0.05238875574390987,percentage,True,3,3人决赛
15,10,3,Melissa Rycroft,0.6147852842033846,0.14392347962134158,0.41340287271556553,0.8820232714137033,9.7777,1,1,1,0.8741843469556349,9.709811111111113,0.05308900516242248,percentage,True,1,3人决赛
15,10,3,Shawn Johnson,0.277755126693477,0.10629509803018329,0.08872878231455071,0.43592264065248554,9.648100000000001,3,2,1,0.9039179526154935,9.709811111111113,0.05308900516242248,percentage,True,2,3人决赛
15,10,3,Kelly Monaco,0.10745958910313907,0.07759096610365207,0.008104256838095094,0.2549652125221686,9.703633333333334,2,3,1,0.9279959014650939,9.709811111111113,0.05308900516242248,percentage,True,3,3人决赛
16,10,3,Kellie Pickler,0.6102729557226743,0.14972697053400102,0.4009114942898778,0.8844412395341356,10.0,1,1,1,0.8697717159192508,9.777766666666666,0.31428539401138106,percentage,True,1,3人决赛
16,10,3,Zendaya,0.2692523553326931,0.1081639676983106,0.07333519553204591,0.4304644094087655,10.0,2,2,1,0.902393534845777,9.777766666666666,0.31428539401138106,percentage,True,2,3人决赛
16,10,3,Jacoby Jones,0.12047468894463192,0.08440114946005595,0.008574625519479304,0.2719619462263534,9.3333,3,3,1,0.9221679638553676,9.777766666666666,0.31428539401138106,percentage,True,3,3人决赛
17,11,3,Amber Riley,0.6022097331575325,0.14706489812745255,0.38868488344310653,0.8694115463416983,10.4444,1,1,1,0.8717902549650579,9.888833333333332,0.4536046761467769,percentage,True,1,3人决赛
17,11,3,Corbin Bleu,0.2780736665659212,0.10686064460349726,0.08632211755617504,0.44223466429598196,9.8888,2,2,1,0.9034560989005286,9.888833333333332,0.4536046761467769,percentage,True,2,3人决赛
17,11,3,Jack Osbourne,0.11971660027654546,0.08422056042961047,0.008831249991329053,0.2740430722255982,9.3333,3,3,1,0.922321561217914,9.888833333333332,0.4536046761467769,percentage,True,3,3人决赛
18,10,3,Meryl Davis,0.6165793483219161,0.1498838837135217,0.3949926462871852,0.8966769970345972,10.0,1,1,1,0.8696530268521763,9.51848888888889,0.6040825902163286,percentage,True,1,3人决赛
18,10,3,Amy Purdy,0.26323232111430783,0.11063895771685854,0.06616220343233357,0.43047715497758227,9.888866666666667,2,2,1,0.9003826068335482,9.51848888888889,0.6040825902163286,percentage,True,2,3人决赛
18,10,3,Candace Cameron Bure,0.12018833056377658,0.08556837789673681,0.008090700385734275,0.2791097232376721,8.6666,3,3,1,0.9211764273545591,9.51848888888889,0.6040825902163286,percentage,True,3,3人决赛
19,11,3,Alfonso Ribeiro,0.6006669095390202,0.13831162426613539,0.4019823810606939,0.8646386741696986,10.0,1,1,1,0.8784940596953806,9.861083333333335,0.10395571439586855,percentage,True,1,3人决赛
19,11,3,Sadie Robertson,0.28293622885295994,0.1032338618758646,0.09295726834440543,0.44140540951858387,9.833300000000001,2,2,1,0.9064261300860248,9.861083333333335,0.10395571439586855,percentage,True,2,3人决赛
19,11,3,Janel Parrish,0.11639686160802096,0.08060386694418734,0.009750371124878785,0.26331114002691236,9.749950000000002,3,3,1,0.9254084966657348,9.861083333333335,0.10395571439586855,percentage,True,3,3人决赛
20,10,3,Rumer Willis,0.6183134291649967,0.15057799231351596,0.4015958931535025,0.8871416785870677,10.0,1,1,1,0.8691283917131576,9.666666666666666,0.4714045207910317,percentage,True,1,3人决赛
20,10,3,Riker Lynch,0.26206817765785684,0.10846532908928556,0.06616546957168999,0.430479971460037,10.0,2,2,1,0.9021481987367158,9.666666666666666,0.4714045207910317,percentage,True,2,3人决赛
20,10,3,Noah Galloway,0.11961839317714659,0.08624126065959585,0.009101485887421157,0.28022857859377986,9.0,3,3,1,0.9206057956155819,9.666666666666666,0.4714045207910317,percentage,True,3,3人决赛
21,11,3,Bindi Irwin,0.6094138661526839,0.1446341228100791,0.39978075483595593,0.8759114699206122,10.0,1,1,1,0.8736416118235213,9.777766666666666,0.31428539401138106,percentage,True,1,3人决赛
21,11,3,Nick Carter,0.27147398944020257,0.10599541029686012,0.08028347729431498,0.43703951268723357,10.0,2,2,1,0.9041628841222679,9.777766666666666,0.31428539401138106,percentage,True,2,3人决赛
21,11,3,Alek Skarlatos,0.11911214440711418,0.08414516275363215,0.008312887810291603,0.2774685370853689,9.3333,3,3,1,0.9223857047520176,9.777766666666666,0.31428539401138106,percentage,True,3,3人决赛
22,10,3,Nyle DiMarco,0.611784381007509,0.1415692769850953,0.40396694179139275,0.8725612278053629,9.6666,2,1,0,0.8759871346932335,9.666622222222223,0.18145275751521825,percentage,True,1,3人决赛
22,10,3,Paige VanZant,0.27314985713915135,0.10279400787962145,0.0886236363515526,0.4289412669423379,9.888866666666667,1,2,0,0.9067876619340117,9.666622222222223,0.18145275751521825,percentage,True,2,3人决赛
22,10,3,Ginger Zee,0.11506576185334004,0.08103214694962202,0.008901483889896034,0.2699944644959447,9.4444,3,3,0,0.925041871161489,9.666622222222223,0.18145275751521825,percentage,True,3,3人决赛
23,11,3,Laurie Hernandez,0.6130719503294452,0.1446937149603402,0.4034513184634625,0.8753091820637388,9.833300000000001,1,1,1,0.8735961305026005,9.722175,0.1039445785823711,percentage,True,1,3人决赛
23,11,3,James Hinchcliffe,0.27529877052497187,0.10677599959464366,0.08568578872105567,0.4351027716188739,9.74995,2,2,1,0.9035251942274225,9.722175,0.1039445785823711,percentage,True,2,3人决赛
23,11,3,Calvin Johnson Jr.,0.11162927914558511,0.07897358854541651,0.00821439795929633,0.26315742096497047,9.583275,3,3,1,0.9268067454256389,9.722175,0.1039445785823711,percentage,True,3,3人决赛
24,10,3,Rashad Jennings,0.5935435449532481,0.14025484118224724,0.3945165451958219,0.8472845157894262,9.91665,1,1,1,0.8769969342670563,9.611091666666667,0.37473550357403973,percentage,True,1,3人决赛
24,10,3,David Ross,0.2967582083932586,0.10294796521268257,0.11749434265565685,0.4515968966987721,9.083325,3,2,1,0.9066610860532927,9.611091666666667,0.37473550357403973,percentage,True,2,3人决赛
24,10,3,Normani,0.10969824665349291,0.07661068387589429,0.0085231413771461,0.2522475165989572,9.833300000000001,2,3,1,0.928840866040741,9.611091666666667,0.37473550357403973,percentage,True,3,3人决赛
25,10,3,Jordan Fisher,0.6154781621387837,0.14794213643943852,0.40596331463424884,0.8867446838168146,10.0,1,1,1,0.8711240473336843,9.907391666666667,0.13096796098876837,percentage,True,1,3人决赛
25,10,3,Lindsey Stirling,0.2731688235862776,0.10957669877451076,0.07505704421645323,0.4384676717412405,10.0,2,2,1,0.9012445927392541,9.907391666666667,0.13096796098876837,percentage,True,2,3人决赛
25,10,3,Frankie Muniz,0.11135301427493736,0.08033925693031942,0.008108574356440211,0.2667595826579612,9.722175,3,3,1,0.925635159127147,9.907391666666667,0.13096796098876837,percentage,True,3,3人决赛
26,4,3,Adam Rippon,0.6109750914777834,0.1438610254194551,0.4031744735610269,0.8771071339026015,9.666666666666666,1,1,1,0.8742320769547146,9.5,0.13608276348795387,percentage,True,1,3人决赛
26,4,3,Josh Norman,0.27471574644157104,0.10493228613653079,0.0881497819568731,0.43447539220755976,9.5,2,2,1,0.9050328355383356,9.5,0.13608276348795387,percentage,True,2,3人决赛
26,4,3,Tonya Harding,0.11430916208064684,0.08022688149713575,0.00920709746528049,0.2635260508346403,9.333333333333334,3,3,1,0.925731452464925,9.5,0.13608276348795387,percentage,True,3,3人决赛
27,9,4,Bobby Bones,0.5371148902823857,0.1316805186160382,0.3571306694332792,0.7991278435149896,9.0,4,1,0,0.8836416139980269,9.625,0.414578098794425,percentage,True,1,4人决赛
27,9,4,Milo Manheim,0.25906232679921193,0.08219474481075013,0.10884932118832634,0.38371561074022703,10.0,1,2,0,0.9240481020584479,9.625,0.414578098794425,percentage,True,2,4人决赛
27,9,4,Evanna Lynch,0.13799157813533003,0.06561259192702,0.030831924650420468,0.24488268660167084,10.0,2,3,0,0.9384273492786264,9.625,0.414578098794425,percentage,True,3,4人决赛
27,9,4,Alexis Ren,0.0658312047830722,0.04861193311222867,0.004767823678176225,0.15925622754856825,9.5,3,4,0,0.9536416365509491,9.625,0.414578098794425,percentage,True,4,4人决赛
28,11,4,Hannah Brown,0.5197999056203346,0.12774906328536587,0.34287683668557817,0.7558678645933502,9.666666666666666,3,1,0,0.8867220843321238,9.75,0.1863389981249826,rank,True,1,4人决赛
28,11,4,Kel Mitchell,0.2735353918176459,0.0792394160214058,0.13744783546795683,0.4007287560249913,9.833333333333334,2,2,0,0.9265784636429233,9.75,0.1863389981249826,rank,True,2,4人决赛
28,11,4,Ally Brooke,0.14515248431684896,0.06606782972085308,0.03784432664497482,0.2552186433838471,10.0,1,3,0,0.9380266171823676,9.75,0.1863389981249826,rank,True,3,4人决赛
28,11,4,Lauren Alaina,0.06151221824516934,0.04722337328043525,0.004357209992276364,0.15340770741473767,9.5,4,4,0,0.9549061122150972,9.75,0.1863389981249826,rank,True,4,4人决赛
29,11,4,Kaitlyn Bristowe,0.5399375042213024,0.13707459007638925,0.34433920685196423,0.8039910745382924,10.0,1,1,1,0.8794497816830288,9.875,0.21650635094610965,rank,True,1,4人决赛
29,11,4,Nev Schulman,0.2659519818227119,0.08447228188970564,0.11548479891573338,0.3958992177309834,10.0,2,2,1,0.9221074772492002,9.875,0.21650635094610965,rank,True,2,4人决赛
29,11,4,Nelly,0.1376792528870775,0.06848431938240747,0.033645556766955714,0.2561964198630147,9.5,4,3,1,0.9359051713346698,9.875,0.21650635094610965,rank,True,3,4人决赛
29,11,4,Justina Machado,0.05643126106890873,0.04563413008734951,0.0036019444644513005,0.14834211454143595,10.0,3,4,1,0.9563574592926329,9.875,0.21650635094610965,rank,True,4,4人决赛
30,10,4,Iman Shumpert,0.5196190623833211,0.13195985575361882,0.3376005236228628,0.7670152585507278,10.0,1,1,1,0.8834235550996952,9.8125,0.2072890493972125,rank,True,1,4人决赛
30,10,4,JoJo Siwa,0.27186840854625854,0.0812193454186276,0.12973792412944948,0.39881072179948784,10.0,2,2,1,0.9248817127044827,9.8125,0.2072890493972125,rank,True,2,4人决赛
30,10,4,Cody Rigsby,0.1467069424869452,0.06801121475659833,0.041172062857805725,0.25950301347522037,9.5,4,3,1,0.9363197559942307,9.8125,0.2072890493972125,rank,True,3,4人决赛
30,10,4,Amanda Kloots,0.06180558658347448,0.04871558587013255,0.004411920071958092,0.15959940824537153,9.75,3,4,1,0.9535473806945355,9.8125,0.2072890493972125,rank,True,4,4人决赛
31,10,4,Charli D'Amelio,0.5137185238441375,0.127163771338133,0.3471715050078203,0.7696549464501665,10.0,1,1,1,0.8871825243396811,9.75,0.25,rank,True,1,4人决赛
31,10,4,Gabby Windey,0.2716376881642638,0.07739152268702444,0.12715260313484905,0.39124305400888193,10.0,2,2,1,0.9281676892221972,9.75,0.25,rank,True,2,4人决赛
31,10,4,Wayne Brady,0.15135944129405682,0.06590517135873285,0.04372680721288066,0.25987200427650237,9.5,3,3,1,0.9381697611291987,9.75,0.25,rank,True,3,4人决赛
31,10,4,Shangela,0.06328434669754186,0.0481893163849952,0.00435605445765412,0.15697406738229835,9.5,4,4,1,0.9540261328447891,9.75,0.25,rank,True,4,4人决赛
32,11,5,Xochitl Gomez,0.4574567701882723,0.11312384026872811,0.3054717679283259,0.6770231799603402,10.0,1,1,1,0.8983726372786895,9.700000000000001,0.4396968652757638,rank,True,1,5人决赛
32,11,5,Jason Mraz,0.2622630243867911,0.06883238432701295,0.150637847256719,0.3812631273497285,10.0,2,2,1,0.9356003940970099,9.700000000000001,0.4396968652757638,rank,True,2,5人决赛
32,11,5,Ariana Madix,0.15483383506766885,0.05602059464688573,0.05722020977194957,0.24384752962705947,9.833333333333334,3,3,1,0.9469512290471779,9.700000000000001,0.4396968652757638,rank,True,3,5人决赛
32,11,5,Charity Lawson,0.08689137064959049,0.04531980532654301,0.01927709495087825,0.16282218013504582,9.833333333333334,4,4,1,0.9566450333231887,9.700000000000001,0.4396968652757638,rank,True,4,5人决赛
32,11,5,Alyson Hannigan,0.038554999707677846,0.032004525980498036,0.0024530363085509812,0.1027291504751402,8.833333333333334,5,5,1,0.9689879984294733,9.700000000000001,0.4396968652757638,rank,True,5,5人决赛
33,9,5,Joey Graziadei,0.4504749772675935,0.11350877207690746,0.2980827812230434,0.6595265011495524,9.833333333333334,2,1,0,0.898062076452984,9.700000000000001,0.24494897427831777,rank,True,1,5人决赛
33,9,5,Ilona Maher,0.2620767464274625,0.06299167112506344,0.15484774502099763,0.363743541067002,9.5,4,2,0,0.940741143288175,9.700000000000001,0.24494897427831777,rank,True,2,5人决赛
33,9,5,Chandler Kinney,0.15781763384221953,0.056120335435405684,0.05767315963175045,0.24524837259870835,10.0,1,3,0,0.9468617982701101,9.700000000000001,0.24494897427831777,rank,True,3,5人决赛
33,9,5,Stephen Nedoroscik,0.08916181633913062,0.045270255689346076,0.02149847990077843,0.16940729323391465,9.833333333333334,3,4,0,0.9566903818003596,9.700000000000001,0.24494897427831777,rank,True,4,5人决赛
33,9,5,Danny Amendola,0.04046882612359382,0.032907685792411885,0.002999671227989004,0.10289380964676756,9.333333333333334,5,5,0,0.9681407290844521,9.700000000000001,0.24494897427831777,rank,True,5,5人决赛
34,11,5,Robert Irwin,0.4519145925263618,0.10871599365014567,0.3009201680625894,0.6577259324225312,9.888866666666667,2,1,0,0.9019442361499379,9.844413333333332,0.11333420705545537,rank,True,1,5人决赛
34,11,5,Alix Earle,0.2622811458236438,0.0680996530542338,0.1506172568509054,0.37437465704099765,10.0,1,2,0,0.9362422290284408,9.844413333333332,0.11333420705545537,rank,True,2,5人决赛
34,11,5,Jordan Chiles,0.15616778314151378,0.05347074023323945,0.06816835096091843,0.24461720292012198,9.888866666666667,3,3,0,0.9492432602148959,9.844413333333332,0.11333420705545537,rank,True,3,5人决赛
34,11,5,Dylan Efron,0.0893821282478768,0.04289137401274262,0.023638381801175994,0.16506384805550658,9.777733333333334,4,4,0,0.958872635174161,9.844413333333332,0.11333420705545537,rank,True,4,5人决赛
34,11,5,Elaine Hendrix,0.0402543502606043,0.03294058467811159,0.0025580877053646245,0.10396702730181051,9.6666,5,5,0,0.9681098940570946,9.844413333333332,0.11333420705545537,rank,True,5,5人决赛
