season,week,n_participants,eliminated_name,eliminated_fan_vote,eliminated_fan_std,eliminated_fan_ci_low,eliminated_fan_ci_high,eliminated_judge_score,judge_elim_rank,fan_elim_rank,rank_consistency,certainty,judge_mean,judge_std,rule_type,is_finalist,placement,size_group
1,2,6,Trista Sutter,0.041604452692762896,0.0344679835053154,0.002381345282626797,0.111989664970987,6.333333333333333,3,1,0,0.9666804733883402,6.722222222222222,1.3528661846539909,rank,False,,4-6人
1,3,5,Evander Holyfield,0.03947637964808582,0.033090271869764924,0.0020344621769903264,0.10368343343066871,4.333333333333333,1,1,1,0.9679696220448618,7.066666666666667,1.4817407180595243,rank,False,,4-6人
1,4,4,Rachel Hunter,0.12496833833395589,0.09564940481305101,0.008511985000715356,0.31369259504961355,8.333333333333334,3,1,0,0.9127007194154672,7.666666666666667,0.8498365855987974,rank,False,,<4人
2,1,10,Kenny Mayne,0.01125199748302995,0.01025208589914577,0.0006103479001006605,0.032952891440373666,4.333333333333333,2,1,0,0.9898519527529397,6.5,1.3102162671355697,rank,False,,8-10人
2,2,9,Tatum O'Neal,0.014049691843178561,0.012071733437109343,0.0008620750853580286,0.038044121734661596,5.666666666666667,2,1,0,0.9880722551195927,7.4074074074074066,1.331274130045291,rank,False,,8-10人
2,3,8,Giselle Fernandez,0.02059670511098004,0.018146461490684475,0.0012300700368073425,0.05806128266525161,7.333333333333333,4,1,0,0.9821769635538329,7.583333333333334,1.411756195508118,rank,False,,6-8人
2,4,7,Master P,0.02123676607925432,0.01855571342341269,0.0012833583885141751,0.05751023049391429,2.6666666666666665,1,1,1,0.9817823284687628,7.523809523809524,2.0919888225227425,rank,False,,6-8人
2,5,6,Tia Carrere,0.029274255515337723,0.024066603530563332,0.0019469182214043965,0.07633804970697,7.333333333333333,1,1,1,0.9764989860546264,8.388888888888888,0.8906233078822999,rank,False,,4-6人
2,6,5,George Hamilton,0.04855980049291443,0.03932020816307526,0.003011638794496656,0.12304039376237005,7.666666666666667,1,1,1,0.962167378393834,8.866666666666667,1.0456258094238748,rank,False,,4-6人
2,7,4,Lisa Rinna,0.08357106053534928,0.06530294707542751,0.00670019863169418,0.2106719986935509,8.833333333333334,2,1,0,0.9387001160048383,8.5,0.97182531580755,rank,False,,<4人
3,1,11,Tucker Carlson,0.020367896739209853,0.014541676753287651,0.0015249437569520353,0.04797467900747826,4.0,1,1,1,0.9856667526958346,6.424242424242423,1.326428401711472,percentage,False,,>10人
3,2,10,Shanna Moakler,0.011067845309255636,0.009824756393491233,0.0007856671555149244,0.03018679409781401,7.333333333333333,5,1,0,0.9902708303284428,7.666666666666666,0.9189365834726814,percentage,False,,8-10人
3,3,9,Harry Hamlin,0.014452877837840621,0.012038395232089482,0.0009393936811220257,0.038587878943640706,7.333333333333333,3,1,0,0.9881048038406401,7.666666666666667,0.8606629658238706,percentage,False,,8-10人
3,4,8,Vivica A. Fox,0.018045146007540945,0.01508629924353494,0.0010385776702964576,0.047681724295048966,8.0,3,1,0,0.9851379146238328,8.25,0.9537935951882996,percentage,False,,6-8人
3,5,7,Willa Ford,0.02020343434371962,0.017376588069539588,0.0015003837113559467,0.05356082029989257,9.0,7,1,0,0.982920200569475,8.619047619047619,0.45175395145262554,percentage,False,,6-8人
3,7,5,Jerry Springer,0.050878024929660225,0.03735233085621182,0.004621824682455134,0.12091855956260794,7.666666666666667,1,1,1,0.963992628401016,9.0,0.6912147117775906,percentage,False,,4-6人
3,8,4,Monique Coleman,0.06439743724040099,0.04984653612338252,0.004319197982355148,0.1643274783613121,8.833333333333334,1,1,1,0.9525201689882754,9.083333333333334,0.24999999999999983,percentage,False,,<4人
4,2,11,Paulina Porizkova,0.009981512258292642,0.008700392994906188,0.0006404946533251184,0.027415265896145565,7.0,4,1,0,0.9913746509317063,7.424242424242423,0.8538789577942648,percentage,False,,>10人
4,3,10,Shandi Finnessey,0.011520595281476758,0.009555033809495782,0.0006691634160867469,0.03115248971368199,7.0,4,1,0,0.9905354007562713,7.2666666666666675,0.8137703743822469,percentage,False,,8-10人
4,4,9,Leeza Gibbons,0.021818007778815953,0.016541713381997922,0.0013308036446807584,0.053689557561605636,5.333333333333333,3,1,0,0.9837274622730786,7.037037037037037,1.4609691054308165,percentage,False,,8-10人
4,5,8,Clyde Drexler,0.03219422964995802,0.023430475950574972,0.002754540946715606,0.07630433774394926,4.333333333333333,1,1,1,0.9771059427082113,7.333333333333334,1.810463415200036,percentage,False,,6-8人
4,6,7,Heather Mills,0.024339741759047472,0.01955838868020097,0.0015855218807624895,0.06134669059632644,7.666666666666667,3,1,0,0.9808168037286037,8.095238095238095,1.0942024088643867,percentage,False,,6-8人
4,7,6,John Ratzenberger,0.03401219830418128,0.027021161530018427,0.002517327155045445,0.08908617394523718,7.5,2,1,0,0.973689771406693,8.583333333333334,1.2720281268728126,percentage,False,,4-6人
4,8,5,Billy Ray Cyrus,0.05961749515530563,0.04235155204940632,0.0049644600515647746,0.14048155294782327,6.333333333333333,1,1,1,0.9593692243599223,8.366666666666667,1.1803954139750517,percentage,False,,4-6人
4,9,4,Ian Ziering,0.06418466988460357,0.04921784564265823,0.004483793492687364,0.16319160735180013,9.666666666666666,1,1,1,0.9530909182997057,9.875,0.13819269959814184,percentage,False,,<4人
5,1,12,Josie Maran,0.014535420555919346,0.010262480282355881,0.001124579634579333,0.03369563222441528,5.333333333333333,1,1,1,0.9898417683694561,7.138888888888888,0.9374742794825669,percentage,False,,>10人
5,2,11,Albert Reed,0.010394992969190728,0.008706223811603749,0.0006768506454007571,0.027644664353039528,7.0,7,1,0,0.9913689203000002,7.212121212121212,1.0756508696544755,percentage,False,,>10人
5,3,10,Wayne Newton,0.018842295637206193,0.01338389950971303,0.0014791448484935802,0.043635481093434174,6.0,1,1,1,0.9867928634783043,7.966666666666667,1.0376254944182253,percentage,False,,8-10人
5,4,9,Floyd Mayweather Jr. ,0.015841305153162063,0.012511707958668667,0.0011761007606621364,0.03992171015898525,7.666666666666667,2,1,0,0.9876429004619673,8.666666666666664,0.7370277311900889,percentage,False,,8-10人
5,5,8,Mark Cuban,0.022586014643392143,0.01748581021158997,0.001700522876970834,0.056636684504420394,7.0,2,1,0,0.9828146888771316,8.291666666666666,0.9344858955002417,percentage,False,,6-8人
5,6,7,Sabrina Bryan,0.022845275672933905,0.018525056751942843,0.001509645778371238,0.05905829103998268,8.333333333333334,4,1,0,0.9818118792177594,8.571428571428571,0.8676603408708857,percentage,False,,6-8人
5,7,6,Jane Seymour,0.02992620479660513,0.02416056478749983,0.002052002278378233,0.07747068073869347,8.333333333333334,1,1,1,0.9764093974927527,8.666666666666666,0.2151657414559675,percentage,False,,4-6人
5,8,5,Cameron Mathison,0.04143319022604618,0.03492073362910134,0.002554844461236116,0.1116512888901509,8.5,3,1,0,0.9662575765521224,8.766666666666667,0.5436502143433365,percentage,False,,4-6人
5,9,4,Jennie Garth,0.06464151321776636,0.049650092945928925,0.004522313159211828,0.16049237241268557,9.666666666666666,2,1,0,0.9526984341928825,9.75,0.27638539919628313,percentage,False,,<4人
6,2,12,Monica Seles,0.014918221124419814,0.011185366569486172,0.0009685855765823218,0.035438794461912004,5.0,1,1,1,0.9889383619074382,7.138888888888889,1.3434224765937497,percentage,False,,>10人
6,2,12,Penn Jillette,0.01200694387471149,0.009495097565002327,0.0008809884619407016,0.030389887062939016,5.666666666666667,3,1,0,0.9905942113162259,7.138888888888889,1.3434224765937497,percentage,False,,>10人
6,3,10,Steve Guttenberg,0.012774968894461761,0.010795180462517387,0.0007824773474928261,0.034239024065987944,7.0,2,1,0,0.9893201108679823,7.6,0.8273115763993905,percentage,False,,8-10人
6,4,9,Adam Carolla,0.0216269800368815,0.015961727456573708,0.0015020105070011201,0.05269261016940907,6.333333333333333,1,1,1,0.9842890465012561,8.333333333333334,1.0540925533894596,percentage,False,,8-10人
6,5,8,Priscilla Presley,0.0211228513433381,0.016612469791163834,0.0017452482919259518,0.05427158210066321,7.0,1,1,1,0.9836589946662996,8.166666666666666,0.8819171036881968,percentage,False,,6-8人
6,6,7,Marlee Matlin,0.02975930294056828,0.022449845050759296,0.002117551119134632,0.07372629194085972,7.0,1,1,1,0.9780430843043995,8.571428571428571,0.920908552657796,percentage,False,,6-8人
6,7,6,Shannon Elizabeth,0.02751983842733513,0.023299129156218127,0.0017615479920293942,0.07471396963800132,8.5,2,1,0,0.9772313603203885,8.583333333333334,0.47871355387816883,percentage,False,,4-6人
6,8,5,Mario,0.03976704319803428,0.032016349531763064,0.002583853212875813,0.10498617697762111,8.833333333333334,3,1,0,0.9689768969781445,8.9,0.40276819911981887,percentage,False,,4-6人
6,9,4,Marissa Jaret Winokur,0.06753815477973618,0.05102941280952701,0.0060550042122991575,0.16832400507596718,8.666666666666666,1,1,1,0.951448159121333,9.166666666666666,0.3118047822311621,percentage,False,,<4人
7,1,13,Ted McGinley,0.008040699301694888,0.0065705338143013155,0.0005245735262244283,0.02165041359291084,6.166666666666667,4,1,0,0.9934723562894267,6.461538461538462,1.0151709176835464,percentage,False,,>10人
7,1,13,Jeffrey Ross,0.01740415118333926,0.01149027157539645,0.0015747361270070695,0.03861693249683465,4.0,1,1,1,0.9886402549799117,6.461538461538462,1.0151709176835464,percentage,False,,>10人
7,2,11,Kim Kardashian,0.012916999967362484,0.010190895379833469,0.0010240945126856256,0.032885621845421854,5.666666666666667,3,1,0,0.9899119112769258,6.696969696969696,0.9791208740244554,percentage,False,,>10人
7,4,9,Rocco DiSpirito,0.02051299774429339,0.015174989418944945,0.001466247932295262,0.04968431952232684,6.0,1,1,1,0.9850518486200781,7.518518518518519,0.818174890162019,percentage,False,,8-10人
7,5,8,Toni Braxton,0.020247441000732717,0.016377123725390037,0.0014184070134436347,0.051855985194457214,7.333333333333333,4,1,0,0.983886764722368,8.125,1.0265570828962434,percentage,False,,6-8人
7,6,7,Cloris Leachman,0.04091160112732165,0.027471202457367724,0.004139689328007123,0.09143332009339812,5.0,1,1,1,0.9732632871931926,7.6190476190476195,1.2399253872658607,percentage,False,,6-8人
7,7,6,Susan Lucci,0.029704712316087293,0.024045316881433812,0.0019746753490227256,0.07561303293778798,8.0,3,1,0,0.9765192843665746,8.166666666666666,0.9574271077563382,percentage,False,,4-6人
7,8,5,Maurice Greene,0.04202066865966714,0.03286270783933031,0.003031008058040596,0.10891077483611006,8.0,2,1,0,0.9681828885969981,8.5,0.494413232473044,percentage,False,,4-6人
7,9,4,Cody Linley,0.06973038759588597,0.052680863315425756,0.004720082204435128,0.1717433211774815,7.666666666666667,1,1,1,0.949955522940251,8.375,0.6808389432653413,percentage,False,,<4人
8,2,13,Belinda Carlisle,0.00904609222342085,0.007344173686362616,0.0006894097206951255,0.023091883037556132,6.0,4,1,0,0.9927093699668835,6.794871794871796,1.2092129356463175,percentage,False,,>10人
8,3,12,Denise Richards,0.012952846549793054,0.010652259715225987,0.0009805913167080366,0.03481340425799807,5.333333333333333,3,1,0,0.9894600149429957,7.055555555555556,1.7734321888347075,percentage,False,,>10人
8,4,11,Steve Wozniak,0.022776432455399818,0.016582578517267424,0.001655020212064818,0.05439147949671293,4.0,1,1,1,0.9836879178655078,7.333333333333332,1.8802535827258875,percentage,False,,>10人
8,4,11,Holly Madison,0.01648867376751982,0.012565229901045638,0.001184397636769854,0.041303282642657924,5.333333333333333,3,1,0,0.9875906958584054,7.333333333333332,1.8802535827258875,percentage,False,,>10人
8,5,9,David Alan Grier,0.015303655126866135,0.012193771890103131,0.001286361909533155,0.039234005405899275,7.333333333333333,4,1,0,0.9879531249561699,7.777777777777778,1.0886621079036343,percentage,False,,8-10人
8,6,8,Steve-O,0.03157628136756894,0.02256185303578211,0.0022883840745571223,0.0745083121268794,5.333333333333333,1,1,1,0.9779359527555224,7.75,1.3616778865306827,percentage,False,,6-8人
8,7,7,Lawrence Taylor,0.03015202062185483,0.021908194444216857,0.0024993303817289593,0.07230172363662715,7.0,1,1,1,0.9785614847171943,8.666666666666666,0.835710894037345,percentage,False,,6-8人
8,8,6,Chuck Wicks,0.028211979847577173,0.023010357796293252,0.002038667593833636,0.07286080370594117,8.5,2,1,0,0.9775072093640765,8.666666666666666,0.5357583756107197,percentage,False,,4-6人
8,9,5,Lil' Kim,0.041377892855294085,0.033151308062049134,0.0029359499582074337,0.10684697277216804,8.666666666666666,2,1,0,0.9679124366359916,8.9,0.6798692684790381,percentage,False,,4-6人
8,10,4,Ty Murray,0.07453305172977862,0.053481350859328744,0.0059474884061084775,0.17796732498980491,8.0,1,1,1,0.949233699471088,9.125,0.720484019407941,percentage,False,,<4人
8,11,3,Gilles Marini,0.11407960692040572,0.07854328651318897,0.008445289088402051,0.26130503113620346,9.666666666666666,2,1,0,0.9271765097466689,9.722222222222221,0.20786985482077458,percentage,False,,<4人
8,11,3,Shawn Johnson,0.11217407703120909,0.07859280446078384,0.007490398389069287,0.25889447128327353,10.0,3,1,0,0.9271339432863412,9.722222222222221,0.20786985482077458,percentage,False,,<4人
8,11,3,Melissa Rycroft,0.11419452527715784,0.07986030482709068,0.009040575707789645,0.2632743633814778,9.5,1,1,1,0.9260457075141048,9.722222222222221,0.20786985482077458,percentage,False,,<4人
9,1,16,Ashley Hamiliton,0.00833198559252021,0.006624577625591979,0.000642373392736625,0.021588921319488766,6.3333,1,1,1,0.9934190185965677,8.4583,1.7194649524714882,percentage,False,,>10人
9,1,16,Macy Gray,0.009069780400420571,0.0073347887892038595,0.0006546228543347009,0.023626690153855677,6.3333,2,1,0,0.992718618605419,8.4583,1.7194649524714882,percentage,False,,>10人
9,2,14,Kathy Ireland,0.007952277770602326,0.006376853887932168,0.0006193245610644943,0.019923591776058815,6.0,1,1,1,0.993663552710601,6.999999999999999,0.9920317455237934,percentage,False,,>10人
9,3,13,Debi Mazar,0.00910194967018572,0.007515072596017328,0.0005796602619618802,0.023712629110755487,5.666666666666667,3,1,0,0.9925409824622736,6.615384615384615,1.23928676652252,percentage,False,,>10人
9,4,11,Chuck Liddell,0.015495550209851905,0.011660121795736016,0.0012758891145503372,0.03777273960895612,5.666666666666667,3,1,0,0.9884742696242304,7.333333333333334,1.4564381625088383,percentage,False,,>10人
9,5,10,Natalie Coughlin,0.012451371611132802,0.010458663812317871,0.0007723934307512166,0.03335286864956112,7.333333333333333,2,1,0,0.9896495876705547,8.066666666666666,0.7859884081701063,percentage,False,,8-10人
9,6,9,Melissa Joan Hart,0.019521008472737668,0.014823808322979293,0.001259945215701627,0.04816546633601693,7.999966666666666,2,1,0,0.985392727090749,9.629596296296297,1.6058945776204383,percentage,False,,8-10人
9,6,9,Louie Vito,0.018618977501286854,0.014237549469672777,0.001438466188044502,0.04608833698813708,8.0,3,1,0,0.9859623127963294,9.629596296296297,1.6058945776204383,percentage,False,,8-10人
9,7,7,Mark Dacascos,0.027113803909198233,0.020882923799522005,0.002246531897528493,0.06767032628358823,7.166666666666667,1,1,1,0.9795442520266673,8.357142857142856,0.6326347740755437,percentage,False,,6-8人
9,7,7,Michael Irvin,0.02284369990938473,0.01822767614788064,0.001386869531789693,0.060397282602645416,7.833333333333333,2,1,0,0.9820986243304259,8.357142857142856,0.6326347740755437,percentage,False,,6-8人
9,8,5,Aaron Carter,0.042322504753907815,0.03391311722015464,0.0027790854512366628,0.11096401524600573,8.333333333333334,1,1,1,0.9671992581820265,8.733333333333334,0.5637178175095922,percentage,False,,4-6人
9,9,4,Joanna Krupa,0.06162115338159183,0.047440518465146915,0.004708390555821733,0.15410355034426546,9.0,3,1,0,0.954708150363838,8.888858333333333,0.527048034061728,percentage,False,,<4人
10,2,11,Shannen Doherty,0.010302864951049984,0.008723521148005852,0.0006876436118934482,0.027300572637858032,6.666666666666667,5,1,0,0.9913519205559143,6.666666666666666,1.4213381090374029,percentage,False,,>10人
10,3,10,Buzz Aldrin,0.02334466420793261,0.016155756264090895,0.0020537432105125247,0.05328133715805566,4.333333333333333,1,1,1,0.9841011024496011,6.7666666666666675,1.2023125864580955,percentage,False,,8-10人
10,4,9,Aiden Turner,0.02042047979160184,0.015588848047757132,0.0018178477753701275,0.05113435027851301,5.5,2,1,0,0.9846504340041512,6.87037037037037,1.151429004200727,percentage,False,,8-10人
10,5,8,Kate Gosselin,0.02838169964160069,0.021770492736655156,0.0019302890119565505,0.06978050879201687,5.0,1,1,1,0.9786933632440822,7.208333333333334,1.4713702985841313,percentage,False,,6-8人
10,6,7,Jake Pavelka,0.028201987714574623,0.02168599300750535,0.0017685467398387503,0.07153772490664191,8.3333,1,1,1,0.97877430721775,9.952347619047618,1.2777593415331712,percentage,False,,6-8人
10,7,6,Pamela Anderson,0.027762822299513323,0.023435731771440666,0.0018775288696965225,0.07598220629827963,8.5,2,1,0,0.9771009248124684,8.638888888888888,0.2952818281315182,percentage,False,,4-6人
10,8,5,Niecy Nash,0.05204126998445286,0.038349340980204004,0.004582793907559144,0.1275113579440663,7.166666666666667,1,1,1,0.9630670146677204,8.433333333333334,0.9752492558885197,percentage,False,,4-6人
10,9,4,Chad Ochocinco,0.06927002208502046,0.0526853173310873,0.0047417474377225025,0.1721910414156434,8.666666666666666,1,1,1,0.9499515035845068,9.416666666666668,0.4787135538781695,percentage,False,,<4人
11,1,12,David Hasselhoff,0.013029171838475713,0.01009381572473345,0.0009401581919960209,0.03283830275033687,5.0,1,1,1,0.9900070512584108,6.305555555555556,1.0754700379225521,percentage,False,,>10人
11,2,11,Michael Bolton,0.022765431269266057,0.015486409374118097,0.0016947869608480548,0.05082396005693453,4.0,1,1,1,0.98474976205377,6.696969696969696,1.0488526242349563,percentage,False,,>10人
11,3,10,Margaret Cho,0.01630754051664651,0.012085492306873885,0.0014341434417377943,0.03955195751469271,6.0,1,1,1,0.988058822699526,7.366666666666667,0.8359957469322967,percentage,False,,8-10人
11,4,9,The Situation,0.02214877955326744,0.016799442021868734,0.0015825883299748736,0.05436700921908792,4.666666666666667,1,1,1,0.9834781164036994,6.62962962962963,1.3895060357262274,percentage,False,,8-10人
11,5,8,Florence Henderson,0.018866223413928348,0.015339767954628674,0.0013455689996712142,0.049013879463114314,7.0,3,1,0,0.9848919854823275,7.583333333333334,0.9090593428863096,percentage,False,,6-8人
11,6,7,Audrina Patridge,0.01859879184142446,0.015676173268224694,0.0011053059998470582,0.0495477594305418,10.6666,6,1,0,0.9845657762968071,9.857109523809525,1.3075730927658191,percentage,False,,6-8人
11,7,6,Rick Fox,0.028228977903884577,0.02369098109512059,0.0017259027807676262,0.07488922758323607,8.625,3,1,0,0.9768572923542057,8.6875,0.3662165798176447,percentage,False,,4-6人
11,8,5,Kurt Warner,0.046725910090095996,0.036071918177062096,0.003430766854224908,0.11720593887460558,8.0,2,1,0,0.9651839630587329,8.833333333333334,0.7527726527090811,percentage,False,,4-6人
11,9,4,Brandy,0.06266833308957902,0.048185077821501776,0.004053378660583854,0.15738574513023187,9.5,2,1,0,0.9540299906561851,9.5,0.4249182927993984,percentage,False,,<4人
12,2,11,Mike Catherwood,0.012054659066230365,0.009834477695831397,0.0008501713176047483,0.03130893113859151,5.666666666666667,2,1,0,0.9902612973580868,6.545454545454546,0.7948410332487275,percentage,False,,>10人
12,3,10,Wendy Williams,0.0210841420373422,0.014753658284285539,0.0018456925589994601,0.04761340252003614,5.0,1,1,1,0.9854608474048464,7.133333333333335,0.9213516640723503,percentage,False,,8-10人
12,4,9,Sugar Ray Leonard,0.015517363931521616,0.012236226540850619,0.0011981090226656447,0.03998993322720324,7.0,2,1,0,0.9879116887738093,7.62962962962963,0.7608384660805236,percentage,False,,8-10人
12,5,8,Petra Nemcova,0.019904498770951788,0.01587428145347239,0.0012655754116885454,0.050352167706891854,7.333333333333333,2,1,0,0.9843737736614808,8.083333333333334,0.6821127309893708,percentage,False,,6-8人
12,6,7,Chris Jericho,0.02727521613729992,0.021110088054881085,0.0018770054112368058,0.0685576732837767,7.333333333333333,1,1,1,0.9793263348371243,8.571428571428573,0.6834619092574918,percentage,False,,6-8人
12,7,6,Kendra Wilkinson,0.02837207674976778,0.02312143315366057,0.0018433731098447222,0.07588440667559278,7.625,3,1,0,0.9774010861228942,7.854166666666667,0.32609324671871937,percentage,False,,4-6人
12,8,5,Romeo,0.03988722779572769,0.032963388963720947,0.0025105458128478393,0.10542648271919905,8.666666666666666,2,1,0,0.9680885215140199,8.666666666666666,0.5270462766947297,percentage,False,,4-6人
12,9,4,Ralph Macchio,0.07717067825268202,0.05605363357527047,0.006521735026502762,0.1834652935910653,8.0,1,1,1,0.9469216034175265,9.791666666666666,1.5427923817978013,percentage,False,,<4人
13,1,12,Metta World Peace (Ron),0.01301521786362068,0.009645987663944151,0.0011506473893538442,0.03127228374483396,4.666666666666667,1,1,1,0.9904461684770695,6.027777777777778,0.8655798028268267,percentage,False,,>10人
13,2,11,Elisabetta Canalis,0.008294297653977762,0.007226856897816479,0.0005673710781631112,0.02302115905463896,7.0,5,1,0,0.9928249958305574,6.757575757575757,0.6210273191490665,percentage,False,,>10人
13,3,10,Kristin Cavallari,0.010428529875200505,0.008999755902423842,0.0006629507014139289,0.028323642779425437,8.0,6,1,0,0.9910805172649674,7.9,0.8306623862918073,percentage,False,,8-10人
13,4,9,Chynna Phillips,0.015996221842965272,0.013054104009741501,0.0011385663035980388,0.04142873061866748,7.0,2,1,0,0.9871141097419451,7.740740740740741,0.9132465189583667,percentage,False,,8-10人
13,5,8,Carson Kressley,0.024090091786884028,0.01784555952588319,0.0021281441261864153,0.057165914278194556,6.333333333333333,1,1,1,0.9824673209418963,7.833333333333334,0.8660254037844389,percentage,False,,6-8人
13,6,7,Chaz Bono,0.029853064112419947,0.023033395822951486,0.0023373624512328228,0.07401337316316192,6.333333333333333,1,1,1,0.9774851965566356,7.904761904761905,1.2307474269828649,percentage,False,,6-8人
13,7,6,David Arquette,0.028620537389616257,0.02379728716162959,0.001842132891523319,0.07627747458988342,7.833333333333333,2,1,0,0.9767558603055053,8.13888888888889,0.4851180332381387,percentage,False,,4-6人
13,8,5,Nancy Grace,0.04847835650591553,0.03805618827558162,0.003580406798776937,0.12399288368460361,7.333333333333333,1,1,1,0.9633389900224952,8.633333333333333,0.8459051693633014,percentage,False,,4-6人
13,9,4,Hope Solo,0.07714442675982645,0.056484127935389684,0.006019093143531611,0.18662673667627117,8.1666,1,1,1,0.9465357534090243,9.874958333333334,1.2040167153174777,percentage,False,,<4人
14,2,12,Martina Navratilova,0.013455863265491079,0.009913979420824276,0.0010577745582352341,0.0319822912381602,5.666666666666667,1,1,1,0.9901833427174561,7.472222222222222,0.9275448809479999,percentage,False,,>10人
14,3,11,Jack Wagner,0.009579345218777896,0.008140734148372651,0.000748311452538841,0.026452026496884908,8.0,1,1,1,0.9919250022614655,8.484848484848486,0.5749595745760688,percentage,False,,>10人
14,4,10,Sherri Sheperd,0.013176098487291578,0.010777367452619199,0.0009364068531082132,0.03523138598371289,7.0,2,1,0,0.989337545734942,7.7666666666666675,0.7461009761866462,percentage,False,,8-10人
14,5,9,Gavin DeGraw,0.022790256080872297,0.015981403900386583,0.002099121991522019,0.05193253025272232,6.333333333333333,1,1,1,0.9842699838412068,8.296296296296296,1.1270462262742917,percentage,False,,8-10人
14,6,8,Gladys Knight,0.026569464322994844,0.019042195618720274,0.002305447284003941,0.0628351143417154,8.0,1,1,1,0.9813136338214545,10.749970833333332,1.587706898366801,percentage,False,,6-8人
14,7,7,Jaleel White,0.022147808353909688,0.018690456441513865,0.0015664110448699788,0.0594437279957482,8.5,2,1,0,0.9816524673188721,8.738095238095239,0.47020042043170246,percentage,False,,6-8人
14,8,6,Roshon Fegan,0.02491933313076379,0.021777722329780914,0.001428573128378626,0.06921096560943096,9.333333333333334,5,1,0,0.9786864384945437,9.083333333333334,0.32984283575105316,percentage,False,,4-6人
14,8,6,Melissa Gilbert,0.030605015178533656,0.0252318589785063,0.0021544771346096447,0.08297271459733331,8.5,1,1,1,0.9753891192928338,9.083333333333334,0.32984283575105316,percentage,False,,4-6人
14,9,4,Maria Menounos,0.060289263007752204,0.04756958985948859,0.003155147067086242,0.15325425842121526,9.833333333333334,4,1,0,0.9545905204580546,9.583333333333334,0.1863389981249824,percentage,False,,<4人
15,1,13,Pamela Anderson,0.011880902132926344,0.008222178800529946,0.0010006485486107521,0.027172582791177964,5.666666666666667,1,1,1,0.9918448741027382,7.08974358974359,0.6392282493496364,percentage,False,,>10人
15,2,12,Joey Fatone,0.007215259419612949,0.0065216812644549975,0.0005315449545901809,0.019571384258435368,7.5,5,1,0,0.9935205754770606,7.666666666666665,0.6972166887783962,percentage,False,,>10人
15,3,11,Helio Castroneves,0.008593851057303297,0.007700526721994774,0.0005650474343652979,0.024703860849756128,8.5,8,1,0,0.9923583182525029,8.424242424242424,0.4344021571767107,percentage,False,,>10人
15,3,11,Drew Lachey,0.009433863869174676,0.0077460530048101515,0.0007016943080265218,0.02502835379646118,8.0,3,1,0,0.9923134871312931,8.424242424242424,0.4344021571767107,percentage,False,,>10人
15,4,9,Bristol Palin,0.016905606655005387,0.013195175776913075,0.0011360821706086351,0.04273927422179846,8.0,2,1,0,0.9869766693600814,8.930555555555555,0.752567621341337,percentage,False,,8-10人
15,6,8,Sabrina Bryan,0.014661407014898766,0.012826325183400817,0.0008229253495318803,0.04111060017589105,10.0,7,1,0,0.9873361060386356,9.416666666666666,0.4330127018922194,percentage,False,,6-8人
15,8,7,Gilles Marini,0.019675379194453235,0.016789765920727857,0.0013448837229532097,0.053131368297257855,9.759233333333333,5,1,0,0.983487475500381,9.489400000000002,0.4583147674161785,percentage,False,,6-8人
15,8,7,Kirstie Alley,0.024981353412762926,0.019900696430928837,0.001958554830206015,0.06646708700802095,8.5,1,1,1,0.9804876136465346,9.489400000000002,0.4583147674161785,percentage,False,,6-8人
15,9,5,Apolo Anton Ohno,0.04050728285066623,0.03284801465395015,0.002155679740417894,0.10844801521809248,9.537,3,1,0,0.9681966618632117,9.39998,0.3272301015765172,percentage,False,,4-6人
15,9,5,Emmitt Smith,0.043511185419318095,0.03459603618206449,0.003181585269929119,0.10904205004003854,9.0,1,1,1,0.9665608266684134,9.39998,0.3272301015765172,percentage,False,,4-6人
16,3,11,Wynonna Judd,0.017456226188261054,0.01295573391312585,0.001211308559209978,0.040964293674175895,5.0,1,1,1,0.9872099703083007,7.121200000000001,1.1999231689208822,percentage,False,,>10人
16,4,10,Lisa Vanderpump,0.016213276906630422,0.012132948304521989,0.001528857890713503,0.03944503164743016,6.0,2,1,0,0.9880124954682618,7.466666666666667,1.0456258094238746,percentage,False,,8-10人
16,5,9,D. L. Hughley,0.020555111485548935,0.015058783778238992,0.0017615654080424085,0.04825653145572261,6.0,1,1,1,0.985164619016263,7.74074074074074,1.235061629669116,percentage,False,,8-10人
16,6,8,Victor Ortiz,0.021590024403282206,0.016339398679753328,0.0018260515387983384,0.052904936417770256,6.666666666666667,1,1,1,0.9839232851732614,7.854166666666667,0.7473912964438373,percentage,False,,6-8人
16,7,7,Andy Dick,0.03987608756984786,0.02730300097428805,0.0037356513205347164,0.0906053195273222,5.666666666666667,1,1,1,0.9734226406927712,8.761904761904761,1.5297503242103816,percentage,False,,6-8人
16,8,6,Sean Lowe,0.039356078066997036,0.029246974850908946,0.0031837066337840492,0.0960068560710309,7.0,1,1,1,0.9715841041406553,8.638888888888888,0.9048054152723517,percentage,False,,4-6人
16,9,5,Ingo Rademacher,0.04605959157306671,0.03635891676337331,0.0031627155746265594,0.11823470256856862,8.5,1,1,1,0.964916674932537,9.4,0.5120763831912408,percentage,False,,4-6人
16,10,4,Alexandra Raisman,0.06231271266370585,0.048550040514660914,0.004258996078609236,0.15947206455989268,9.666666666666666,2,1,0,0.9536979270051519,9.749991666666666,0.27639796226033725,percentage,False,,<4人
17,2,12,Keyshawn Johnson,0.0127557115606506,0.009239471674073733,0.0010384394117558533,0.02927844292092205,6.0,2,1,0,0.9908451146299819,7.388888888888889,0.9702360664762766,percentage,False,,>10人
17,3,11,Bill Nye,0.018520194954534837,0.013516472758870583,0.0012745129918316958,0.04318373374004885,5.333333333333333,2,1,0,0.9866637858168426,7.727272727272726,1.204521631172836,percentage,False,,>10人
17,4,10,Valerie Harper,0.01919612924560713,0.013701573770261703,0.0014983587239783196,0.045045519291006995,6.0,1,1,1,0.9864836218816339,7.9,0.9433981132056604,percentage,False,,8-10人
17,5,9,Christina Milian,0.011280152114163722,0.009906184611256459,0.0006904620004341165,0.03178025762254783,9.333333333333334,9,1,0,0.9901909852992239,8.703703703703702,0.6175308148345582,percentage,False,,8-10人
17,7,8,"Nicole ""Snooki"" Polizzi",0.01643191521031876,0.014002811215400536,0.0010141866904034753,0.045701022075749484,9.0,4,1,0,0.9861905597691426,9.229166666666668,0.4925662673973704,percentage,False,,6-8人
17,8,7,Brant Daugherty,0.022289293554842188,0.019167879487014608,0.0015614041307938401,0.060659619196052,9.0,3,1,0,0.9811926181419075,9.142857142857142,0.7095078297976828,percentage,False,,6-8人
17,9,6,Elizabeth Berkley Lauren,0.0266533251382254,0.022447285887537013,0.0016548135252867763,0.07036449186357173,9.333333333333334,5,1,0,0.9780455323248751,8.75,0.8593171276810011,percentage,False,,4-6人
17,10,5,Leah Remini,0.04430652896837577,0.03333193745613092,0.003605299798753066,0.10883348839448241,8.125,2,1,0,0.9677432427587713,8.75,0.85146931829632,percentage,False,,4-6人
17,11,4,Corbin Bleu,0.06053273629921146,0.04604244345204294,0.004294246533036558,0.1500851508619238,9.8888,3,1,0,0.9559841536638816,9.541616666666666,0.7183287147956711,percentage,False,,<4人
17,11,4,Amber Riley,0.05551111443259083,0.04325084735148185,0.0036795493102598797,0.14187319411349436,10.4444,4,1,0,0.95854223606788,9.541616666666666,0.7183287147956711,percentage,False,,<4人
17,11,4,Bill Engvall,0.07173897933496255,0.05404265031140898,0.005168030344504827,0.18050189050685006,8.499966666666666,1,1,1,0.9487282129471302,9.541616666666666,0.7183287147956711,percentage,False,,<4人
17,11,4,Jack Osbourne,0.06517207671908687,0.050495885688501996,0.004383475246029166,0.16128459098477463,9.3333,2,1,0,0.9519313817631883,9.541616666666666,0.7183287147956711,percentage,False,,<4人
18,2,11,Sean Avery,0.010893846660754311,0.008580668008024723,0.0009080566585897975,0.026993224079540034,7.0,3,1,0,0.9914923334541283,7.393939393939394,0.9408590725006076,percentage,False,,>10人
18,5,9,Cody Simpson,0.01452353318802952,0.011691441571707683,0.0010414667266216372,0.03741633241063218,8.5,2,1,0,0.9884436686016197,8.944444444444445,0.8146043499230655,percentage,False,,8-10人
18,6,8,Drew Carey,0.019382138503817783,0.015899829412376342,0.0014076361080484767,0.05111545464358989,8.0,2,1,0,0.9843490185232403,8.8125,0.6702378309227255,percentage,False,,6-8人
18,7,7,NeNe Leakes,0.023466344060594193,0.019143774818881843,0.0016001906357113926,0.061593283612244885,8.25,1,1,1,0.9812158251937672,9.035714285714286,0.44678557154274295,percentage,False,,6-8人
18,8,6,Danica McKellar,0.027691842980351482,0.023439150855836758,0.001732685039046803,0.07498186568859336,9.5,4,1,0,0.9770976605338617,9.416666666666666,0.4487637339278754,percentage,False,,4-6人
18,9,5,Charlie White,0.03994879630749687,0.03263324646139583,0.002535051810789738,0.10346550857802599,9.5,3,1,0,0.9683980284643916,9.55,0.33166247903553997,percentage,False,,4-6人
18,10,4,James Maslow,0.06167710068211408,0.047026065568012275,0.004420591835518574,0.15446552262105498,9.666666666666666,2,1,0,0.9550860603050023,9.555533333333333,0.5270708723164698,percentage,False,,<4人
19,1,13,Lolo Jones,0.012569312040812967,0.00916424034186313,0.0009959611783601774,0.02989864865063861,5.5,2,1,0,0.9909189803051696,7.153846153846154,1.1203470510484237,percentage,False,,>10人
19,2,12,Tavis Smiley,0.009101771302772737,0.007401035919309183,0.000656591819827318,0.02373594135902417,7.0,5,1,0,0.9926533369974598,7.541666666666667,0.7488416981504762,percentage,False,,>10人
19,3,11,Randy Couture,0.01417392560456805,0.010750810143710182,0.0011263368620468047,0.035906905360841866,6.5,1,1,1,0.9893635404139013,8.022727272727273,1.073728346456156,percentage,False,,>10人
19,4,10,Betsey Johnson,0.013151016879229071,0.01074534804408437,0.0007668241934692551,0.033951159891328374,7.25,5,1,0,0.9893688869655666,8.0,1.3738631664034087,percentage,False,,8-10人
19,6,9,Jonathan Bennett,0.014056076658812143,0.011843826702237232,0.0008156996419402953,0.03724969432897173,8.0,4,1,0,0.9882948075684386,8.13888888888889,0.8669159185737353,percentage,False,,8-10人
19,7,8,Antonio Sabato Jr.,0.019418272130585456,0.015318900811786565,0.0015353891941971838,0.049948206973595116,7.375,2,1,0,0.9849122272819519,8.078125,0.7498372219188641,percentage,False,,6-8人
19,8,7,Michael Waltrip,0.03621028297901265,0.026188122116851155,0.0027780808967359846,0.08603054263108832,6.25,1,1,1,0.9744801936872651,8.857142857142858,1.5746719775034717,percentage,False,,6-8人
19,9,6,Lea Thompson,0.028628087725787694,0.023789977279666877,0.002009169177722285,0.07669190515004523,8.75,2,1,0,0.976762834362884,8.916666666666666,0.855943274340589,percentage,False,,4-6人
19,10,5,Tommy Chong,0.05101942757577141,0.038732646686891435,0.0033866064329179475,0.12594945025461102,7.75,1,1,1,0.9627116305524508,9.125,0.7071067811865476,percentage,False,,4-6人
19,11,4,Janel Parrish,0.06139415009556545,0.04816414312445599,0.004308191928631509,0.15521539062668038,9.749950000000002,2,1,0,0.9540490452374337,9.7708125,0.18042051703935993,percentage,False,,<4人
19,11,4,Alfonso Ribeiro,0.05844611593400492,0.04645891302458414,0.003663803475988668,0.15328022745083414,10.0,4,1,0,0.955603691223477,9.7708125,0.18042051703935993,percentage,False,,<4人
19,11,4,Bethany Mota,0.06382015805182017,0.04952072144023507,0.004804916943412114,0.16239254256904037,9.5,1,1,1,0.9528158706840215,9.7708125,0.18042051703935993,percentage,False,,<4人
19,11,4,Sadie Robertson,0.06381284953635678,0.04898821236305187,0.004576568649307212,0.1647598318684287,9.8333,3,1,0,0.953299558769401,9.7708125,0.18042051703935993,percentage,False,,<4人
20,2,12,Redfoo,0.0074251254988830576,0.0064344702363230205,0.00048176021882332575,0.019989302400796417,7.75,8,1,0,0.9936066674715422,7.229166666666667,0.8444570083129684,percentage,False,,>10人
20,3,11,Charlotte McKinney,0.015516333258310214,0.012059557765350584,0.0011979678078885994,0.038067461787343375,5.5,1,1,1,0.9880841422099917,7.113636363636363,1.099398783858893,percentage,False,,>10人
20,4,10,Michael Sam,0.0133271672135016,0.010478128779252933,0.001168028194032393,0.032926355126160226,7.5,3,1,0,0.9896305239264194,8.125,0.8961724164467461,percentage,False,,8-10人
20,5,9,Suzanne Somers,0.01713144526590014,0.013527559261072946,0.0011115289430137442,0.0424180765097392,7.0,4,1,0,0.9866529931648477,7.861111111111111,1.3647909440598052,percentage,False,,8-10人
20,6,8,Patti LaBelle,0.017143570848702456,0.014154804510479926,0.0013150797736566442,0.04487070296585532,8.5,3,1,0,0.9860427575282135,8.84375,0.3630921887069453,percentage,False,,6-8人
20,7,7,Willow Shields,0.019560403831740597,0.016689672001772002,0.0012238417632207837,0.053947010644751346,9.75,6,1,0,0.9835843006362881,9.071428571428571,0.8935711430854859,percentage,False,,6-8人
20,8,6,Robert Herjavec,0.035003306634313405,0.02672474472902763,0.0025893920422332627,0.08805379021488494,7.75,1,1,1,0.9739708769402643,8.8125,0.9512875047359062,percentage,False,,4-6人
20,8,6,Chris Soules,0.03390690296416974,0.02662788796834942,0.002396715777303996,0.08670454601269391,8.0,3,1,0,0.9740627657981853,8.8125,0.9512875047359062,percentage,False,,4-6人
20,9,4,Nastia Liukin,0.06461942740168766,0.048658340804950836,0.004684049984578769,0.16111697606978065,10.0,4,1,0,0.9535994337606655,9.8125,0.2072890493972125,percentage,False,,<4人
21,2,13,Victor Espinoza,0.008947164419216082,0.007115554446283055,0.0005249154424695598,0.022351538095128357,6.166666666666667,3,1,0,0.9929347189457368,6.935897435897437,0.968606500898672,percentage,False,,>10人
21,2,13,Chaka Khan,0.013252042557100269,0.009835328395540969,0.0009759515342386526,0.03179391066266106,5.0,1,1,1,0.9902604631478207,6.935897435897437,0.968606500898672,percentage,False,,>10人
21,4,10,Gary Busey,0.02172192597062002,0.015904407681063572,0.0017662958332344638,0.051716035793108066,5.333333333333333,1,1,1,0.9843445824618801,7.866666666666667,1.3012814197295426,percentage,False,,8-10人
21,6,9,Paula Deen,0.024295925431862254,0.017388972220921194,0.001874319380862566,0.057445617210785,6.0,1,1,1,0.9829082359886782,8.694444444444445,1.3933262448871613,percentage,False,,8-10人
21,7,8,Hayes Grier,0.014584009058845993,0.012992246936260088,0.0008877304209583018,0.04043772111914416,9.333333333333334,7,1,0,0.98717438660014,9.208333333333334,0.24650332429581723,percentage,False,,6-8人
21,8,7,Andy Grammer,0.026900587186997425,0.02068625920678691,0.002014836367269668,0.06657819846880686,7.999933333333334,1,1,1,0.9797329894272674,9.238066666666667,0.9035189463144678,percentage,False,,6-8人
21,9,6,Alexa PenaVega,0.025579716449114564,0.021197300569378352,0.001806363186466427,0.06902876766652138,10.0,5,1,0,0.9792426981959709,9.138888888888888,0.6899856860207902,percentage,False,,4-6人
21,11,4,Carlos PenaVega,0.06302069041059549,0.04849805685830976,0.0038158786870406787,0.1591696978845787,10.0,2,1,0,0.9537452105503867,9.833325,0.2886895683515428,percentage,False,,<4人
21,11,4,Alek Skarlatos,0.06648676131468656,0.05003439248334429,0.004593009126602206,0.16117967534223984,9.3333,1,1,1,0.9523497584064725,9.833325,0.2886895683515428,percentage,False,,<4人
21,11,4,Nick Carter,0.06113318651113394,0.04917936520176562,0.003719885760291272,0.15999058152935014,10.0,3,1,0,0.9531258745330852,9.833325,0.2886895683515428,percentage,False,,<4人
21,11,4,Bindi Irwin,0.06201403442605868,0.04846960277525572,0.004443057499959953,0.1571552621166012,10.0,4,1,0,0.9537710939382898,9.833325,0.2886895683515428,percentage,False,,<4人
22,2,12,Geraldo Rivera,0.018189301669543256,0.012139843084009165,0.001606567128446584,0.03888698473365353,4.333333333333333,1,1,1,0.9880057650462422,6.555555555555556,1.003081671403766,percentage,False,,>10人
22,3,11,Mischa Barton,0.013387461998457608,0.009935770627180995,0.0012482086660597163,0.032662009930777294,6.0,1,1,1,0.9901619777057596,7.181818181818182,0.6569540420811758,percentage,False,,>10人
22,4,10,Marla Maples,0.014893561520376046,0.011501114094485461,0.0010505780366642328,0.03704287044189816,7.0,3,1,0,0.9886296575117651,7.975,0.9965565713997374,percentage,False,,8-10人
22,6,9,Doug Flutie,0.01865282269963771,0.014111559783677374,0.001429371924461652,0.045401882734316536,7.0,1,1,1,0.9860848053179795,8.407407407407408,0.7662281802065629,percentage,False,,8-10人
22,7,8,Kim Fields,0.015259523803597961,0.013361888559806205,0.0010283255633682848,0.0410235967126394,8.666666666666666,2,1,0,0.986814297329855,8.916666666666666,0.3004626062886659,percentage,False,,6-8人
22,7,8,Von Miller,0.01644588145136631,0.014338487544060948,0.001083223265079874,0.04509785026486168,8.666666666666666,3,1,0,0.9858641984701009,8.916666666666666,0.3004626062886659,percentage,False,,6-8人
22,8,6,Jodie Sweetin,0.02568110103643978,0.021538529904018854,0.0017779921782725462,0.06966588185285454,10.0,5,1,0,0.9789155971375425,9.38888888888889,0.5905636562630359,percentage,False,,4-6人
22,9,5,Antonio Brown,0.04287158269713884,0.03408046959476282,0.003303024117561704,0.10957289110006341,9.166666666666666,1,1,1,0.9670427296551513,9.566666666666666,0.3091206165165236,percentage,False,,4-6人
22,9,5,Wanya Morris,0.03901989108089687,0.03202645283409954,0.0026490615970553594,0.10253311430573546,10.0,5,1,0,0.9689674109165032,9.566666666666666,0.3091206165165236,percentage,False,,4-6人
23,2,13,Jake T. Austin,0.008829326429153656,0.007100738702154798,0.0006837820080349063,0.02213828901949031,6.0,2,1,0,0.9929493262895372,6.769230769230769,0.7368170792564621,percentage,False,,>10人
23,3,12,Rick Perry,0.010718707433233774,0.008300993098312297,0.0008535166789404309,0.02678078049363266,5.75,1,1,1,0.9917673461048522,6.770833333333333,0.7249880267210549,percentage,False,,>10人
23,4,11,Babyface,0.015422340161453066,0.011275860755983209,0.0011811696487924856,0.03641560218836208,6.0,1,1,1,0.9888498665956943,7.909090909090909,1.0258370230188338,percentage,False,,>10人
23,4,11,Vanilla Ice,0.009047050349591742,0.007843762828372104,0.0005662841157823287,0.025049198927557824,7.666666666666667,5,1,0,0.9922172829582636,7.909090909090909,1.0258370230188338,percentage,False,,>10人
23,6,9,Amber Rose,0.019775384193122636,0.015273066166937624,0.001481302987640266,0.04902076782302145,7.0,1,1,1,0.9849566912824749,8.472222222222221,1.0099810534832137,percentage,False,,8-10人
23,7,8,Maureen McCormick,0.016449709125354116,0.013696735252573195,0.0012641208833355237,0.044953136520095804,8.25,2,1,0,0.9864883305072888,8.609375,0.4259066615762191,percentage,False,,6-8人
23,8,7,Ryan Lochte,0.025757151692040584,0.020502126582556814,0.0017752452144445723,0.06600923356213406,8.666666666666666,3,1,0,0.9799097659392302,9.571419047619047,1.3996941682798258,percentage,False,,6-8人
23,9,6,Marilu Henner,0.028871915284658923,0.023225891941058296,0.002024605110311848,0.07518960724571332,9.0,1,1,1,0.9773013054849512,9.458333333333334,0.4187448175467038,percentage,False,,4-6人
23,10,5,Terra Jole,0.03876851551035383,0.03228415112762831,0.002752713510741155,0.10396015514130949,10.0,5,1,0,0.9687255189451834,9.766666666666667,0.24944382578492932,percentage,False,,4-6人
23,11,4,Calvin Johnson Jr.,0.06094775148111326,0.04746056858500119,0.0038794545039889817,0.15310083610002312,9.583275,2,1,0,0.954689875677979,9.51038125,0.3777209739737621,percentage,False,,<4人
23,11,4,Laurie Hernandez,0.060117869973568196,0.045095263417053014,0.003983744360459374,0.1476884265304954,9.8333,4,1,0,0.9568505714305804,9.51038125,0.3777209739737621,percentage,False,,<4人
23,11,4,James Hinchcliffe,0.060185849413485024,0.04576637554812277,0.004139319917291742,0.1476916482366708,9.74995,3,1,0,0.9562365202991585,9.51038125,0.3777209739737621,percentage,False,,<4人
23,11,4,Jana Kramer,0.06666394417881644,0.05155375463584981,0.005181492313737637,0.16742553509486668,8.875,1,1,1,0.9509737334790814,9.51038125,0.3777209739737621,percentage,False,,<4人
24,2,12,Chris Kattan,0.01336098375928694,0.009808618058969433,0.0009662928762495986,0.03141889381801001,5.5,2,1,0,0.990286656418299,6.833333333333333,0.7993052538854533,percentage,False,,>10人
24,3,11,Charo,0.013396281229368645,0.010407053424399173,0.0009232123756555821,0.03307088570550178,6.0,1,1,1,0.9897001377918648,7.159090909090909,0.9610170232666352,percentage,False,,>10人
24,4,10,Mr. T,0.014937109512633958,0.011559768489757916,0.0010465809383624293,0.03794137031595038,7.0,1,1,1,0.988572332698624,8.15,0.7762087348130011,percentage,False,,8-10人
24,5,9,Erika Jayne,0.014945580690657101,0.012000084939788483,0.000991515669096432,0.03838830842864787,8.0,4,1,0,0.9881422095527763,8.444444444444445,0.8060343404748282,percentage,False,,8-10人
24,6,8,Heather Morris,0.014280578388871548,0.01227103415982425,0.0009145219099710513,0.039659644684333965,9.25,8,1,0,0.9878777187672775,8.40625,0.5650981662507851,percentage,False,,6-8人
24,7,7,Nancy Kerrigan,0.02150726930798245,0.018207709322714895,0.0012761193975821827,0.05746670371203989,9.0,4,1,0,0.9821178830645211,9.035714285714286,0.9394961741404219,percentage,False,,6-8人
24,7,7,Nick Viall,0.02373079123609881,0.019179468596903733,0.0014898106944551445,0.061831105723386987,8.5,3,1,0,0.981181460981246,9.035714285714286,0.9394961741404219,percentage,False,,6-8人
24,8,5,Bonner Bolton,0.05210655169821504,0.03984400841097599,0.003992030062510629,0.13216246292060438,7.25,1,1,1,0.9616827061668,8.725,0.9334077351297234,percentage,False,,4-6人
24,9,4,Simone Biles,0.05896862951862946,0.04523022068193361,0.004377411429316075,0.14740357384276118,10.0,4,1,0,0.9567270255040804,9.46875,0.4539324701979359,percentage,False,,<4人
25,2,13,Barbara Corcoran,0.010806186428688908,0.00817332422145798,0.0008473219245963598,0.026283919135535738,5.666666666666667,1,1,1,0.9918929374294152,7.012820512820511,0.7085000963922101,percentage,False,,>10人
25,2,13,Debbie Gibson,0.007141841200821876,0.0060954686795266005,0.0004210163360976144,0.01932486828233562,6.833333333333333,6,1,0,0.993941460955463,7.012820512820511,0.7085000963922101,percentage,False,,>10人
25,4,11,Derek Fisher,0.010264455654841019,0.008487380351196276,0.0007435359457360194,0.02744654173681898,7.666666666666667,2,1,0,0.9915840490257394,8.212121212121211,0.6239775843022424,percentage,False,,>10人
25,5,10,Sasha Pieterse,0.013380236237010484,0.010795591731714776,0.0008788607450757793,0.034928174658934066,8.0,2,1,0,0.9893197083366583,8.7,0.7951240294584375,percentage,False,,8-10人
25,6,9,Nick Lachey,0.02180766789802677,0.01570253537373094,0.001897308987278793,0.05205093867146148,6.5,1,1,1,0.9845402223319712,8.5,1.1055415967851334,percentage,False,,8-10人
25,7,8,Nikki Bella,0.019987404039246655,0.01629619168081367,0.0016423617776745937,0.051659103310471646,8.0,1,1,1,0.9839651158646358,8.958333333333332,0.6548430685625714,percentage,False,,6-8人
25,7,8,Vanessa Lachey,0.015938687319084842,0.01354826779559416,0.0009167966575039628,0.0423273330603695,9.0,5,1,0,0.9866328341470496,8.958333333333332,0.6548430685625714,percentage,False,,6-8人
25,8,6,Terrell Owens,0.030209579796282103,0.024440174149509757,0.0020494471140196004,0.07942478785455369,8.5,3,1,0,0.9761428975881389,8.694444444444445,0.7163220532348682,percentage,False,,4-6人
25,9,5,Victoria Arlen,0.03825323479554037,0.03136021886291708,0.0024767086943528905,0.10043213162465281,9.333333333333334,3,1,0,0.9695933406298218,9.0,0.6411794687223782,percentage,False,,4-6人
25,10,4,Drew Scott,0.06467600383230136,0.04944268337177224,0.0043309865150912485,0.1609961368474757,9.375,1,1,1,0.9528867234436119,9.77429375,0.2569233764513994,percentage,False,,<4人
26,1,10,Jamie Anderson,0.013913812029615003,0.010864590870979891,0.0009875523991646966,0.03517719945409274,6.333333333333333,3,1,0,0.9892521797982667,7.0,0.7888106377466155,percentage,False,,8-10人
26,1,10,Johnny Damon,0.015925985774733368,0.011707208527176443,0.0011696998140267338,0.03800617064855701,6.0,2,1,0,0.9884282641968918,7.0,0.7888106377466155,percentage,False,,8-10人
26,2,8,Kareem Abdul-Jabbar,0.020258102497085193,0.01654981278498213,0.0015756389683411153,0.05328219825331654,7.375,1,1,1,0.9837196243835394,8.359375,0.6325713274999113,percentage,False,,6-8人
26,2,8,Arike Ogunbowale,0.015600905667070931,0.013400246206111513,0.000876284894531633,0.042005108720609446,8.75,6,1,0,0.986776945973441,8.359375,0.6325713274999113,percentage,False,,6-8人
26,3,6,Jennie Finch Daigle,0.03761276103714731,0.027720976135270775,0.0027742697730032393,0.09062281036671072,7.25,1,1,1,0.9730267487197594,8.791666666666666,0.9400428477232066,percentage,False,,4-6人
26,3,6,Chris Mazdzer,0.03149192970711557,0.024048817800289005,0.002590154771537632,0.07984747478022382,8.25,2,1,0,0.9765159459370821,8.791666666666666,0.9400428477232066,percentage,False,,4-6人
26,3,6,Mirai Nagasu,0.028796208645043776,0.023733595202758334,0.0020219403912259864,0.0765007924661905,8.75,3,1,0,0.9768166295274722,8.791666666666666,0.9400428477232066,percentage,False,,4-6人
27,1,13,Nikki Glaser,0.009275842970557136,0.007175892058298777,0.0006604044440571736,0.023105822513721945,5.833333333333333,2,1,0,0.9928752344899422,6.538461538461538,0.8195106058716353,percentage,False,,>10人
27,2,12,Danelle Umstead,0.01303750850913807,0.009536836204563899,0.001006415778743394,0.03154366925824065,6.166666666666667,2,1,0,0.990553255847089,7.513888888888889,0.9585346004432564,percentage,False,,>10人
27,3,11,Nancy McKeon,0.012457323817512082,0.010030782575059844,0.000867686713209515,0.03205137970567453,7.333333333333333,3,1,0,0.9900688347839395,8.212121212121211,1.0850008357556458,percentage,False,,>10人
27,4,10,Tinashe,0.009534314980428185,0.008326629731154918,0.0006814583400906513,0.0266000626774729,8.666666666666666,9,1,0,0.991742130490618,7.7333333333333325,1.2364824660660936,percentage,False,,8-10人
27,6,9,Mary Lou Retton,0.014895509558530182,0.01201150894570064,0.0008296259905489487,0.03862301759416121,8.0,4,1,0,0.9881310549934219,8.481481481481481,1.2383891479481843,percentage,False,,8-10人
27,7,8,John Schneider,0.0160367423817172,0.013645054809405624,0.0013413365252903729,0.04347152742403343,9.0,4,1,0,0.9865386263715643,9.0625,0.5769742676719263,percentage,False,,6-8人
27,7,8,DeMarcus Ware,0.016292770388920463,0.01421382155433501,0.0009340970657462901,0.04492882702759453,8.833333333333334,2,1,0,0.9859853797569514,9.0625,0.5769742676719263,percentage,False,,6-8人
27,8,6,Juan Pablo Di Pace,0.02416102361989812,0.02042492196716627,0.0015029786427276928,0.0651155650466035,10.0,6,1,0,0.9799839052070669,8.944444444444443,0.9938079899999064,percentage,False,,4-6人
27,8,6,Joe Amabile,0.0362061732198081,0.02726089097464435,0.002950994736725092,0.08951667462122474,7.666666666666667,2,1,0,0.9734625437275435,8.944444444444443,0.9938079899999064,percentage,False,,4-6人
28,2,12,Mary Wilson,0.007475978102921872,0.007017073369738159,0.000360175734684702,0.022086693850940087,5.0,3,1,0,0.9930318228406424,6.083333333333333,1.0374916331657278,rank,False,,>10人
28,4,10,Lamar Odom,0.009033674942300621,0.008592830431653743,0.000472809625281287,0.026497669094989598,5.0,1,1,1,0.991480377242047,7.05,1.088577052853862,rank,False,,8-10人
28,6,9,Sailor Brinkley-Cook,0.0367235860088017,0.03204784734204397,0.0021052196550971863,0.10066463776796176,9.0,9,1,0,0.9689473240755448,8.444444444444445,0.6085806194501845,rank,False,,8-10人
28,7,8,Karamo Brown,0.02123292760366418,0.018732455689181565,0.0014116057991900002,0.0599175325072387,8.166666666666666,3,1,0,0.9816119967666007,8.416666666666666,0.6454972243679029,rank,False,,6-8人
28,8,7,Kate Flannery,0.028406947310929537,0.025336009084309875,0.001570340843568255,0.08071346216143623,8.6666,3,1,0,0.9752900426203344,9.190438095238095,1.3552414420197607,rank,False,,6-8人
28,9,6,Sean Spicer,0.025798697722897494,0.023311345854309783,0.0014999583501142829,0.0735782735431963,6.25,1,1,1,0.9772196937435026,8.6875,1.1631270710173216,rank,False,,4-6人
28,10,5,James Van Der Beek,0.03991845679172982,0.03248739471393594,0.002683283886148447,0.10455912032404656,8.5,1,1,1,0.9685348267879464,9.166666666666668,0.45946829173634085,rank,False,,4-6人
28,11,4,Kel Mitchell,0.12182542614924641,0.0981681595394326,0.006152947379942331,0.3241856657572376,9.833333333333334,3,1,0,0.9106073521740022,9.75,0.18633899812498259,rank,False,,<4人
28,11,4,Ally Brooke,0.2530335981510058,0.19220230871211086,0.01947491957254764,0.630564429522338,10.0,4,3,0,0.8387838143681003,9.75,0.18633899812498259,rank,False,,<4人
28,11,4,Hannah Brown,0.08154811700712715,0.06463174606729359,0.004922956338550157,0.21357261486487294,9.666666666666666,2,1,0,0.9392919229526635,9.75,0.18633899812498259,rank,False,,<4人
29,2,15,Charles Oakley,0.004626765742195473,0.0044565547426829305,0.00023821645268365274,0.01383756933322962,5.0,2,1,0,0.9955632180190963,6.0666666666666655,0.6906786785742245,rank,False,,>10人
29,3,14,Carole Baskin,0.005161651165377391,0.004768415353062663,0.00026006050787719863,0.014593200558550271,4.0,1,1,1,0.9952542145232669,6.69047619047619,1.101689076310407,rank,False,,>10人
29,4,13,Anne Heche,0.0077632295637287884,0.007339162221430327,0.000382295302229083,0.022249632503161424,7.0,1,1,1,0.9927143086492879,7.717948717948717,0.6646913536828576,rank,False,,>10人
29,5,12,Jesse Metcalfe,0.007848655783492297,0.007546365499636514,0.0004897282656708226,0.0232948503006192,6.333333333333333,1,1,1,0.9925101556037131,7.972222222222222,0.9666507022947397,rank,False,,>10人
29,6,11,Veron Davis,0.008609955188244041,0.008192306370419788,0.000352684368129291,0.025726484673868517,7.0,2,1,0,0.991874262163423,8.121212121212121,0.945726456625893,rank,False,,>10人
29,7,10,Monica Aldama,0.010448731864631909,0.009209131370800603,0.0006486916048850711,0.028877518504620007,7.333333333333333,1,1,1,0.9908749028476467,8.666666666666666,0.6666666666666667,rank,False,,8-10人
29,8,8,Chrishell Stause,0.02545631026120425,0.022586980670635626,0.0015650931119421448,0.07176775027983127,9.0,3,1,0,0.9779119223131293,9.249983333333333,0.6180142939285467,rank,False,,6-8人
29,9,7,AJ McLean,0.025076019819192594,0.02098411173034518,0.0016947460311248995,0.0664950825465698,8.333266666666667,2,1,0,0.9794471711270986,9.190438095238095,0.7737232193336674,rank,False,,6-8人
29,10,6,Skai Jackson,0.04322545480600945,0.03581033391050603,0.002759537280141448,0.11388228314330961,9.5,2,1,0,0.9654277112921718,9.666666666666666,0.2545875386086577,rank,False,,4-6人
29,10,6,Johnny Weir,0.033294212252797495,0.029107943945903738,0.0019713281343234257,0.09506648154173038,9.5,3,1,0,0.9717153636631205,9.666666666666666,0.2545875386086577,rank,False,,4-6人
29,11,4,Nev Schulman,0.11880570227675269,0.09353641590118025,0.009195552913539596,0.30154408898949847,10.0,3,1,0,0.9144642880282161,9.875,0.21650635094610965,rank,False,,<4人
29,11,4,Nelly,0.06147168837806212,0.04788910540531143,0.0037370019094476177,0.15417027563520896,9.5,1,1,1,0.9542994529112997,9.875,0.21650635094610965,rank,False,,<4人
29,11,4,Kaitlyn Bristowe,0.08534342054949015,0.06620251479741761,0.0064968284190446675,0.21856813218126236,10.0,4,1,0,0.937908123570693,9.875,0.21650635094610965,rank,False,,<4人
30,2,15,Martin Kove,0.004353079891514551,0.004069742131651941,0.0002676431404771935,0.012465901067054438,3.75,1,1,1,0.9959467535362515,6.416666666666667,1.0027739304327548,rank,False,,>10人
30,3,14,Christine Chiu,0.008103361389124101,0.007764009148271127,0.00047560460727923517,0.02454172653843746,7.0,7,1,0,0.9922958062822337,7.095238095238095,0.6353173363869683,rank,False,,>10人
30,4,13,Brian Austin Green,0.005821595888048289,0.005142675241078002,0.000292245267158262,0.0157869453109696,6.5,1,1,1,0.9948836365545374,8.01923076923077,0.7319070089994255,rank,False,,>10人
30,4,13,Matt James,0.006457889438885853,0.005861239549311574,0.0004076686796569849,0.018005517048289222,7.125,2,1,0,0.9941729143952919,8.01923076923077,0.7319070089994255,rank,False,,>10人
30,5,11,Melanie C,0.017882504865421447,0.016507004759184492,0.0008810670020787882,0.05114196650126729,9.0,7,1,0,0.9837610516386998,8.75,0.8048150549829897,rank,False,,>10人
30,6,10,Kenya Moore,0.01034176627650262,0.009380849857741593,0.0005072289269878064,0.029558810832083497,8.0,1,1,1,0.9907063326403867,9.1,0.6244997998398398,rank,False,,8-10人
30,7,9,"Mike ""The Miz"" Mizanin",0.011540518685424375,0.010423981553065622,0.0007061683148121828,0.03244061222153091,8.0,1,1,1,0.9896835568599199,9.083333333333334,0.74535599249993,rank,False,,8-10人
30,8,8,Jimmie Allen,0.014664268238294724,0.013361324369958825,0.000779963785062005,0.0403870368771509,8.0,1,1,1,0.9868148467396207,9.625,0.9013878188659973,rank,False,,6-8人
30,8,8,Olivia Jade,0.021101065547514335,0.01846899430383623,0.0012105687280486803,0.05921881015161414,9.0,3,1,0,0.9818659238453689,9.625,0.9013878188659973,rank,False,,6-8人
30,9,6,Melora Hardin,0.032626715227252814,0.02766503533370451,0.0019574257925095567,0.08692403309576947,9.0,2,1,0,0.9730797152938836,9.416666666666666,0.4124789556921527,rank,False,,4-6人
30,9,6,Suni Lee,0.05501271909072914,0.045536034776819403,0.0036826180669004885,0.1435268382582447,9.375,3,1,0,0.9564471876031134,9.416666666666666,0.4124789556921527,rank,False,,4-6人
31,1,16,Jason Lewis,0.004417562224367482,0.0040938105546742135,0.00022180638097000878,0.012312818674103256,4.5,2,1,0,0.9959228804005746,5.96875,1.085684547877513,rank,False,,>10人
31,2,15,Teresa Giudice,0.004764921644061262,0.004453021249552552,0.0002733985031265243,0.014076027624244867,5.75,2,1,0,0.9955667202394265,6.866666666666666,0.8003471469028646,rank,False,,>10人
31,3,14,Cheryl Ladd,0.005321305549667048,0.00493099004281486,0.0003054882114303023,0.015289225924725416,6.0,2,1,0,0.9950932053129291,7.196428571428571,0.8247216599111064,rank,False,,>10人
31,4,13,Sam Champion,0.006235677446439114,0.005616816079971672,0.0004129619589532457,0.017240372608853822,6.25,1,1,1,0.9944145563298487,7.884615384615385,0.858304369400823,rank,False,,>10人
31,5,12,Joseph Baena,0.008254469902441604,0.007289604027952051,0.0005364158225589575,0.02256617729871914,8.75,3,1,0,0.9927631497448178,9.34375,0.8135009859653931,rank,False,,>10人
31,6,10,Jessie James Decker,0.01150788049708122,0.010498393650146843,0.0005780090140607121,0.0322916980132926,8.0,2,1,0,0.9896106775467259,8.625,0.7520804478245662,rank,False,,8-10人
31,7,9,Jordin Sparks,0.014001695249502876,0.012389667611610339,0.0007258176929258673,0.038446315176974104,8.625,2,1,0,0.9877619576651354,9.041666666666666,0.565194165260439,rank,False,,8-10人
31,8,8,Heidi D'Amelio,0.018172094385566016,0.015856050146370277,0.0010478143566293484,0.050347081599422985,8.75,2,1,0,0.9843914399642689,9.8125,1.242162932146987,rank,False,,6-8人
31,8,8,Vinny Guadagnino,0.01566532451620416,0.014178785888441455,0.0009373857794502564,0.04528462438463774,7.25,1,1,1,0.9860194414577302,9.8125,1.242162932146987,rank,False,,6-8人
31,9,6,Trevor Donovan,0.027263259245433744,0.02307598118838208,0.0017924715580723562,0.07290050286347818,8.125,1,1,1,0.9774445088999377,9.166666666666666,0.6795627679291705,rank,False,,4-6人
31,9,6,Daniel Durant,0.0339218809693539,0.029022309714368946,0.0019095938772755556,0.09306438474111468,8.625,2,1,0,0.9717962288665785,9.166666666666666,0.6795627679291705,rank,False,,4-6人
32,1,14,Matt Walsh,0.005758578514900214,0.005504780063746338,0.0003034778947969478,0.016717288486618034,4.0,1,1,1,0.9945253566438566,5.5,1.1251102238772057,rank,False,,>10人
32,2,13,Jamie Lynn Spears,0.008990192507477032,0.008236437287668805,0.0004517497015104781,0.026139339285004393,5.333333333333333,5,1,0,0.9918308474252068,6.102564102564102,1.1722184051961497,rank,False,,>10人
32,3,12,Tyson Beckford,0.007290928865937992,0.006817920572594519,0.00034871143740116816,0.021574306790426684,5.0,1,1,1,0.9932282486899746,6.729166666666667,1.1657362361281485,rank,False,,>10人
32,4,11,Adrian Peterson,0.01300462097251253,0.011740519052049201,0.0007418353765941915,0.03695897007556182,7.0,5,1,0,0.9883957212042377,7.272727272727272,0.9300611668619884,rank,False,,>10人
32,5,10,Mira Sorvino,0.011995845887711321,0.011006548379307023,0.0006765369150253861,0.035722708106796404,7.333333333333333,3,1,0,0.9891132768655644,8.0,1.0000000000000002,rank,False,,8-10人
32,6,9,Mauricio Umansky,0.018900854635427487,0.0167266973045728,0.0010846533271564214,0.053750300350137205,8.25,4,1,0,0.9835484822529824,8.944444444444445,1.0978373802983057,rank,False,,8-10人
32,7,8,Lele Pons,0.043819019946904826,0.03867479874281886,0.0026204990870742576,0.11937657614448302,9.125,6,1,0,0.9627652478045778,8.8125,0.4592793267718459,rank,False,,6-8人
32,8,7,Barry Williams,0.02996184244693398,0.025830196514036643,0.0018257155636391825,0.08359588748732456,8.75,3,1,0,0.9748202026009641,9.035714285714286,1.0973065354098013,rank,False,,6-8人
32,9,6,Harry Jowsey,0.028177196642169694,0.02418343064824586,0.0018480291713037643,0.07650763041169872,7.5,1,1,1,0.9763875982323409,9.208333333333334,1.1494261853444767,rank,False,,4-6人
32,11,5,Xochitl Gomez,0.20292215548996612,0.16612080269851287,0.012712021564283815,0.5454175497422468,10.0,4,4,0,0.8575440877873941,9.700000000000001,0.43969686527576385,rank,False,,4-6人
32,11,5,Jason Mraz,0.0994251860339024,0.08061642782991064,0.005931040126987074,0.2614714559856769,10.0,5,1,0,0.9253977398883301,9.700000000000001,0.43969686527576385,rank,False,,4-6人
32,11,5,Ariana Madix,0.04861605778317844,0.03914449806637828,0.0030759124788044844,0.12474205153294371,9.833333333333334,3,1,0,0.962330072343916,9.700000000000001,0.43969686527576385,rank,False,,4-6人
33,2,13,Tori Spelling,0.008759714834496626,0.007906855894181034,0.0005540049075535965,0.024992344761721283,6.333333333333333,4,1,0,0.9921551720300916,6.615384615384614,0.8852654616221572,rank,False,,>10人
33,2,13,Anna Delvey,0.007040377016755934,0.006576973102127799,0.00046483726792991736,0.019919026675966817,5.666666666666667,3,1,0,0.9934660008346321,6.615384615384614,0.8852654616221572,rank,False,,>10人
33,3,11,Eric Roberts,0.009394450173375582,0.008670560890474537,0.0004610497425820016,0.02652468241910919,5.75,2,1,0,0.9914039714980678,7.2272727272727275,1.0346526945536398,rank,False,,>10人
33,3,11,Reginald VelJohnson,0.007974903702629255,0.007265924031529771,0.0004154399064596684,0.02198124082985922,5.25,1,1,1,0.9927864887929015,7.2272727272727275,1.0346526945536398,rank,False,,>10人
33,4,9,Brooks Nader,0.020087125521846206,0.017277032176352604,0.0011501902485906643,0.05642943541476443,8.0,4,1,0,0.9830163941287553,8.166666666666666,0.5137011669140814,rank,False,,8-10人
33,5,8,Phaedra Parks,0.014994584452284174,0.013432154813740304,0.0008165994830731871,0.04280794112519032,8.0,3,1,0,0.9867458766233749,8.416666666666666,0.3535533905932736,rank,False,,6-8人
33,6,7,Jenn Tran,0.03630321027924151,0.031089421859665033,0.002164480786090613,0.09792154226831201,10.333333333333334,5,1,0,0.9698479867986692,9.80952380952381,0.9060141709733546,rank,False,,6-8人
33,7,6,Dwight Howard ,0.027049736036552228,0.023767868268486828,0.0015603550863670333,0.07507158941556344,8.0,1,1,1,0.9767839282661941,8.888888888888888,0.6211299937499417,rank,False,,4-6人
34,2,14,Corey Feldman,0.0053639078944104635,0.0048112898936452635,0.0003050027702100595,0.015362122838393345,5.0,1,1,1,0.9952117477758888,6.619047619047619,0.7438333024673005,rank,False,,>10人
34,2,14,Baron Davis,0.006324000570942425,0.0059344752163575905,0.0003243721848829398,0.018142966868880787,6.0,3,1,0,0.9941005350124011,6.619047619047619,0.7438333024673005,rank,False,,>10人
34,3,12,Lauren Jauregui,0.007361659411111916,0.006655570423733411,0.0003995279727084112,0.020602766619706475,6.0,2,1,0,0.9933884333238906,7.138888888888889,0.6730023021992065,rank,False,,>10人
34,4,11,Hilaria Baldwin,0.018962258713470254,0.017305566987054027,0.000985689165932383,0.053956404202609776,7.666666666666667,5,1,0,0.9829888211087767,7.515151515151516,0.6254474981984938,rank,False,,>10人
34,6,10,Scott Hoying,0.011597563594148663,0.010613133948321097,0.0007473280116726955,0.03339903513340651,7.0,2,1,0,0.9894983217694222,8.5,0.9874208829065749,rank,False,,8-10人
34,7,9,Jen Affleck,0.016296243239345656,0.014182177881251994,0.000973151362397514,0.043999550389126,8.5,3,1,0,0.9860161436568721,9.222222222222221,1.1207911667684454,rank,False,,8-10人
34,8,8,Danielle Fishel,0.018326326887577384,0.015914859100866197,0.0009851809853042045,0.05053883627985395,9.25,2,1,0,0.9843344558273794,9.421875,0.39497577061764183,rank,False,,6-8人
34,9,7,Andy Richter,0.02242075968555035,0.018658420202402878,0.0013627945608549214,0.05942031363747697,7.25,1,1,1,0.9816833397414065,9.642857142857142,1.1007882148158887,rank,False,,6-8人
34,10,6,Whitney Leavitt,0.05779598967943285,0.04742170680911431,0.0035315186271657447,0.15141610805171382,9.666666666666666,5,1,0,0.9547252968877448,9.555555555555555,0.20786985482077472,rank,False,,4-6人
34,11,5,Jordan Chiles,0.10122018768123554,0.08128232210383005,0.00647560850826261,0.26669471742169876,9.888866666666669,3,1,0,0.9248278451961734,9.844413333333332,0.11333420705545566,rank,False,,4-6人
34,11,5,Robert Irwin,0.06869427682677713,0.05498315773228768,0.00451064023364452,0.1779122935058238,9.888866666666669,4,1,0,0.9478824307958855,9.844413333333332,0.11333420705545566,rank,False,,4-6人
34,11,5,Alix Earle,0.196002236061522,0.16606898379999657,0.011789243479930043,0.5222924982313705,10.0,5,1,0,0.857582196158919,9.844413333333332,0.11333420705545566,rank,False,,4-6人
1,6,2,Kelly Monaco,0.7501451340396753,0.1427693495777427,0.5279540871329609,0.9776446564869865,9.166666666666666,1,1,1,0.8750672218934674,9.083333333333332,0.08333333333333304,rank,True,1,2人决赛
1,6,2,John O'Hurley,0.24985486596032327,0.14276934957774276,0.022355343513013475,0.47204591286703923,9.0,2,2,1,0.8750672218934674,9.083333333333332,0.08333333333333304,rank,True,2,2人决赛
2,8,3,Drew Lachey,0.6036220562391235,0.13871463584851562,0.40771080252739167,0.8580029291263079,9.6666,1,1,1,0.8781831448533617,9.370322222222223,0.34344858080114565,rank,True,1,3人决赛
2,8,3,Jerry Rice,0.2805303725858197,0.10301218861671121,0.09788235897405817,0.4338391017940646,8.888866666666667,3,2,1,0.9066082952846615,9.370322222222223,0.34344858080114565,rank,True,2,3人决赛
2,8,3,Stacy Keibler,0.11584757117505573,0.07880808076729658,0.010576011294566392,0.26143828489902077,9.5555,2,3,1,0.9269489335756136,9.370322222222223,0.34344858080114565,rank,True,3,3人决赛
3,10,2,Emmitt Smith,0.7462923133762226,0.145815531949378,0.522333923199846,0.9733734515274312,9.888866666666667,1,1,1,0.8727408314134983,9.888866666666667,0.0,percentage,True,1,2人决赛
3,10,2,Mario Lopez,0.25370768662377613,0.1458155319493779,0.02662654847256881,0.477666076800154,9.888866666666667,2,2,1,0.8727408314134983,9.888866666666667,0.0,percentage,True,2,2人决赛
4,10,3,Apolo Anton Ohno,0.6060933465675924,0.13888202302375,0.4035939111549453,0.8560836706074326,9.777733333333334,1,1,1,0.8780540738934346,9.592544444444444,0.13858089316575056,percentage,True,1,3人决赛
4,10,3,Joey Fatone,0.2805104221725332,0.103360673047573,0.1001830799693174,0.4412429889772033,9.5555,2,2,1,0.9063219529457378,9.592544444444444,0.13858089316575056,percentage,True,2,3人决赛
4,10,3,Laila Ali,0.11339623125987368,0.0797992899342691,0.00856464387110449,0.26557346080676003,9.444400000000002,3,3,1,0.9260980344420058,9.592544444444444,0.13858089316575056,percentage,True,3,3人决赛
5,10,3,Helio Castroneves,0.6158538491094946,0.15003137204532022,0.3986085770208559,0.8920665412012034,9.333300000000001,2,1,0,0.8695414962650186,8.81478888888889,0.813111013482731,percentage,True,1,3人决赛
5,10,3,Mel B,0.2564787806859455,0.1119731107012007,0.055047423913795884,0.4280673750376763,9.4444,1,2,0,0.8993023215906799,8.81478888888889,0.813111013482731,percentage,True,2,3人决赛
5,10,3,Marie Osmond,0.1276673702045594,0.08664148386154226,0.011106918064609412,0.2900526436420627,7.666666666666667,3,3,0,0.9202667253658963,8.81478888888889,0.813111013482731,percentage,True,3,3人决赛
6,10,3,Kristi Yamaguchi,0.607544517085142,0.14585624077607398,0.3915043103067897,0.871028479024203,10.0,1,1,1,0.8727098255560511,9.388888888888888,0.5499719409228706,percentage,True,1,3人决赛
6,10,3,Jason Taylor,0.272909375400698,0.10787962129015545,0.08438831833374548,0.44182935886589303,9.5,2,2,1,0.902625141561385,9.388888888888888,0.5499719409228706,percentage,True,2,3人决赛
6,10,3,Cristian de la Fuente,0.1195461075141601,0.08302816536924151,0.01123263809517034,0.2768154281709249,8.666666666666666,3,3,1,0.9233370211189896,9.388888888888888,0.5499719409228706,percentage,True,3,3人决赛
7,10,3,Brooke Burke,0.5986200394654035,0.14229733177391315,0.3923927510379542,0.8568236759516625,10.0,1,1,1,0.8754288154092642,9.444444444444443,0.39283710065919336,percentage,True,1,3人决赛
7,10,3,Warren Sapp,0.2874638238404865,0.10509964085950213,0.10172796405293563,0.4470516000134968,9.166666666666666,2,2,1,0.904895778648738,9.444444444444443,0.39283710065919336,percentage,True,2,3人决赛
7,10,3,Lance Bass,0.11391613669410815,0.08147936618870781,0.007251364119404943,0.26886100548493,9.166666666666666,3,3,1,0.9246593428075719,9.444444444444443,0.39283710065919336,percentage,True,3,3人决赛
8,11,3,Shawn Johnson,0.6102787055774062,0.14475801995325713,0.4091158966509963,0.8765638017455488,10.0,1,1,1,0.8735470576050929,9.722222222222221,0.20786985482077458,percentage,True,1,3人决赛
8,11,3,Gilles Marini,0.27725778992162037,0.10605106520886377,0.08629031574174993,0.43251470071275483,9.666666666666666,2,2,1,0.9041173879355766,9.722222222222221,0.20786985482077458,percentage,True,2,3人决赛
8,11,3,Melissa Rycroft,0.11246350450097162,0.07824833529292723,0.008844410299099078,0.25467870869574205,9.5,3,3,1,0.9274301357751046,9.722222222222221,0.20786985482077458,percentage,True,3,3人决赛
9,10,3,Donny Osmond,0.6103667936471803,0.15332478865205734,0.3941876510976084,0.8931941834854165,9.6666,1,1,1,0.867058446882725,9.1728,0.548768973855726,percentage,True,1,3人决赛
9,10,3,Mya,0.26792104699658775,0.11230849154141638,0.06664887819906305,0.4379038752104573,9.4444,2,2,1,0.8990311659081364,9.1728,0.548768973855726,percentage,True,2,3人决赛
9,10,3,Kelly Osbourne,0.1217121593562334,0.08651780030588571,0.007973988303780535,0.2822774336077371,8.4074,3,3,1,0.9203714837607552,9.1728,0.548768973855726,percentage,True,3,3人决赛
10,10,3,Nicole Scherzinger,0.6017865012596728,0.1426374755939395,0.40377508375658344,0.8683428623516395,9.592566666666666,1,1,1,0.8751682150808182,9.185133333333333,0.2884953006870625,percentage,True,1,3人决赛
10,10,3,Evan Lysacek,0.28571269787167575,0.10534374296709438,0.09730488772355471,0.4450966163135372,8.9629,3,2,1,0.9046959431060619,9.185133333333333,0.2884953006870625,percentage,True,2,3人决赛
10,10,3,Erin Andrews,0.11250080086865306,0.07864329891997981,0.008574209987582945,0.2545148283336488,8.999933333333333,2,3,1,0.9270905414248403,9.185133333333333,0.2884953006870625,percentage,True,3,3人决赛
11,10,3,Jennifer Grey,0.6073842946635154,0.152218568532789,0.3802413525681481,0.8791207007221383,10.0,1,1,1,0.8678908909386689,9.2222,0.5949139719943326,percentage,True,1,3人决赛
11,10,3,Kyle Massey,0.27435323521672506,0.11025476707791575,0.08282338045652765,0.44238594224387084,9.111066666666666,2,2,1,0.900694173673223,9.2222,0.5949139719943326,percentage,True,2,3人决赛
11,10,3,Bristol Palin,0.11826247011975792,0.08265581728794213,0.009904028523942246,0.27680400888092566,8.555533333333335,3,3,1,0.9236545761191259,9.2222,0.5949139719943326,percentage,True,3,3人决赛
12,10,3,Hines Ward,0.5972865515480057,0.14109311630257917,0.3995857264302769,0.8548555910659313,9.888866666666667,1,1,1,0.8763526707095075,9.703677777777777,0.2618966382674712,percentage,True,1,3人决赛
12,10,3,Kirstie Alley,0.2921150656944391,0.10247258399482705,0.10884991371565898,0.4450177704465662,9.3333,3,2,1,0.9070520342342518,9.703677777777777,0.2618966382674712,percentage,True,2,3人决赛
12,10,3,Chelsea Kane,0.11059838275755472,0.07735622293199483,0.007704364386311798,0.2540404239719713,9.888866666666667,2,3,1,0.9281981007902177,9.703677777777777,0.2618966382674712,percentage,True,3,3人决赛
13,10,3,J.R. Martinez,0.6195175238403923,0.14600006098142349,0.4110536256051773,0.8852102088304983,9.388833333333332,2,1,0,0.8726003026069734,9.388844444444445,0.04535638575101721,percentage,True,1,3人决赛
13,10,3,Rob Kardashian,0.27223144176687747,0.10875118294356494,0.07889085121608114,0.4410612098654653,9.4444,1,2,0,0.9019156104484621,9.388844444444445,0.04535638575101721,percentage,True,2,3人决赛
13,10,3,Ricki Lake,0.10825103439272961,0.07804530037502654,0.00780150494992797,0.25473214607053074,9.3333,3,3,0,0.9276048044104673,9.388844444444445,0.04535638575101721,percentage,True,3,3人决赛
14,10,3,Donald Driver,0.6176098958893333,0.14362350588097167,0.404186653880913,0.8799340377332013,9.888866666666667,2,1,0,0.8744136464995675,9.92591111111111,0.05238875574390987,percentage,True,1,3人决赛
14,10,3,Katherine Jenkins,0.2730191637515138,0.10561318447399819,0.08274371073758156,0.4352432585217873,10.0,1,2,0,0.9044754657803359,9.92591111111111,0.05238875574390987,percentage,True,2,3人决赛
14,10,3,William Levy,0.10937094035915386,0.07999894244020275,0.008375953249070922,0.2659869077138013,9.888866666666667,3,3,0,0.9259268326138828,9.92591111111111,0.05238875574390987,percentage,True,3,3人决赛
15,10,3,Melissa Rycroft,0.6158929547752651,0.14250090100107723,0.40920954763699474,0.8732875586599367,9.7777,1,1,1,0.8752728327161794,9.709811111111113,0.05308900516242248,percentage,True,1,3人决赛
15,10,3,Shawn Johnson,0.27683556348939625,0.10571468181308513,0.09015873005659693,0.43998361175186795,9.648100000000001,3,2,1,0.9043924408783823,9.709811111111113,0.05308900516242248,percentage,True,2,3人决赛
15,10,3,Kelly Monaco,0.10727148173534007,0.07743992279761285,0.007562712237032212,0.2507490925788737,9.703633333333334,2,3,1,0.9281259946294387,9.709811111111113,0.05308900516242248,percentage,True,3,3人决赛
16,10,3,Kellie Pickler,0.6139443274104742,0.14569045647285145,0.3988113211488468,0.8848810865336032,10.0,1,1,1,0.8728361088723936,9.777766666666666,0.31428539401138106,percentage,True,1,3人决赛
16,10,3,Zendaya,0.26740634744912045,0.10704372384396918,0.07166515741342051,0.4295539819927061,10.0,2,2,1,0.9033066883101211,9.777766666666666,0.31428539401138106,percentage,True,2,3人决赛
16,10,3,Jacoby Jones,0.11864932514040502,0.08185032360621194,0.00854067131658863,0.2717639335116143,9.3333,3,3,1,0.924342284861205,9.777766666666666,0.31428539401138106,percentage,True,3,3人决赛
17,11,3,Amber Riley,0.6040162058109798,0.14970013022804166,0.3884941016116025,0.8834526626426329,10.4444,1,1,1,0.8697920211609015,9.888833333333332,0.4536046761467769,percentage,True,1,3人决赛
17,11,3,Corbin Bleu,0.2775070320047507,0.10988158653394706,0.07831280488893849,0.44563086934344015,9.8888,2,2,1,0.9009970181800234,9.888833333333332,0.4536046761467769,percentage,True,2,3人决赛
17,11,3,Jack Osbourne,0.1184767621842708,0.08404181156062336,0.009645643128109435,0.2766115771470334,9.3333,3,3,1,0.9224736438536131,9.888833333333332,0.4536046761467769,percentage,True,3,3人决赛
18,10,3,Meryl Davis,0.6210595643898681,0.15167466198994836,0.39923921013503394,0.8846691730551651,10.0,1,1,1,0.8683007736508905,9.51848888888889,0.6040825902163286,percentage,True,1,3人决赛
18,10,3,Amy Purdy,0.2607291378661704,0.1116482458082358,0.066530799128772,0.4333588538040218,9.888866666666667,2,2,1,0.8995651311201767,9.51848888888889,0.6040825902163286,percentage,True,2,3人决赛
18,10,3,Candace Cameron Bure,0.11821129774396075,0.0856065698388961,0.008415200395380676,0.2819777486907865,8.6666,3,3,1,0.9211440201107108,9.51848888888889,0.6040825902163286,percentage,True,3,3人决赛
19,11,3,Alfonso Ribeiro,0.6102689921499818,0.14089177948269102,0.4051308829734131,0.8660995011398472,10.0,1,1,1,0.8765073234671085,9.861083333333335,0.10395571439586855,percentage,True,1,3人决赛
19,11,3,Sadie Robertson,0.27766289451578274,0.10459664321458179,0.0929999557463205,0.4382815305547036,9.833300000000001,2,2,1,0.9053078389680906,9.861083333333335,0.10395571439586855,percentage,True,2,3人决赛
19,11,3,Janel Parrish,0.11206811333423435,0.07903258751222826,0.00855796970729772,0.2581124554713141,9.749950000000002,3,3,1,0.9267560698102341,9.861083333333335,0.10395571439586855,percentage,True,3,3人决赛
20,10,3,Rumer Willis,0.6155002018973875,0.14947515467082162,0.39844427367936197,0.8952205144892572,10.0,1,1,1,0.8699622570671157,9.666666666666666,0.4714045207910317,percentage,True,1,3人决赛
20,10,3,Riker Lynch,0.2653976528549548,0.11054986991280062,0.06317204328684585,0.4354105897274147,10.0,2,2,1,0.9004548351156162,9.666666666666666,0.4714045207910317,percentage,True,2,3人决赛
20,10,3,Noah Galloway,0.11910214524765773,0.0848605634553966,0.007809289243468413,0.279135681494349,9.0,3,3,1,0.9217774465087877,9.666666666666666,0.4714045207910317,percentage,True,3,3人决赛
21,11,3,Bindi Irwin,0.621387642865976,0.15306656305076607,0.40482088461281285,0.9029751065684378,10.0,1,1,1,0.8672526218731164,9.777766666666666,0.31428539401138106,percentage,True,1,3人决赛
21,11,3,Nick Carter,0.26329240068643356,0.11144454096515068,0.06304301993490918,0.43193966613087476,10.0,2,2,1,0.8997300028408299,9.777766666666666,0.31428539401138106,percentage,True,2,3人决赛
21,11,3,Alek Skarlatos,0.11531995644759004,0.08405144798157797,0.00898394886873623,0.275758586733124,9.3333,3,3,1,0.9224654437406311,9.777766666666666,0.31428539401138106,percentage,True,3,3人决赛
22,10,3,Nyle DiMarco,0.6163450543428078,0.14811480378781067,0.40561727456994406,0.8935145385824321,9.6666,2,1,0,0.8709930371952729,9.666622222222223,0.18145275751521825,percentage,True,1,3人决赛
22,10,3,Paige VanZant,0.268322233407924,0.10699442079663672,0.06995311787604883,0.4290552161027542,9.888866666666667,1,2,0,0.9033469195629376,9.666622222222223,0.18145275751521825,percentage,True,2,3人决赛
22,10,3,Ginger Zee,0.1153327122492675,0.08205761190973045,0.009318258275096462,0.26912046614893087,9.4444,3,3,0,0.9241652098681636,9.666622222222223,0.18145275751521825,percentage,True,3,3人决赛
23,11,3,Laurie Hernandez,0.611397667180161,0.14614955715509362,0.4007654726519059,0.8796633342373678,9.833300000000001,1,1,1,0.8724864863902598,9.722175,0.1039445785823711,percentage,True,1,3人决赛
23,11,3,James Hinchcliffe,0.27420078002875453,0.10706527935075107,0.08318821386355137,0.43897375588938986,9.74995,2,2,1,0.9032891001571826,9.722175,0.1039445785823711,percentage,True,2,3人决赛
23,11,3,Calvin Johnson Jr.,0.11440155279108385,0.08023174086570757,0.008787589332842901,0.26617262856271445,9.583275,3,3,1,0.9257272881081895,9.722175,0.1039445785823711,percentage,True,3,3人决赛
24,10,3,Rashad Jennings,0.591939639621886,0.13683984466041016,0.40030254919946506,0.8470561975110104,9.91665,1,1,1,0.8796313787706076,9.611091666666667,0.37473550357403973,percentage,True,1,3人决赛
24,10,3,David Ross,0.30060924208787354,0.10184398491751986,0.11377374539491562,0.4531628859124724,9.083325,3,2,1,0.9075695050192214,9.611091666666667,0.37473550357403973,percentage,True,2,3人决赛
24,10,3,Normani,0.10745111829024168,0.07614486898021613,0.008148712847023934,0.24885982493609973,9.833300000000001,2,3,1,0.9292429196336984,9.611091666666667,0.37473550357403973,percentage,True,3,3人决赛
25,10,3,Jordan Fisher,0.6081112717322156,0.14278177306522932,0.400618677842129,0.8712231156905199,10.0,1,1,1,0.8750577088027466,9.907391666666667,0.13096796098876837,percentage,True,1,3人决赛
25,10,3,Lindsey Stirling,0.27796138175660406,0.10470909854328375,0.0929948295160552,0.434776489791502,10.0,2,2,1,0.9052156819552246,9.907391666666667,0.13096796098876837,percentage,True,2,3人决赛
25,10,3,Frankie Muniz,0.1139273465111809,0.0810235160888195,0.008291038137925923,0.2670454329542262,9.722175,3,3,1,0.925049256669304,9.907391666666667,0.13096796098876837,percentage,True,3,3人决赛
26,4,3,Adam Rippon,0.6142401372471727,0.1458442777417059,0.39941179099297414,0.8751228186189242,9.666666666666666,1,1,1,0.8727189369665972,9.5,0.13608276348795387,percentage,True,1,3人决赛
26,4,3,Josh Norman,0.2723979207588612,0.10586428850926174,0.08514704626142608,0.4370950225360575,9.5,2,2,1,0.9042700902730388,9.5,0.13608276348795387,percentage,True,2,3人决赛
26,4,3,Tonya Harding,0.11336194199396642,0.07988059432765691,0.009273925222868996,0.26402622543214677,9.333333333333334,3,3,1,0.926028308363675,9.5,0.13608276348795387,percentage,True,3,3人决赛
27,9,4,Bobby Bones,0.543254330643837,0.13348546208881454,0.3619803574990343,0.8046958335225372,9.0,4,1,0,0.8822345177300956,9.625,0.414578098794425,percentage,True,1,4人决赛
27,9,4,Milo Manheim,0.2619880594391508,0.08361554660841414,0.11005217824577718,0.3903592645591569,10.0,1,2,0,0.9228365199538521,9.625,0.414578098794425,percentage,True,2,4人决赛
27,9,4,Evanna Lynch,0.13284185607779572,0.06762903327286729,0.024221928666991206,0.24323700421225547,10.0,2,3,0,0.9366549324107951,9.625,0.414578098794425,percentage,True,3,4人决赛
27,9,4,Alexis Ren,0.061915753839216686,0.04831873125472901,0.0047645709947463505,0.1587958887729529,9.5,3,4,0,0.9539083583893454,9.625,0.414578098794425,percentage,True,4,4人决赛
28,11,4,Hannah Brown,0.5214947120643475,0.132835487475922,0.33994100883949585,0.7669594414844239,9.666666666666666,3,1,0,0.882740707768704,9.75,0.1863389981249826,rank,True,1,4人决赛
28,11,4,Kel Mitchell,0.2675437073139424,0.08229475695512754,0.12584544942961257,0.39797306099823765,9.833333333333334,2,2,0,0.9239627130906082,9.75,0.1863389981249826,rank,True,2,4人决赛
28,11,4,Ally Brooke,0.14633856382839255,0.06680884919134059,0.03749450192560636,0.25601689287947715,10.0,1,3,0,0.9373750515455671,9.75,0.1863389981249826,rank,True,3,4人决赛
28,11,4,Lauren Alaina,0.06462301679331779,0.049099496493692954,0.004519076137336555,0.1618065949112397,9.5,4,4,0,0.9531984366994801,9.75,0.1863389981249826,rank,True,4,4人决赛
29,11,4,Kaitlyn Bristowe,0.5218076809172525,0.1302436054438276,0.3408378954458485,0.7678461663093074,10.0,1,1,1,0.8847650145362396,9.875,0.21650635094610965,rank,True,1,4人决赛
29,11,4,Nev Schulman,0.26977709737450895,0.08095260332455263,0.12452932028398915,0.39942370725049753,10.0,2,2,1,0.9251099418461303,9.875,0.21650635094610965,rank,True,2,4人决赛
29,11,4,Nelly,0.14609740338180022,0.0657995182415596,0.039540028722597535,0.2556941502714164,9.5,4,3,1,0.9382627622593405,9.875,0.21650635094610965,rank,True,3,4人决赛
29,11,4,Justina Machado,0.0623178183264388,0.04814336483785379,0.003959304521970585,0.1587040483983464,10.0,3,4,1,0.9540679582078913,9.875,0.21650635094610965,rank,True,4,4人决赛
30,10,4,Iman Shumpert,0.5160930878230399,0.12611813910550063,0.33797285825669776,0.7535005960195114,10.0,1,1,1,0.8880062981618617,9.8125,0.2072890493972125,rank,True,1,4人决赛
30,10,4,JoJo Siwa,0.27234884418239885,0.08030246244327265,0.13233535627148993,0.4054928637931714,10.0,2,2,1,0.9256666857338675,9.8125,0.2072890493972125,rank,True,2,4人决赛
30,10,4,Cody Rigsby,0.14760463961142972,0.06585250173995993,0.04103964842791045,0.2550592932907503,9.5,4,3,1,0.9382161212433631,9.8125,0.2072890493972125,rank,True,3,4人决赛
30,10,4,Amanda Kloots,0.06395342838313207,0.05006880803307122,0.0036741486406705673,0.1621330360666601,9.75,3,4,1,0.9523185455562125,9.8125,0.2072890493972125,rank,True,4,4人决赛
31,10,4,Charli D'Amelio,0.5228468540078309,0.12989373657248648,0.34529029632188535,0.764823719303257,10.0,1,1,1,0.8850389798898106,9.75,0.25,rank,True,1,4人决赛
31,10,4,Gabby Windey,0.2680756734138166,0.07870573891006429,0.13116300962673683,0.38954691384706625,10.0,2,2,1,0.9270368775551436,9.75,0.25,rank,True,2,4人决赛
31,10,4,Wayne Brady,0.14579726184037234,0.06525161588311269,0.03672762396871709,0.2528719876922226,9.5,3,3,1,0.9387453490703997,9.75,0.25,rank,True,3,4人决赛
31,10,4,Shangela,0.06328021073797978,0.048715987224322466,0.003585979681944044,0.15882672680283072,9.5,4,4,1,0.9535470157623316,9.75,0.25,rank,True,4,4人决赛
32,11,5,Xochitl Gomez,0.4581691646321978,0.1284274062031025,0.2940858591859092,0.7187533129233424,10.0,1,1,1,0.8861890401658791,9.700000000000001,0.4396968652757638,rank,True,1,5人决赛
32,11,5,Jason Mraz,0.2490867445391088,0.06496136605539958,0.12723474969284213,0.3476245746769056,10.0,2,2,1,0.9390011993617989,9.700000000000001,0.4396968652757638,rank,True,2,5人决赛
32,11,5,Ariana Madix,0.15983489523540154,0.05457227811597047,0.06794607283510452,0.24587056390113862,9.833333333333334,3,3,1,0.9482517422006713,9.700000000000001,0.4396968652757638,rank,True,3,5人决赛
32,11,5,Charity Lawson,0.0916698857931703,0.04690658508652503,0.023501879471234367,0.17331833825466306,9.833333333333334,4,4,1,0.9551950615702275,9.700000000000001,0.4396968652757638,rank,True,4,5人决赛
32,11,5,Alyson Hannigan,0.04123930980012244,0.033041141983028564,0.002640968367173835,0.10602441889407191,8.833333333333334,5,5,1,0.9680156572277434,9.700000000000001,0.4396968652757638,rank,True,5,5人决赛
33,9,5,Joey Graziadei,0.4555488398863643,0.11419105033583697,0.29581102424735223,0.6665353028922825,9.833333333333334,2,1,0,0.8975121454247745,9.700000000000001,0.24494897427831777,rank,True,1,5人决赛
33,9,5,Ilona Maher,0.257749045853121,0.06331345690013536,0.15673163123566775,0.36740624322170606,9.5,4,2,0,0.9404564510217783,9.700000000000001,0.24494897427831777,rank,True,2,5人决赛
33,9,5,Chandler Kinney,0.1551968313073273,0.05388639442395705,0.06476412409911315,0.24251357702731563,10.0,1,3,0,0.9488688774149979,9.700000000000001,0.24494897427831777,rank,True,3,5人决赛
33,9,5,Stephen Nedoroscik,0.09172675943039284,0.04589227401589582,0.022886771802710863,0.17331873291577957,9.833333333333334,3,4,0,0.9561214140729006,9.700000000000001,0.24494897427831777,rank,True,4,5人决赛
33,9,5,Danny Amendola,0.039778523522793596,0.032985392216059325,0.002800267259661404,0.106314833362489,9.333333333333334,5,5,0,0.9680679006067107,9.700000000000001,0.24494897427831777,rank,True,5,5人决赛
34,11,5,Robert Irwin,0.45436711754933384,0.1179823879326925,0.29304161997866685,0.6834727241908812,9.888866666666667,2,1,0,0.8944684735589989,9.844413333333332,0.11333420705545537,rank,True,1,5人决赛
34,11,5,Alix Earle,0.25853409989389936,0.06579701882809334,0.14619223714075924,0.36854646961996596,10.0,1,2,0,0.9382649625906806,9.844413333333332,0.11333420705545537,rank,True,2,5人决赛
34,11,5,Jordan Chiles,0.15714614103140997,0.05527155126912044,0.06472006725950419,0.24394146126859625,9.888866666666667,3,3,0,0.9476233854663776,9.844413333333332,0.11333420705545537,rank,True,3,5人决赛
34,11,5,Dylan Efron,0.0891597771889595,0.045985116434945725,0.021762864470038813,0.1689275589707531,9.777733333333334,4,4,0,0.9560365480230945,9.844413333333332,0.11333420705545537,rank,True,4,5人决赛
34,11,5,Elaine Hendrix,0.04079286433639746,0.03482368047965617,0.002335059176385745,0.11107917185415538,9.6666,5,5,0,0.9663481990830409,9.844413333333332,0.11333420705545537,rank,True,5,5人决赛
