season,week,n_participants,eliminated_name,eliminated_fan_vote,eliminated_fan_std,eliminated_fan_ci_low,eliminated_fan_ci_high,eliminated_judge_score,judge_elim_rank,fan_elim_rank,rank_consistency,certainty,judge_std,rule_type,is_finalist,placement
1,2,6,Trista Sutter,0.04311075909232527,0.03667406713120071,0.002426837716238797,0.11459768953245868,6.333333333333333,3,1,0,0.9646233389124036,1.3528661846539909,rank,False,
1,3,5,Evander Holyfield,0.03962189870453124,0.03327138743999321,0.0022783298143361306,0.11007242171101024,4.333333333333333,1,1,1,0.9677999528057913,1.4817407180595243,rank,False,
1,4,4,Rachel Hunter,0.12341348300828374,0.09829507159806371,0.00852051706557296,0.3181239382988157,8.333333333333334,3,1,0,0.9105021281256954,0.8498365855987974,rank,False,
2,1,10,Kenny Mayne,0.010896871613384831,0.009972811808164879,0.0006698333562721728,0.030815421960006195,4.333333333333333,2,1,0,0.9901256630955141,1.3102162671355697,rank,False,
2,2,9,Tatum O'Neal,0.014125532271605444,0.012335243864146398,0.0007957385052284065,0.037581630700488686,5.666666666666667,2,1,0,0.9878150603380536,1.331274130045291,rank,False,
2,3,8,Giselle Fernandez,0.02168066207268042,0.01937249624942261,0.0011044691006553637,0.06043673166090957,7.333333333333333,4,1,0,0.9809956651560643,1.411756195508118,rank,False,
2,4,7,Master P,0.020835600273610585,0.017893851133695782,0.0012716834122339627,0.05616386494815289,2.6666666666666665,1,1,1,0.9824207100634648,2.0919888225227425,rank,False,
2,5,6,Tia Carrere,0.028099790557786244,0.02399616792185572,0.0016215709534192603,0.07481049398789266,7.333333333333333,1,1,1,0.9765661545681811,0.8906233078822999,rank,False,
2,6,5,George Hamilton,0.05041071820734405,0.04031398259321785,0.0032614132641083653,0.1337990239166675,7.666666666666667,1,1,1,0.961248254596438,1.0456258094238748,rank,False,
2,7,4,Lisa Rinna,0.08341273863873763,0.06436163841198303,0.005924115989648374,0.21144984549890203,8.833333333333334,2,1,0,0.939530291125477,0.97182531580755,rank,False,
3,1,11,Tucker Carlson,0.020156037351712782,0.014236260643144998,0.001757129390053609,0.04753774375737773,4.0,1,1,1,0.9859635656941337,1.326428401711472,percentage,False,
3,2,10,Shanna Moakler,0.011927643727657448,0.00998978265454205,0.0008278215464562896,0.031107205235628488,7.333333333333333,5,1,0,0.9901090260257028,0.9189365834726814,percentage,False,
3,3,9,Harry Hamlin,0.014745040349010577,0.012191271706711174,0.0009662361092637272,0.038109619943105785,7.333333333333333,3,1,0,0.9879555652696403,0.8606629658238706,percentage,False,
3,4,8,Vivica A. Fox,0.01803983414964918,0.014608691934134879,0.0011926429041048642,0.04719448858480727,8.0,3,1,0,0.9856016491379682,0.9537935951882996,percentage,False,
3,5,7,Willa Ford,0.020180180024200547,0.017252712673221843,0.0012576983324943895,0.05459158061952464,9.0,7,1,0,0.9830398951427873,0.45175395145262554,percentage,False,
3,7,5,Jerry Springer,0.05103389662883613,0.0386296967548707,0.004500416547337476,0.13000040658891054,7.666666666666667,1,1,1,0.9628070554158362,0.6912147117775906,percentage,False,
3,8,4,Monique Coleman,0.06289020930588905,0.04847838988178006,0.004107701726487898,0.1575959319751159,8.833333333333334,1,1,1,0.9537631005563728,0.24999999999999983,percentage,False,
4,2,11,Paulina Porizkova,0.011069727122776415,0.009151879694968054,0.0007519269613832818,0.028765905075230955,7.0,4,1,0,0.9909311176254912,0.8538789577942648,percentage,False,
4,3,10,Shandi Finnessey,0.011327724663572653,0.009394653874868526,0.0007070624980976934,0.029902388205575028,7.0,4,1,0,0.9906927841961473,0.8137703743822469,percentage,False,
4,4,9,Leeza Gibbons,0.022279763163580255,0.016581397790190206,0.0015151425667090505,0.05508011252470382,5.333333333333333,3,1,0,0.9836890603878505,1.4609691054308165,percentage,False,
4,5,8,Clyde Drexler,0.03245991759913085,0.02372645320644942,0.0022858559036930434,0.07766426174384294,4.333333333333333,1,1,1,0.9768234442588302,1.810463415200036,percentage,False,
4,6,7,Heather Mills,0.02368930903318133,0.018898845518443133,0.0017136673012095242,0.0592177856111707,7.666666666666667,3,1,0,0.9814516960132319,1.0942024088643867,percentage,False,
4,7,6,John Ratzenberger,0.035956742616073074,0.02763886041800262,0.0027628627151388375,0.09088094132456273,7.5,2,1,0,0.9731045005375134,1.2720281268728126,percentage,False,
4,8,5,Billy Ray Cyrus,0.05875984952467398,0.041888612286725184,0.004799830421689343,0.13782700956331925,6.333333333333333,1,1,1,0.9597954984892401,1.1803954139750517,percentage,False,
4,9,4,Ian Ziering,0.06692163234637535,0.04987321219325317,0.00505253053419377,0.16483673247797972,9.666666666666666,1,1,1,0.9524959665471749,0.13819269959814184,percentage,False,
5,1,12,Josie Maran,0.01459353977455632,0.010554398381196217,0.0012052535449828526,0.0342763560395831,5.333333333333333,1,1,1,0.9895558335126706,0.9374742794825669,percentage,False,
5,2,11,Albert Reed,0.010047483814984486,0.008518188016923488,0.0006934496248917104,0.027370992510874687,7.0,7,1,0,0.9915537586548906,1.0756508696544755,percentage,False,
5,3,10,Wayne Newton,0.019117359023982792,0.013842883932345184,0.0015663260567943484,0.04525548412081935,6.0,1,1,1,0.9863461250734892,1.0376254944182253,percentage,False,
5,4,9,Floyd Mayweather Jr. ,0.016283915726432806,0.012891798179440077,0.0010770373162151258,0.04110997450228195,7.666666666666667,2,1,0,0.9872722849542156,0.7370277311900889,percentage,False,
5,5,8,Mark Cuban,0.02263361766695439,0.01676868706227029,0.0020378717065146906,0.053657875128351046,7.0,2,1,0,0.9835078643986178,0.9344858955002417,percentage,False,
5,6,7,Sabrina Bryan,0.02179093147446036,0.01820980357634566,0.0013513103544151315,0.059112674091039784,8.333333333333334,4,1,0,0.9821158630447421,0.8676603408708857,percentage,False,
5,7,6,Jane Seymour,0.029577307548107234,0.02492315966737274,0.0020361341381855045,0.07876430258707334,8.333333333333334,1,1,1,0.9756828993156315,0.2151657414559675,percentage,False,
5,8,5,Cameron Mathison,0.041909806889056024,0.03366616740773876,0.0029037664036357584,0.11342840487963851,8.5,3,1,0,0.9674303286019627,0.5436502143433365,percentage,False,
5,9,4,Jennie Garth,0.062479866848959224,0.049586467495921605,0.004042159743181658,0.16063418952310354,9.666666666666666,2,1,0,0.9527561863347725,0.27638539919628313,percentage,False,
6,2,12,Monica Seles,0.015403060572708979,0.011483605050475838,0.0011508175279835208,0.03672245392493627,5.0,1,1,1,0.9886467709480048,1.3434224765937497,percentage,False,
6,2,12,Penn Jillette,0.012614093294181257,0.009958520006793425,0.0008745920203391702,0.03207824900464525,5.666666666666667,3,1,0,0.9901396742445162,1.3434224765937497,percentage,False,
6,3,10,Steve Guttenberg,0.012550970795700299,0.010141872033150425,0.0009047305668830838,0.033414621666867136,7.0,2,1,0,0.9899599528403494,0.8273115763993905,percentage,False,
6,4,9,Adam Carolla,0.021035559832359385,0.01579290616869708,0.001560528127340456,0.0512125304836704,6.333333333333333,1,1,1,0.9844526319559922,1.0540925533894596,percentage,False,
6,5,8,Priscilla Presley,0.02228440345870124,0.016904132237091297,0.0019033130791085231,0.05455301366624626,7.0,1,1,1,0.983376867394664,0.8819171036881968,percentage,False,
6,6,7,Marlee Matlin,0.03001166183121307,0.023287733129069687,0.002603140760385701,0.07490736510426603,7.0,1,1,1,0.9772422434324908,0.920908552657796,percentage,False,
6,7,6,Shannon Elizabeth,0.02843457187337855,0.023954654066776652,0.0019119228892258975,0.07562297873239318,8.5,2,1,0,0.9766057471669889,0.47871355387816883,percentage,False,
6,8,5,Mario,0.041178043963366655,0.03275901240259436,0.002854749457007284,0.10601395109116238,8.833333333333334,3,1,0,0.9682801001887321,0.40276819911981887,percentage,False,
6,9,4,Marissa Jaret Winokur,0.06265823369496995,0.04932561670003111,0.004833045675574248,0.16230208284110445,8.666666666666666,1,1,1,0.9529930310334436,0.3118047822311621,percentage,False,
7,1,13,Ted McGinley,0.008054779403063985,0.006664530904092426,0.0005252196034742296,0.02077032887225197,6.166666666666667,4,1,0,0.9933795910161779,1.0151709176835464,percentage,False,
7,1,13,Jeffrey Ross,0.017217615219653763,0.011471375650165871,0.0016515473617822315,0.03820292824985942,4.0,1,1,1,0.9886587243827912,1.0151709176835464,percentage,False,
7,2,11,Kim Kardashian,0.012899972485619221,0.010185296637719051,0.0009750319101882958,0.03252086719596896,5.666666666666667,3,1,0,0.9899173976580143,0.9791208740244554,percentage,False,
7,4,9,Rocco DiSpirito,0.020061417403577853,0.014849748670592368,0.0017228297451931291,0.04978233176530504,6.0,1,1,1,0.985367539687481,0.818174890162019,percentage,False,
7,5,8,Toni Braxton,0.01984775553220963,0.01585608476696007,0.0013412750730733684,0.05027782936678739,7.333333333333333,4,1,0,0.984391406416001,1.0265570828962434,percentage,False,
7,6,7,Cloris Leachman,0.039377297624783245,0.027614983950787066,0.0030821756784430664,0.08917272353056413,5.0,1,1,1,0.9731271104625022,1.2399253872658607,percentage,False,
7,7,6,Susan Lucci,0.028901722708872805,0.023997707682296365,0.001983091129253236,0.07766518987237557,8.0,3,1,0,0.9765646861294128,0.9574271077563382,percentage,False,
7,8,5,Maurice Greene,0.04217687601503785,0.03368208955232639,0.0030933476118964257,0.10904562191813741,8.0,2,1,0,0.9674154269549996,0.494413232473044,percentage,False,
7,9,4,Cody Linley,0.06874062993208911,0.05112361578577466,0.004918120236779621,0.16495077764798138,7.666666666666667,1,1,1,0.9513628891806823,0.6808389432653413,percentage,False,
8,2,13,Belinda Carlisle,0.00915650190067593,0.007583934937418205,0.0005947927985029621,0.024564018972011135,6.0,4,1,0,0.9924731482167892,1.2092129356463175,percentage,False,
8,3,12,Denise Richards,0.013977661305415466,0.011065825766690343,0.000904617752651118,0.0351678429875152,5.333333333333333,3,1,0,0.9890552865256829,1.7734321888347075,percentage,False,
8,4,11,Steve Wozniak,0.021439318625018564,0.01546639565250003,0.002000632543708901,0.050561221342628276,4.0,1,1,1,0.9847691703844499,1.8802535827258875,percentage,False,
8,4,11,Holly Madison,0.01756773288476803,0.013189847905755952,0.0012398179132986358,0.04228229199106132,5.333333333333333,3,1,0,0.9869818593889199,1.8802535827258875,percentage,False,
8,5,9,David Alan Grier,0.015148418855404078,0.012497182139813354,0.001009330783585843,0.04002093329592059,7.333333333333333,4,1,0,0.9876570697081825,1.0886621079036343,percentage,False,
8,6,8,Steve-O,0.02972671941528262,0.021705832710898137,0.0021876487325877287,0.07004476502732465,5.333333333333333,1,1,1,0.978755301167944,1.3616778865306827,percentage,False,
8,7,7,Lawrence Taylor,0.030377509412880702,0.02200755496270334,0.0028310494258218404,0.07488839910644955,7.0,1,1,1,0.9784663480657867,0.835710894037345,percentage,False,
8,8,6,Chuck Wicks,0.0287225289470158,0.02341090621652681,0.0020511584936427516,0.0737605992292562,8.5,2,1,0,0.9771246269955485,0.5357583756107197,percentage,False,
8,9,5,Lil' Kim,0.04289130649483666,0.03295409386675649,0.003180300567095178,0.10798355592753875,8.666666666666666,2,1,0,0.9680972329143919,0.6798692684790381,percentage,False,
8,10,4,Ty Murray,0.07391581331276162,0.054423685963310556,0.00558479829332726,0.17983499209043338,8.0,1,1,1,0.9483853723244186,0.720484019407941,percentage,False,
8,11,3,Gilles Marini,0.11217173077400777,0.07910070735553805,0.008639480352798982,0.25679245896433406,9.666666666666666,2,1,0,0.9266975669496282,0.20786985482077458,percentage,False,
8,11,3,Shawn Johnson,0.10394447647930348,0.07495830128005834,0.006746513286242681,0.24840253484013536,10.0,3,1,0,0.9302686428014946,0.20786985482077458,percentage,False,
8,11,3,Melissa Rycroft,0.11331572566982716,0.07964496582124284,0.008517177753453887,0.2608580955788547,9.5,1,1,1,0.9262304106047862,0.20786985482077458,percentage,False,
9,1,16,Ashley Hamiliton,0.009155462703175797,0.007307300557937658,0.0006442016660523792,0.023497219118243994,6.3333,1,1,1,0.9927457087287165,1.7194649524714882,percentage,False,
9,1,16,Macy Gray,0.008411011989964547,0.006771929883169514,0.0005869366389760928,0.021842652249188483,6.3333,2,1,0,0.9932736206859132,1.7194649524714882,percentage,False,
9,2,14,Kathy Ireland,0.007889161698665893,0.006552467017284365,0.000514020414050459,0.02050299476483482,6.0,1,1,1,0.993490188309109,0.9920317455237934,percentage,False,
9,3,13,Debi Mazar,0.009371538568410909,0.007570257802176195,0.00064440229182831,0.024097315902058575,5.666666666666667,3,1,0,0.9924866204182236,1.23928676652252,percentage,False,
9,4,11,Chuck Liddell,0.015996954225345368,0.012081220078501709,0.0010599032456167906,0.038324022378796806,5.666666666666667,3,1,0,0.9880629935238157,1.4564381625088383,percentage,False,
9,5,10,Natalie Coughlin,0.012773171450946016,0.00993592109056279,0.001040323058492328,0.03275291693894967,7.333333333333333,2,1,0,0.9901618301883612,0.7859884081701063,percentage,False,
9,6,9,Melissa Joan Hart,0.019558220439940602,0.01477967227387428,0.0014702517671898484,0.04605614972029053,7.999966666666666,2,1,0,0.9854355850065891,1.6058945776204383,percentage,False,
9,6,9,Louie Vito,0.018717015733262003,0.014650304560685038,0.0013456175139046895,0.046760910701824934,8.0,3,1,0,0.9855612278488123,1.6058945776204383,percentage,False,
9,7,7,Mark Dacascos,0.027900545182215915,0.02118732348736976,0.0025319404124701916,0.0698961027222386,7.166666666666667,1,1,1,0.979252265475628,0.6326347740755437,percentage,False,
9,7,7,Michael Irvin,0.024434025256424765,0.019391070610132243,0.0018182688212561322,0.06274389919949308,7.833333333333333,2,1,0,0.9809777903993937,0.6326347740755437,percentage,False,
9,8,5,Aaron Carter,0.043206205986594595,0.03533420081168513,0.003092447695160122,0.11413363152443597,8.333333333333334,1,1,1,0.9658716955510755,0.5637178175095922,percentage,False,
9,9,4,Joanna Krupa,0.06318362264069188,0.04725012480114541,0.004862535794573937,0.15349596305841484,9.0,3,1,0,0.9548817195795346,0.527048034061728,percentage,False,
10,2,11,Shannen Doherty,0.009149292498653708,0.007837841653327085,0.0005456147911746817,0.02450870049914892,6.666666666666667,5,1,0,0.9922231123605466,1.4213381090374029,percentage,False,
10,3,10,Buzz Aldrin,0.023003432746100113,0.016050880078721408,0.002104102147925967,0.05177903802789943,4.333333333333333,1,1,1,0.9842026807973654,1.2023125864580955,percentage,False,
10,4,9,Aiden Turner,0.02007425031214909,0.01516706823382732,0.0015669119310396757,0.048124789589684344,5.5,2,1,0,0.9850595348209878,1.151429004200727,percentage,False,
10,5,8,Kate Gosselin,0.02909833749910027,0.021307531356801357,0.002658211895674045,0.07033131874914504,5.0,1,1,1,0.9791370075098785,1.4713702985841313,percentage,False,
10,6,7,Jake Pavelka,0.03006547958933789,0.02293480192397467,0.0025320552325628584,0.07491518088971096,8.3333,1,1,1,0.9775794098696828,1.2777593415331712,percentage,False,
10,7,6,Pamela Anderson,0.028451493332447356,0.023924061526791017,0.0019734294723199,0.07706799320261562,8.5,2,1,0,0.9766349259425378,0.2952818281315182,percentage,False,
10,8,5,Niecy Nash,0.05148746755973012,0.038262982562907236,0.004342822782477116,0.12735369852207123,7.166666666666667,1,1,1,0.9631471185956598,0.9752492558885197,percentage,False,
10,9,4,Chad Ochocinco,0.06792590133936185,0.05200535586859095,0.0045696224486214765,0.17352678343710187,8.666666666666666,1,1,1,0.950565502752928,0.4787135538781695,percentage,False,
11,1,12,David Hasselhoff,0.01320735645802571,0.010203207738523653,0.0010354649309521062,0.032590253097576884,5.0,1,1,1,0.989899846228597,1.0754700379225521,percentage,False,
11,2,11,Michael Bolton,0.022468298772186802,0.015043379241138678,0.002138206553250315,0.04885781598780596,4.0,1,1,1,0.9851795701062694,1.0488526242349563,percentage,False,
11,3,10,Margaret Cho,0.015901907755486437,0.011957632257810175,0.001178301566005129,0.03836910051545683,6.0,1,1,1,0.9881836631528426,0.8359957469322967,percentage,False,
11,4,9,The Situation,0.023389005648685443,0.017826480459214845,0.0015182965448655458,0.05735343894541785,4.666666666666667,1,1,1,0.9824857372042709,1.3895060357262274,percentage,False,
11,5,8,Florence Henderson,0.01922373469870798,0.015288702194378636,0.0014845464667049793,0.0481294627776374,7.0,3,1,0,0.9849415223853721,0.9090593428863096,percentage,False,
11,6,7,Audrina Patridge,0.019633891982648515,0.01657155860501407,0.0013350761970016842,0.05234573185424776,10.6666,6,1,0,0.9836985813101496,1.3075730927658191,percentage,False,
11,7,6,Rick Fox,0.029504395613234667,0.025009120560272515,0.0018782674042647019,0.08117640749176801,8.625,3,1,0,0.9756010750942368,0.3662165798176447,percentage,False,
11,8,5,Kurt Warner,0.045776149866844154,0.03542477694195061,0.003594656150359074,0.11764031333720619,8.0,2,1,0,0.9657872037343214,0.7527726527090811,percentage,False,
11,9,4,Brandy,0.06072346417528159,0.048201437763209426,0.003549401418471758,0.15833667113613686,9.5,2,1,0,0.9540151005077154,0.4249182927993984,percentage,False,
12,2,11,Mike Catherwood,0.01210390430269318,0.009605099762140308,0.0009055713523642239,0.03039367732545757,5.666666666666667,2,1,0,0.9904862804631204,0.7948410332487275,percentage,False,
12,3,10,Wendy Williams,0.021524929084364083,0.014268894680680617,0.0018775709245346473,0.046294611114504614,5.0,1,1,1,0.985931842378768,0.9213516640723503,percentage,False,
12,4,9,Sugar Ray Leonard,0.015710831656875736,0.012139103530264565,0.0012202143968797709,0.0400176571857795,7.0,2,1,0,0.988006486966145,0.7608384660805236,percentage,False,
12,5,8,Petra Nemcova,0.01931426360302033,0.015487640662595264,0.0014633872199496757,0.04986554976767298,7.333333333333333,2,1,0,0.9847485680352646,0.6821127309893708,percentage,False,
12,6,7,Chris Jericho,0.026504861560012007,0.019963442429100253,0.002237437561898662,0.06520293297033272,7.333333333333333,1,1,1,0.9804272961180294,0.6834619092574918,percentage,False,
12,7,6,Kendra Wilkinson,0.030250980245185303,0.02455685982183313,0.0024264585270565345,0.08079504294723973,7.625,3,1,0,0.9760317257295965,0.32609324671871937,percentage,False,
12,8,5,Romeo,0.04066206276489803,0.03190814277232199,0.0030638765115723375,0.10393212503681343,8.666666666666666,2,1,0,0.9690785047139975,0.5270462766947297,percentage,False,
12,9,4,Ralph Macchio,0.07925562055540811,0.05824187883869123,0.005738440775087942,0.19051223158587738,8.0,1,1,1,0.9449635475562492,1.5427923817978013,percentage,False,
13,1,12,Metta World Peace (Ron),0.013464088050000997,0.01002344680499481,0.0011323055410469567,0.032181052103174894,4.666666666666667,1,1,1,0.9900760256242546,0.8655798028268267,percentage,False,
13,2,11,Elisabetta Canalis,0.008408852733501464,0.007451358445346024,0.0005614371487737066,0.023307802968510066,7.0,5,1,0,0.9926037536374515,0.6210273191490665,percentage,False,
13,3,10,Kristin Cavallari,0.01093782823472202,0.009409987677185812,0.0006642052756711204,0.030095767708545548,8.0,6,1,0,0.9906777347241831,0.8306623862918073,percentage,False,
13,4,9,Chynna Phillips,0.016025038659166622,0.013113590362177473,0.0009807265268571154,0.04133988492690785,7.0,2,1,0,0.9870561499846334,0.9132465189583667,percentage,False,
13,5,8,Carson Kressley,0.02352710772928299,0.01760356551481645,0.001717393222719448,0.05808643021627308,6.333333333333333,1,1,1,0.9827009592818098,0.8660254037844389,percentage,False,
13,6,7,Chaz Bono,0.029822075969257896,0.02253861839475505,0.002104564924620204,0.07499041166722203,6.333333333333333,1,1,1,0.9779581739121622,1.2307474269828649,percentage,False,
13,7,6,David Arquette,0.029964687856212213,0.02538749161625095,0.0019237055240717124,0.08188415381764319,7.833333333333333,2,1,0,0.9752410753750914,0.4851180332381387,percentage,False,
13,8,5,Nancy Grace,0.051061034223212974,0.038290392568709634,0.0042861929608661075,0.12607984189983304,7.333333333333333,1,1,1,0.9631216923100097,0.8459051693633014,percentage,False,
13,9,4,Hope Solo,0.07989693147630536,0.05816175074735909,0.006446069190722554,0.19042023310856743,8.1666,1,1,1,0.945035103842791,1.2040167153174777,percentage,False,
14,2,12,Martina Navratilova,0.01443354157436478,0.010151852038793865,0.0012925263482556246,0.03434990101626939,5.666666666666667,1,1,1,0.9899501723247804,0.9275448809479999,percentage,False,
14,3,11,Jack Wagner,0.009627461755791118,0.008328666894816046,0.0006382648722856516,0.026126608127802407,8.0,1,1,1,0.991740126837349,0.5749595745760688,percentage,False,
14,4,10,Sherri Sheperd,0.013033442832945566,0.010588937300532543,0.0009593766335447948,0.033301566703904766,7.0,2,1,0,0.9895220134421642,0.7461009761866462,percentage,False,
14,5,9,Gavin DeGraw,0.021505768502835025,0.01575593438790725,0.0014804733074364478,0.05188687040644917,6.333333333333333,1,1,1,0.9844884643500491,1.1270462262742917,percentage,False,
14,6,8,Gladys Knight,0.027852140381437743,0.020043334216575073,0.002310799185443064,0.06604939798786688,8.0,1,1,1,0.9803505071360826,1.587706898366801,percentage,False,
14,7,7,Jaleel White,0.0214275162765199,0.01820518185548309,0.001713477161483577,0.05805590441869133,8.5,2,1,0,0.9821203209530837,0.47020042043170246,percentage,False,
14,8,6,Roshon Fegan,0.02710462750150529,0.021975985938748957,0.0016446486334442212,0.06960806692047908,9.333333333333334,5,1,0,0.978496573069119,0.32984283575105316,percentage,False,
14,8,6,Melissa Gilbert,0.03086697901903537,0.02536196067224906,0.00212788689427877,0.08189996660110987,8.5,1,1,1,0.9752653583368538,0.32984283575105316,percentage,False,
14,9,4,Maria Menounos,0.062009630152834824,0.04712994785995915,0.0038442520028780856,0.15430266923989047,9.833333333333334,4,1,0,0.9549913093821072,0.1863389981249824,percentage,False,
15,1,13,Pamela Anderson,0.011737130155180296,0.00838620067840467,0.0010475977674161757,0.0274889171064468,5.666666666666667,1,1,1,0.9916835428006029,0.6392282493496364,percentage,False,
15,2,12,Joey Fatone,0.0077380185132600796,0.006670475035556243,0.0004961856443629547,0.020852803407404863,7.5,5,1,0,0.9933737253639822,0.6972166887783962,percentage,False,
15,3,11,Helio Castroneves,0.008930511610673156,0.007780208950682657,0.0005698240600702869,0.024510137394199567,8.5,8,1,0,0.9922798553875318,0.4344021571767107,percentage,False,
15,3,11,Drew Lachey,0.00970857610145993,0.008146747466116804,0.0006983069983984182,0.026066669333276702,8.0,3,1,0,0.9919190857019646,0.4344021571767107,percentage,False,
15,4,9,Bristol Palin,0.016968990173224677,0.013366239920501503,0.0016577579095171228,0.04362061566785209,8.0,2,1,0,0.986810059982312,0.752567621341337,percentage,False,
15,6,8,Sabrina Bryan,0.013944918466925613,0.012562161785916352,0.0007692665176694019,0.04053517757811595,10.0,7,1,0,0.987593688308716,0.4330127018922194,percentage,False,
15,8,7,Gilles Marini,0.01856228043927985,0.01624197089810779,0.0010630304325551683,0.04980814455104851,9.759233333333333,5,1,0,0.9840176145413931,0.4583147674161785,percentage,False,
15,8,7,Kirstie Alley,0.02350498104554127,0.019168754046327768,0.0019799257180292975,0.06171415422343782,8.5,1,1,1,0.981191776170312,0.4583147674161785,percentage,False,
15,9,5,Apolo Anton Ohno,0.039943618312701476,0.03260745649392945,0.002746250636938719,0.1050566770579077,9.537,3,1,0,0.9684222147643178,0.3272301015765172,percentage,False,
15,9,5,Emmitt Smith,0.042255055985753805,0.0332133524876722,0.0031970971316105648,0.10986981908292787,9.0,1,1,1,0.967854313528078,0.3272301015765172,percentage,False,
16,3,11,Wynonna Judd,0.017888668233925403,0.012829465106045955,0.0014083305651892727,0.04149606774844285,5.0,1,1,1,0.9873330451492122,1.1999231689208822,percentage,False,
16,4,10,Lisa Vanderpump,0.01711889363238557,0.013241625144146738,0.001155280233192963,0.042424398039010366,6.0,2,1,0,0.9869314240398849,1.0456258094238746,percentage,False,
16,5,9,D. L. Hughley,0.02088276693581051,0.015847528790963038,0.0016317454934126775,0.0504937598813839,6.0,1,1,1,0.9843996974528015,1.235061629669116,percentage,False,
16,6,8,Victor Ortiz,0.02162684904888201,0.016467135412553714,0.0017096281356934787,0.05363901441130144,6.666666666666667,1,1,1,0.9837996381399285,0.7473912964438373,percentage,False,
16,7,7,Andy Dick,0.03905127327091313,0.02700297853116048,0.0029615253100977535,0.08803405919035429,5.666666666666667,1,1,1,0.9737070104998325,1.5297503242103816,percentage,False,
16,8,6,Sean Lowe,0.037692200842827935,0.027812622334947235,0.0031405825239074806,0.0906805502996997,7.0,1,1,1,0.9729399875711162,0.9048054152723517,percentage,False,
16,9,5,Ingo Rademacher,0.046356356449858103,0.03573722633597886,0.003824673689747218,0.11905998127579363,8.5,1,1,1,0.9654958560653433,0.5120763831912408,percentage,False,
16,10,4,Alexandra Raisman,0.061932962925352324,0.04878329201878663,0.003990495148811618,0.15722678370457155,9.666666666666666,2,1,0,0.9534858226765945,0.27639796226033725,percentage,False,
17,2,12,Keyshawn Johnson,0.01250617192438533,0.009444933412428545,0.0009501639150404917,0.030314224381610588,6.0,2,1,0,0.9906434386861501,0.9702360664762766,percentage,False,
17,3,11,Bill Nye,0.01846742386818161,0.01328653080318512,0.0014405371480830879,0.042152808746333696,5.333333333333333,2,1,0,0.9868876863559476,1.204521631172836,percentage,False,
17,4,10,Valerie Harper,0.018694150482606912,0.013606492430880678,0.0015438853718018292,0.044120656490168275,6.0,1,1,1,0.986576158960615,0.9433981132056604,percentage,False,
17,5,9,Christina Milian,0.010294533206936718,0.009766654225310359,0.0005887512624898003,0.030432057748166767,9.333333333333334,9,1,0,0.9903278107031538,0.6175308148345582,percentage,False,
17,7,8,"Nicole ""Snooki"" Polizzi",0.016466728320163545,0.01410803497201092,0.0010873548619855442,0.04469800011009837,9.0,4,1,0,0.9860882327271964,0.4925662673973704,percentage,False,
17,8,7,Brant Daugherty,0.021799001829241087,0.0182451494216131,0.0014545751949311082,0.05826439619593207,9.0,3,1,0,0.9820817713377011,0.7095078297976828,percentage,False,
17,9,6,Elizabeth Berkley Lauren,0.024893730951854053,0.02165083904838204,0.0014752956578096606,0.06908237190941899,9.333333333333334,5,1,0,0.9788079858393218,0.8593171276810011,percentage,False,
17,10,5,Leah Remini,0.043476716780911175,0.033850134617905016,0.0033005722817599577,0.10984683711931391,8.125,2,1,0,0.9672581803837406,0.85146931829632,percentage,False,
17,11,4,Corbin Bleu,0.06073012042408493,0.04667318092232977,0.003899614330143264,0.15073773382056313,9.8888,3,1,0,0.9554080664594833,0.7183287147956711,percentage,False,
17,11,4,Amber Riley,0.05660502444450989,0.044222932571934846,0.004157901375789304,0.14567224141889198,10.4444,4,1,0,0.9576499124923323,0.7183287147956711,percentage,False,
17,11,4,Bill Engvall,0.07039803239859314,0.05343516106029272,0.005751807614141498,0.17835541694540533,8.499966666666666,1,1,1,0.949275320365698,0.7183287147956711,percentage,False,
17,11,4,Jack Osbourne,0.06311817432169578,0.04865806469600439,0.0043344124540899455,0.15486444748416375,9.3333,2,1,0,0.9535996848409211,0.7183287147956711,percentage,False,
18,2,11,Sean Avery,0.010400845458274324,0.008703460936225127,0.0007459841789473502,0.028467652861663518,7.0,3,1,0,0.9913716356954432,0.9408590725006076,percentage,False,
18,5,9,Cody Simpson,0.013594848249526692,0.01172613027878151,0.0009615539110359721,0.03754671712010629,8.5,2,1,0,0.9884097781723298,0.8146043499230655,percentage,False,
18,6,8,Drew Carey,0.019502408970035367,0.01546925997468289,0.0017987410009838141,0.04997683333681709,8.0,2,1,0,0.9847663926576482,0.6702378309227255,percentage,False,
18,7,7,NeNe Leakes,0.023620967796519184,0.01883885322043046,0.0016798694036588519,0.060765063178784016,8.25,1,1,1,0.9815094868429065,0.44678557154274295,percentage,False,
18,8,6,Danica McKellar,0.027543221938131246,0.02278578953669962,0.002063778592960703,0.0736727127564947,9.5,4,1,0,0.9777218360190347,0.4487637339278754,percentage,False,
18,9,5,Charlie White,0.04259367143040813,0.034239108812520666,0.0024394993019105095,0.11102485217764327,9.5,3,1,0,0.9668943975133246,0.33166247903553997,percentage,False,
18,10,4,James Maslow,0.06281382487612677,0.04763818826188293,0.0050965280548878715,0.15969030993610017,9.666666666666666,2,1,0,0.954528014732912,0.5270708723164698,percentage,False,
19,1,13,Lolo Jones,0.012514985284946533,0.009095370956041002,0.0009678675331283839,0.029867224482105707,5.5,2,1,0,0.9909866091770653,1.1203470510484237,percentage,False,
19,2,12,Tavis Smiley,0.00936692139337791,0.007444249120298499,0.0007687788163516233,0.024260446068400252,7.0,5,1,0,0.9926107582362015,0.7488416981504762,percentage,False,
19,3,11,Randy Couture,0.01355138811071505,0.010343371616549323,0.0011288147655770715,0.03441264635796911,6.5,1,1,1,0.9897625184594423,1.073728346456156,percentage,False,
19,4,10,Betsey Johnson,0.014044908013723855,0.011140826817442816,0.0009495230531897286,0.03594513715566086,7.25,5,1,0,0.9889819236628902,1.3738631664034087,percentage,False,
19,6,9,Jonathan Bennett,0.013159898447890134,0.011498846943949793,0.0008948000966364916,0.03702334028370238,8.0,4,1,0,0.9886318734038191,0.8669159185737353,percentage,False,
19,7,8,Antonio Sabato Jr.,0.019195844075603218,0.015460577821289533,0.0013278939982740898,0.050984462788554244,7.375,2,1,0,0.9847748123768026,0.7498372219188641,percentage,False,
19,8,7,Michael Waltrip,0.03757459638356165,0.027295675359118445,0.0029832499656227006,0.0894831751355194,6.25,1,1,1,0.9734295821409191,1.5746719775034717,percentage,False,
19,9,6,Lea Thompson,0.02952545992329776,0.023621264499412105,0.0021550575525595755,0.07686857736402111,8.75,2,1,0,0.9769238239584992,0.855943274340589,percentage,False,
19,10,5,Tommy Chong,0.05019559362664482,0.0381323393854762,0.004581643997201664,0.12817080204434242,7.75,1,1,1,0.9632683253003671,0.7071067811865476,percentage,False,
19,11,4,Janel Parrish,0.06088795103630922,0.04749274619195185,0.004299244566206152,0.15210206486816297,9.749950000000002,2,1,0,0.9546605488538162,0.18042051703935993,percentage,False,
19,11,4,Alfonso Ribeiro,0.06260341120898678,0.04873638136629909,0.004075205265924005,0.15864400031972584,10.0,4,1,0,0.953528472710363,0.18042051703935993,percentage,False,
19,11,4,Bethany Mota,0.06680754437516487,0.0503954479053827,0.004500722374136385,0.1638214991730932,9.5,1,1,1,0.9520224045088186,0.18042051703935993,percentage,False,
19,11,4,Sadie Robertson,0.06216525912003793,0.04794040428608179,0.0036857310198997973,0.1579672177761292,9.8333,3,1,0,0.9542527379515043,0.18042051703935993,percentage,False,
20,2,12,Redfoo,0.007366546215651161,0.0067024842221068215,0.0004521816448843252,0.020106353664252966,7.75,8,1,0,0.9933421399796327,0.8444570083129684,percentage,False,
20,3,11,Charlotte McKinney,0.014848140478062728,0.011137510342637283,0.0010332435280142587,0.035378991683455104,5.5,1,1,1,0.9889851674686037,1.099398783858893,percentage,False,
20,4,10,Michael Sam,0.013135368059066913,0.0103568085865085,0.0010753971471939808,0.03268193638819884,7.5,3,1,0,0.9897493553777327,0.8961724164467461,percentage,False,
20,5,9,Suzanne Somers,0.018093467863148097,0.014251514247429731,0.0011912775053752093,0.04607227464683056,7.0,4,1,0,0.9859487375199983,1.3647909440598052,percentage,False,
20,6,8,Patti LaBelle,0.017219614931389383,0.014832526217370067,0.0011335143660037676,0.04697778119187978,8.5,3,1,0,0.9853842620982439,0.3630921887069453,percentage,False,
20,7,7,Willow Shields,0.01948150273715575,0.01641972123131994,0.0010411562552894143,0.05225726064608416,9.75,6,1,0,0.9838455306520139,0.8935711430854859,percentage,False,
20,8,6,Robert Herjavec,0.035488090206692226,0.026941127905467273,0.0028514071022780803,0.08809409471936813,7.75,1,1,1,0.9737656549403023,0.9512875047359062,percentage,False,
20,8,6,Chris Soules,0.033245734744028886,0.026419946699624476,0.0024710936910419374,0.08549344885734934,8.0,3,1,0,0.9742601000842045,0.9512875047359062,percentage,False,
20,9,4,Nastia Liukin,0.061891190423068364,0.047500648782752425,0.004481066859056889,0.1544593419723831,10.0,4,1,0,0.9546533466705241,0.2072890493972125,percentage,False,
21,2,13,Victor Espinoza,0.009089311848631886,0.006935711501248527,0.0007074271330280968,0.02280085494228608,6.166666666666667,3,1,0,0.993112061254727,0.968606500898672,percentage,False,
21,2,13,Chaka Khan,0.014033528778215974,0.010036902515204204,0.0010086683749434243,0.031669053417054754,5.0,1,1,1,0.9900628358328193,0.968606500898672,percentage,False,
21,4,10,Gary Busey,0.02183109194649199,0.015657556741207692,0.0017815245904078297,0.0510089824144281,5.333333333333333,1,1,1,0.9845838229260601,1.3012814197295426,percentage,False,
21,6,9,Paula Deen,0.025468934864227362,0.017977841375093676,0.0018748432157792941,0.058790529016511654,6.0,1,1,1,0.9823396535323312,1.3933262448871613,percentage,False,
21,7,8,Hayes Grier,0.01405069721226979,0.012781048356599359,0.0007430889372715454,0.04005064885527262,9.333333333333334,7,1,0,0.9873802453379843,0.24650332429581723,percentage,False,
21,8,7,Andy Grammer,0.02685993181999031,0.020540822677159155,0.002063173624407173,0.06678331767068602,7.999933333333334,1,1,1,0.9798726104622891,0.9035189463144678,percentage,False,
21,9,6,Alexa PenaVega,0.026189783707257823,0.02167200228182752,0.001802603004481573,0.06891665959683543,10.0,5,1,0,0.9787877105045213,0.6899856860207902,percentage,False,
21,11,4,Carlos PenaVega,0.06183736165154512,0.04716561214654338,0.004232215246932227,0.1520241614326758,10.0,2,1,0,0.9549587843608993,0.2886895683515428,percentage,False,
21,11,4,Alek Skarlatos,0.0667670086825892,0.05102717417256524,0.004329097385196437,0.16582706424634397,9.3333,1,1,1,0.951450185659817,0.2886895683515428,percentage,False,
21,11,4,Nick Carter,0.06056643336980686,0.04674062372788319,0.004182791380639114,0.15357121567520995,10.0,3,1,0,0.9553465083246505,0.2886895683515428,percentage,False,
21,11,4,Bindi Irwin,0.06302908722991174,0.04797578048842994,0.004415289620564621,0.15916776345039405,10.0,4,1,0,0.9542205255296359,0.2886895683515428,percentage,False,
22,2,12,Geraldo Rivera,0.017591066604990217,0.012328604051738596,0.0016050261342113689,0.040177851199362354,4.333333333333333,1,1,1,0.987821539367361,1.003081671403766,percentage,False,
22,3,11,Mischa Barton,0.013136015717924113,0.01021691358365048,0.0010303132073721914,0.033802548800790144,6.0,1,1,1,0.9898864160297941,0.6569540420811758,percentage,False,
22,4,10,Marla Maples,0.015409034024950377,0.01188475697563466,0.0011169082684337926,0.037660810540270304,7.0,3,1,0,0.9882548314976536,0.9965565713997374,percentage,False,
22,6,9,Doug Flutie,0.018984987364305348,0.014257080205412503,0.0013974742800940008,0.046475452500770224,7.0,1,1,1,0.9859433269102493,0.7662281802065629,percentage,False,
22,7,8,Kim Fields,0.016344455527956474,0.014081687782483254,0.0010452502235830082,0.04453318249142676,8.666666666666666,2,1,0,0.9861138526095704,0.3004626062886659,percentage,False,
22,7,8,Von Miller,0.016885124709773575,0.01428303907138729,0.0010415162440926794,0.045090748470728345,8.666666666666666,3,1,0,0.9859180933514733,0.3004626062886659,percentage,False,
22,8,6,Jodie Sweetin,0.02632311589909804,0.02206498755313306,0.001592595925827862,0.07189810167923041,10.0,5,1,0,0.9784113654005919,0.5905636562630359,percentage,False,
22,9,5,Antonio Brown,0.04264236130276881,0.03439264643343645,0.003089848175941231,0.11073070081642483,9.166666666666666,1,1,1,0.9667508788350133,0.3091206165165236,percentage,False,
22,9,5,Wanya Morris,0.03752815907730596,0.031272740830608214,0.0022805398296178283,0.10058134913754872,10.0,5,1,0,0.9696755866877462,0.3091206165165236,percentage,False,
23,2,13,Jake T. Austin,0.009222654192813637,0.007195335561379743,0.0007615959713057609,0.02305830266356226,6.0,2,1,0,0.9928560674306844,0.7368170792564621,percentage,False,
23,3,12,Rick Perry,0.01147854936939762,0.009011787417476496,0.0007868794896089305,0.028314786481988624,5.75,1,1,1,0.9910686995634196,0.7249880267210549,percentage,False,
23,4,11,Babyface,0.016129396281269248,0.011494534753532149,0.0011966221168336875,0.03864853886743559,6.0,1,1,1,0.9886360881264346,1.0258370230188338,percentage,False,
23,4,11,Vanilla Ice,0.009590279073588283,0.008470291686311386,0.0005813760907029605,0.02614625318896938,7.666666666666667,5,1,0,0.9916008515509687,1.0258370230188338,percentage,False,
23,6,9,Amber Rose,0.019077766444574745,0.014852320497501105,0.0014111011041446162,0.04735679492512419,7.0,1,1,1,0.9853650425805598,1.0099810534832137,percentage,False,
23,7,8,Maureen McCormick,0.016914931544809726,0.014456142914871736,0.001177082698030269,0.044801758465470534,8.25,2,1,0,0.9857498591577015,0.4259066615762191,percentage,False,
23,8,7,Ryan Lochte,0.025039746113521118,0.019848590332456142,0.0016171028115482705,0.06261153038672115,8.666666666666666,3,1,0,0.9805377087142065,1.3996941682798258,percentage,False,
23,9,6,Marilu Henner,0.030239284401790387,0.02433673834882156,0.002212192915965511,0.07707891194129947,9.0,1,1,1,0.9762414668558592,0.4187448175467038,percentage,False,
23,10,5,Terra Jole,0.03979445390172456,0.0329409042906358,0.0023776284015471546,0.10384275748133787,10.0,5,1,0,0.9681095945045783,0.24944382578492932,percentage,False,
23,11,4,Calvin Johnson Jr.,0.05998631006791547,0.04672245222395525,0.003674850825665394,0.15264395129347338,9.583275,2,1,0,0.955363093507085,0.3777209739737621,percentage,False,
23,11,4,Laurie Hernandez,0.05930365385965198,0.04555098211257793,0.0040959923005387784,0.14798021433490557,9.8333,4,1,0,0.9564335141070401,0.3777209739737621,percentage,False,
23,11,4,James Hinchcliffe,0.05891112587125431,0.04576602900045064,0.0037430777307764325,0.14858395980005873,9.74995,3,1,0,0.9562368371783944,0.3777209739737621,percentage,False,
23,11,4,Jana Kramer,0.06769214670052727,0.05075950248304042,0.005233276744005354,0.16740681252993397,8.875,1,1,1,0.9516925591792497,0.3777209739737621,percentage,False,
24,2,12,Chris Kattan,0.012448140475315585,0.009125387623390645,0.0009440686865080688,0.02952229817951056,5.5,2,1,0,0.9909571320518633,0.7993052538854533,percentage,False,
24,3,11,Charo,0.013946649332290293,0.010773616574384819,0.0009462196491576905,0.03540261324197978,6.0,1,1,1,0.9893412170660947,0.9610170232666352,percentage,False,
24,4,10,Mr. T,0.014259830872425478,0.011023467854588782,0.0012826682981452687,0.03540595707317195,7.0,1,1,1,0.9890967240572754,0.7762087348130011,percentage,False,
24,5,9,Erika Jayne,0.014989152971977752,0.012440507459577794,0.0009647995864851844,0.039984170411268644,8.0,4,1,0,0.9877123570541507,0.8060343404748282,percentage,False,
24,6,8,Heather Morris,0.013847857368693359,0.012483946393067977,0.000716810188649098,0.03885401127128276,9.25,8,1,0,0.9876699809043477,0.5650981662507851,percentage,False,
24,7,7,Nancy Kerrigan,0.023440933072033213,0.018395816562086345,0.0017463667889397638,0.059315004950009444,9.0,4,1,0,0.9819364766990234,0.9394961741404219,percentage,False,
24,7,7,Nick Viall,0.023926952495364535,0.019101247189442866,0.0014714695905176781,0.061398387055797345,8.5,3,1,0,0.98125677184468,0.9394961741404219,percentage,False,
24,8,5,Bonner Bolton,0.05176041089824059,0.038498851118105824,0.004508753240837759,0.12676692454801547,7.25,1,1,1,0.9629283642666953,0.9334077351297234,percentage,False,
24,9,4,Simone Biles,0.05809600404449935,0.043772727820937926,0.0047077601924967825,0.14240005753915402,10.0,4,1,0,0.9580629703629819,0.4539324701979359,percentage,False,
25,2,13,Barbara Corcoran,0.010953600537128256,0.008166280298906354,0.0008031016491346133,0.02661139481359262,5.666666666666667,1,1,1,0.9918998676523031,0.7085000963922101,percentage,False,
25,2,13,Debbie Gibson,0.007245002908633929,0.006000126555543056,0.0005248808710320826,0.018709639442725266,6.833333333333333,6,1,0,0.99403566023785,0.7085000963922101,percentage,False,
25,4,11,Derek Fisher,0.010242591399386087,0.008568907331450465,0.0007721755212675878,0.02760047252813708,7.666666666666667,2,1,0,0.9915038950049305,0.6239775843022424,percentage,False,
25,5,10,Sasha Pieterse,0.012552569437650044,0.010462934760291816,0.0008011621597383755,0.03321744463296584,8.0,2,1,0,0.9896454046948552,0.7951240294584375,percentage,False,
25,6,9,Nick Lachey,0.02230813324313722,0.01645911431848862,0.0017295550692055562,0.05239363826222217,6.5,1,1,1,0.9838074015111526,1.1055415967851334,percentage,False,
25,7,8,Nikki Bella,0.01970110434659656,0.015272635730220767,0.0015508633106597175,0.049434367148506596,8.0,1,1,1,0.9849571088663921,0.6548430685625714,percentage,False,
25,7,8,Vanessa Lachey,0.015538065522644756,0.013353178280967565,0.000992178336577586,0.042354836188517236,9.0,5,1,0,0.9868227794937008,0.6548430685625714,percentage,False,
25,8,6,Terrell Owens,0.027559192030808203,0.02321040476651098,0.0018380253281683803,0.0730459892359562,8.5,3,1,0,0.9773160977855699,0.7163220532348682,percentage,False,
25,9,5,Victoria Arlen,0.03752939363966651,0.030449761149837527,0.0021492922771253987,0.09817792765511212,9.333333333333334,3,1,0,0.9704500284265583,0.6411794687223782,percentage,False,
25,10,4,Drew Scott,0.06700803416005367,0.05044033170230457,0.005051601286120197,0.1658605408171193,9.375,1,1,1,0.9519817259676588,0.2569233764513994,percentage,False,
26,1,10,Jamie Anderson,0.014298474113535744,0.01119666069550514,0.0009712574545208863,0.035783331936509157,6.333333333333333,3,1,0,0.9889273163859105,0.7888106377466155,percentage,False,
26,1,10,Johnny Damon,0.01526881964852397,0.01151461964079994,0.001271786524658579,0.03667583353149928,6.0,2,1,0,0.9886164575210105,0.7888106377466155,percentage,False,
26,2,8,Kareem Abdul-Jabbar,0.019607182056185807,0.015548247084782748,0.0017616641608720364,0.05094955924740639,7.375,1,1,1,0.9846897996925156,0.6325713274999113,percentage,False,
26,2,8,Arike Ogunbowale,0.015899567272106462,0.013974617288130155,0.0010756270882845119,0.04393433396998338,8.75,6,1,0,0.986217981150746,0.6325713274999113,percentage,False,
26,3,6,Jennie Finch Daigle,0.0373165056572701,0.028233725524698414,0.002992357238724507,0.09195977108191832,7.25,1,1,1,0.9725415293976172,0.9400428477232066,percentage,False,
26,3,6,Chris Mazdzer,0.03104275113512262,0.024972761708909164,0.002165472355370231,0.08034627702265959,8.25,2,1,0,0.9756356825841178,0.9400428477232066,percentage,False,
26,3,6,Mirai Nagasu,0.027547809099806437,0.023125347610896508,0.0017555211186164642,0.07429116362093205,8.75,3,1,0,0.9773973466057735,0.9400428477232066,percentage,False,
27,1,13,Nikki Glaser,0.008621204284529073,0.006794706341929544,0.0006973230084589202,0.022143930585670976,5.833333333333333,2,1,0,0.9932511501112105,0.8195106058716353,percentage,False,
27,2,12,Danelle Umstead,0.011597437688335425,0.008980920878746558,0.0008349006694954119,0.028652536572649073,6.166666666666667,2,1,0,0.991099018135125,0.9585346004432564,percentage,False,
27,3,11,Nancy McKeon,0.012360814043803568,0.009752061022976724,0.0008727729261565981,0.03187802605656734,7.333333333333333,3,1,0,0.9903421231811135,1.0850008357556458,percentage,False,
27,4,10,Tinashe,0.009168657135629667,0.008259445781675936,0.0005167022113138163,0.02573340154264063,8.666666666666666,9,1,0,0.9918082138320333,1.2364824660660936,percentage,False,
27,6,9,Mary Lou Retton,0.015400203062967266,0.012444572178107285,0.000885154051632311,0.040026652329473174,8.0,4,1,0,0.9877083916294451,1.2383891479481843,percentage,False,
27,7,8,John Schneider,0.016551835151039137,0.014391539747581979,0.0010282815391570782,0.04537455201608329,9.0,4,1,0,0.9858126382331982,0.5769742676719263,percentage,False,
27,7,8,DeMarcus Ware,0.017582581888249026,0.014484859551006545,0.0009507763178795632,0.04691299146174757,8.833333333333334,2,1,0,0.9857219559122673,0.5769742676719263,percentage,False,
27,8,6,Juan Pablo Di Pace,0.023467297555935514,0.02002279166439942,0.0015442371280991552,0.06472984521182684,10.0,6,1,0,0.9803702507159398,0.9938079899999064,percentage,False,
27,8,6,Joe Amabile,0.03699540891787904,0.028225724158585937,0.0026830638900644517,0.09214798305263962,7.666666666666667,2,1,0,0.9725490974448402,0.9938079899999064,percentage,False,
28,2,12,Mary Wilson,0.007732730509458338,0.006831044855951925,0.0004373586891980863,0.02164393858375869,5.0,3,1,0,0.9932153017223171,1.0374916331657278,rank,False,
28,4,10,Lamar Odom,0.010097661958082505,0.008958314795839787,0.0006495391292494522,0.0292453234730038,5.0,1,1,1,0.9911212240739078,1.088577052853862,rank,False,
28,6,9,Sailor Brinkley-Cook,0.03706829313242522,0.03228688061892077,0.0020875201987911414,0.10506000889660895,9.0,9,1,0,0.9687229575178146,0.6085806194501845,rank,False,
28,7,8,Karamo Brown,0.021093501078114474,0.0185722099672694,0.0014196061644654034,0.0592919977460352,8.166666666666666,3,1,0,0.9817664277647373,0.6454972243679029,rank,False,
28,8,7,Kate Flannery,0.028443747664693,0.02461422348117975,0.0014118379361938288,0.07937619466485923,8.6666,3,1,0,0.9759770819913551,1.3552414420197607,rank,False,
28,9,6,Sean Spicer,0.026837903062965168,0.023709071716029546,0.0015462986169283567,0.07446531679164357,6.25,1,1,1,0.9768400296812,1.1631270710173216,rank,False,
28,10,5,James Van Der Beek,0.03818265711253825,0.03202444924249744,0.002093539872155528,0.10022707572100709,8.5,1,1,1,0.9689692920879894,0.45946829173634085,rank,False,
28,11,4,Kel Mitchell,0.12505604911035423,0.09703847154965763,0.00963520471898559,0.3138014129542963,9.833333333333334,3,1,0,0.9115450605733244,0.18633899812498259,rank,False,
28,11,4,Ally Brooke,0.24918726211011308,0.19096860801653207,0.016771388426789643,0.6298483695996984,10.0,4,2,1,0.8396526938400368,0.18633899812498259,rank,False,
28,11,4,Hannah Brown,0.08019640764150691,0.06351238970406857,0.005762268336172409,0.2048521397094613,9.666666666666666,2,1,0,0.9402805361564791,0.18633899812498259,rank,False,
29,2,15,Charles Oakley,0.004648617415360258,0.004298921773168683,0.0002173234195324986,0.01305813181904998,5.0,2,1,0,0.9957194798481128,0.6906786785742245,rank,False,
29,3,14,Carole Baskin,0.005349602252622015,0.004986839247627984,0.00031155977720688456,0.015456455152257083,4.0,1,1,1,0.9950379059178911,1.101689076310407,rank,False,
29,4,13,Anne Heche,0.0074627570454294315,0.0070304047677790015,0.0005018540311243712,0.021587395788091865,7.0,1,1,1,0.9930186767604101,0.6646913536828576,rank,False,
29,5,12,Jesse Metcalfe,0.007513618359177379,0.006927603234683697,0.00037684804557661637,0.020872626975155645,6.333333333333333,1,1,1,0.9931200582718864,0.9666507022947397,rank,False,
29,6,11,Veron Davis,0.008886951605410956,0.007898141839092675,0.0005558129104533768,0.024699828424722854,7.0,2,1,0,0.9921637499750907,0.945726456625893,rank,False,
29,7,10,Monica Aldama,0.009817685925842319,0.008987704118132264,0.0005610885233444739,0.027486127443620004,7.333333333333333,1,1,1,0.9910923551580961,0.6666666666666667,rank,False,
29,8,8,Chrishell Stause,0.026548479317686155,0.022321072382478258,0.001674659371477885,0.07241155577405722,9.0,3,1,0,0.9781662796693998,0.6180142939285467,rank,False,
29,9,7,AJ McLean,0.0234527792537819,0.02033444620327917,0.0012130601664525878,0.06541407535333996,8.333266666666667,2,1,0,0.9800708029813708,0.7737232193336674,rank,False,
29,10,6,Skai Jackson,0.042664186698730185,0.03607719394195812,0.002911354724293387,0.11666322892990684,9.5,2,1,0,0.9651790482862619,0.2545875386086577,rank,False,
29,10,6,Johnny Weir,0.03408137413771988,0.028292828895578954,0.002218602655432841,0.09015311894718868,9.5,3,1,0,0.9724856304541514,0.2545875386086577,rank,False,
29,11,4,Nev Schulman,0.12724103353610763,0.09579845067685265,0.008811940540251816,0.3136521116449672,10.0,3,1,0,0.912576577729527,0.21650635094610965,rank,False,
29,11,4,Nelly,0.06233833077042759,0.04793350208157999,0.004639991748156752,0.15734082195076587,9.5,1,1,1,0.9542590231285033,0.21650635094610965,rank,False,
29,11,4,Kaitlyn Bristowe,0.08309817829599826,0.06409050628441287,0.00629372857021964,0.21180271850517352,10.0,4,1,0,0.939769685091728,0.21650635094610965,rank,False,
30,2,15,Martin Kove,0.004205132151071343,0.003918589799707098,0.0001921390466107018,0.011813204959638295,3.75,1,1,1,0.9960967056098753,1.0027739304327548,rank,False,
30,3,14,Christine Chiu,0.009484547865108762,0.00861066092883824,0.0005171982351597685,0.026653793778379464,7.0,7,1,0,0.9914628495787376,0.6353173363869683,rank,False,
30,4,13,Brian Austin Green,0.006129237058635433,0.005740421503505925,0.0003576852239761929,0.017613370033227802,6.5,1,1,1,0.9942923428543078,0.7319070089994255,rank,False,
30,4,13,Matt James,0.006239783169994946,0.005778194052933442,0.0003532465076706533,0.018293125692588206,7.125,2,1,0,0.9942550016622957,0.7319070089994255,rank,False,
30,5,11,Melanie C,0.0190879845933789,0.017036673127647513,0.0012942619471722375,0.052287644824433176,9.0,7,1,0,0.9832487130722087,0.8048150549829897,rank,False,
30,6,10,Kenya Moore,0.010013836010581006,0.008606662062221862,0.0007610858964084355,0.02732082185291333,8.0,1,1,1,0.9914667804745366,0.6244997998398398,rank,False,
30,7,9,"Mike ""The Miz"" Mizanin",0.012989671364502495,0.011266313737764488,0.0007680255931521711,0.03564003813769705,8.0,1,1,1,0.9888592019879286,0.74535599249993,rank,False,
30,8,8,Jimmie Allen,0.015730090126171034,0.013990459256600555,0.0008860791594567803,0.0440622281629261,8.0,1,1,1,0.9862025730825342,0.9013878188659973,rank,False,
30,8,8,Olivia Jade,0.019865752768969965,0.017991419454984923,0.0012944636895047628,0.05614427855984702,9.0,3,1,0,0.9823265509795582,0.9013878188659973,rank,False,
30,9,6,Melora Hardin,0.033914762862175415,0.028834782339613188,0.002268979683364866,0.09264644740064665,9.0,2,1,0,0.971973359732219,0.4124789556921527,rank,False,
30,9,6,Suni Lee,0.056406006481464176,0.047017401207657857,0.003192086588777946,0.1492905799362479,9.375,3,1,0,0.9550939639079287,0.4124789556921527,rank,False,
31,1,16,Jason Lewis,0.003964975208811959,0.0036947446800582114,0.00021530858060192983,0.011819423778157714,4.5,2,1,0,0.9963188562063898,1.085684547877513,rank,False,
31,2,15,Teresa Giudice,0.004607483398675741,0.004115047529541565,0.0002676690154866205,0.012884932553303774,5.75,2,1,0,0.9959018166895657,0.8003471469028646,rank,False,
31,3,14,Cheryl Ladd,0.004969967846839416,0.004701331992341692,0.00028969421883711294,0.014760631022329834,6.0,2,1,0,0.9953206671050999,0.8247216599111064,rank,False,
31,4,13,Sam Champion,0.006457193120222516,0.006192637095877231,0.00035916354187411965,0.0192970364036445,6.25,1,1,1,0.9938454756399822,0.858304369400823,rank,False,
31,5,12,Joseph Baena,0.008131173916817395,0.007165646100960249,0.0004361549355535793,0.02270676221638497,8.75,3,1,0,0.9928853350700547,0.8135009859653931,rank,False,
31,6,10,Jessie James Decker,0.011588230593498094,0.010285271760952376,0.0006661126405320231,0.03141556175278556,8.0,2,1,0,0.9898194380850225,0.7520804478245662,rank,False,
31,7,9,Jordin Sparks,0.013897810710081828,0.012209678318365329,0.0006257759546030716,0.03901920752831596,8.625,2,1,0,0.9879375997089359,0.565194165260439,rank,False,
31,8,8,Heidi D'Amelio,0.017663092906021412,0.0148534659152141,0.0010384401310674113,0.04841481371594651,8.75,2,1,0,0.9853639304450529,1.242162932146987,rank,False,
31,8,8,Vinny Guadagnino,0.015049391270474714,0.013617077489089443,0.0008106410127683758,0.04281557812436565,7.25,1,1,1,0.9865658562868521,1.242162932146987,rank,False,
31,9,6,Trevor Donovan,0.02679751706190997,0.022484582683713845,0.0018503744966503765,0.07121042394980627,8.125,1,1,1,0.978009856515686,0.6795627679291705,rank,False,
31,9,6,Daniel Durant,0.03193310835716687,0.026651435254473693,0.0020224961696385466,0.0877116864920206,8.625,2,1,0,0.9740404246862346,0.6795627679291705,rank,False,
32,1,14,Matt Walsh,0.006353715926757537,0.006302955244681009,0.00032343133215370986,0.01907026160619513,4.0,1,1,1,0.993736523169458,1.1251102238772057,rank,False,
32,2,13,Jamie Lynn Spears,0.008207016321781288,0.007600844896759979,0.0004612236464366562,0.023750055990519024,5.333333333333333,5,1,0,0.9924564921364881,1.1722184051961497,rank,False,
32,3,12,Tyson Beckford,0.006774352852564178,0.006367932822017884,0.0003384307737223241,0.01967180315093533,5.0,1,1,1,0.993672361157056,1.1657362361281485,rank,False,
32,4,11,Adrian Peterson,0.012701432062489297,0.011149812124016079,0.0008152313349003451,0.035988919174636334,7.0,5,1,0,0.9889731353452018,0.9300611668619884,rank,False,
32,5,10,Mira Sorvino,0.01261998655411022,0.011598259990121037,0.000848306318680951,0.03734136592596549,7.333333333333333,3,1,0,0.9885347173390411,1.0000000000000002,rank,False,
32,6,9,Mauricio Umansky,0.01860212754935725,0.016847041073341378,0.0009537174050456704,0.05332110116226714,8.25,4,1,0,0.9834320793660781,1.0978373802983057,rank,False,
32,7,8,Lele Pons,0.043221790386244116,0.03845784943657015,0.0025861630760873186,0.12204820210316979,9.125,6,1,0,0.9629663837993656,0.4592793267718459,rank,False,
32,8,7,Barry Williams,0.029023593278263753,0.02517431215218808,0.0016577760547104518,0.07856988874639649,8.75,3,1,0,0.9754438714921185,1.0973065354098013,rank,False,
32,9,6,Harry Jowsey,0.028308337658441325,0.024200555369208617,0.0017086287979104942,0.07687527199893573,7.5,1,1,1,0.9763712729481144,1.1494261853444767,rank,False,
32,11,5,Xochitl Gomez,0.20022242292994494,0.16406692819754132,0.011039424094815942,0.5286285738318875,10.0,4,2,0,0.8590571347546271,0.43969686527576385,rank,False,
32,11,5,Jason Mraz,0.10309121172859868,0.08399919436290669,0.007733237716509552,0.26910313568102806,10.0,5,1,0,0.9225099107086745,0.43969686527576385,rank,False,
32,11,5,Ariana Madix,0.05103478222865385,0.04191124654887457,0.003203007837410234,0.13175148528596234,9.833333333333334,3,1,0,0.9597746480924386,0.43969686527576385,rank,False,
33,2,13,Tori Spelling,0.00889497652209528,0.008345572907902596,0.0005448399634758965,0.025486975053796258,6.333333333333333,4,1,0,0.9917234992326736,0.8852654616221572,rank,False,
33,2,13,Anna Delvey,0.006834204072596929,0.006349489915197153,0.0004370135286779459,0.019193533079788286,5.666666666666667,3,1,0,0.9936905717359361,0.8852654616221572,rank,False,
33,3,11,Eric Roberts,0.009578509257857635,0.008692521928539068,0.0005379787221474194,0.027423212689571853,5.75,2,1,0,0.9913823868626293,1.0346526945536398,rank,False,
33,3,11,Reginald VelJohnson,0.007525573767562246,0.007013610047905069,0.00040111634030133185,0.02180195785637313,5.25,1,1,1,0.9930352380763042,1.0346526945536398,rank,False,
33,4,9,Brooks Nader,0.019064680640173342,0.017322175663363068,0.0011558867428548517,0.053152906473111085,8.0,4,1,0,0.9829727729545777,0.5137011669140814,rank,False,
33,5,8,Phaedra Parks,0.014466482977174993,0.012793407189720796,0.0008091670996089082,0.03976638964826269,8.0,3,1,0,0.9873681966145299,0.3535533905932736,rank,False,
33,6,7,Jenn Tran,0.03563119605443386,0.03167093754726339,0.002275380569675116,0.09883295981465104,10.333333333333334,5,1,0,0.969301318478003,0.9060141709733546,rank,False,
33,7,6,Dwight Howard,0.02807251199968163,0.023159016066477085,0.001799878759869343,0.07493138673965008,8.0,1,1,1,0.9773651840009075,0.6211299937499417,rank,False,
34,2,14,Corey Feldman,0.005114045417391157,0.00487631485315512,0.00028382419680621554,0.015081120547550727,5.0,1,1,1,0.9951473482048706,0.7438333024673005,rank,False,
34,2,14,Baron Davis,0.006419074651083232,0.005959242965513974,0.00038002471664522604,0.018645827461305314,6.0,3,1,0,0.9940760592368072,0.7438333024673005,rank,False,
34,3,12,Lauren Jauregui,0.00707098949307582,0.006372114935776415,0.000334469291331179,0.020190937184044456,6.0,2,1,0,0.9936682318188207,0.6730023021992065,rank,False,
34,4,11,Hilaria Baldwin,0.018522490349571267,0.017175762118933784,0.0011022901848561678,0.05175026549748392,7.666666666666667,5,1,0,0.9831142632782028,0.6254474981984938,rank,False,
34,6,10,Scott Hoying,0.010710295749964986,0.009940652151999251,0.0006403982505323523,0.03110243003936075,7.0,2,1,0,0.9901571917807075,0.9874208829065749,rank,False,
34,7,9,Jen Affleck,0.015863817563307455,0.014315074237983002,0.0008046589063661976,0.04533798039995534,8.5,3,1,0,0.9858869550482257,1.1207911667684454,rank,False,
34,8,8,Danielle Fishel,0.016777237279348933,0.015056670886829212,0.0011659639373303606,0.0474539963957011,9.25,2,1,0,0.9851666696858664,0.39497577061764183,rank,False,
34,9,7,Andy Richter,0.020466631750219746,0.017342483725564392,0.0011118072915382996,0.05518393514594678,7.25,1,1,1,0.982953150976203,1.1007882148158887,rank,False,
34,10,6,Whitney Leavitt,0.056794780111643926,0.04728338691385057,0.0036428247407171038,0.15285668651920867,9.666666666666666,5,1,0,0.9548513921784,0.20786985482077472,rank,False,
34,11,5,Jordan Chiles,0.09835564723263725,0.07986252625219335,0.0059308887205303685,0.26004040636115133,9.888866666666669,3,1,0,0.9260438025112634,0.11333420705545566,rank,False,
34,11,5,Robert Irwin,0.06779428603615958,0.056123524946849315,0.0033837778081924905,0.1787318268659891,9.888866666666669,4,1,0,0.9468589387309844,0.11333420705545566,rank,False,
34,11,5,Alix Earle,0.19505957276556035,0.1667196887671617,0.01178352311050838,0.5322371108568803,10.0,5,1,0,0.8571039039005767,0.11333420705545566,rank,False,
1,6,2,Kelly Monaco,0.7501717327216313,0.14439847296945194,0.5261671536688368,0.9755182839550618,9.166666666666666,1,1,1,0.8738215085216158,0.08333333333333304,rank,True,1
1,6,2,John O'Hurley,0.24982826727837096,0.14439847296945169,0.024481716044938193,0.4738328463311631,9.0,2,2,1,0.873821508521616,0.08333333333333304,rank,True,2
2,8,3,Drew Lachey,0.6127290384438179,0.14353334898799824,0.4118418855398548,0.8840334833644709,9.6666,1,1,1,0.8744825858248716,0.34344858080114565,rank,True,1
2,8,3,Jerry Rice,0.27847967230652965,0.10602898222562529,0.0866726815254244,0.4350797203253169,8.888866666666667,3,2,1,0.9041354395503572,0.34344858080114565,rank,True,2
2,8,3,Stacy Keibler,0.1087912892496516,0.07786251554263574,0.008424749623366269,0.25963944708289316,9.5555,2,3,1,0.9277621084137647,0.34344858080114565,rank,True,3
3,10,2,Emmitt Smith,0.7434452491178802,0.14567916591754385,0.5206538049254292,0.9757924331346562,9.888866666666667,1,1,1,0.8728447105862546,0.0,percentage,True,1
3,10,2,Mario Lopez,0.25655475088211943,0.14567916591754387,0.02420756686534383,0.4793461950745707,9.888866666666667,2,2,1,0.8728447105862546,0.0,percentage,True,2
4,10,3,Apolo Anton Ohno,0.6032930626127538,0.13814127447737154,0.4109438217969878,0.8575243462436363,9.777733333333334,1,1,1,0.8786255471309523,0.13858089316575056,percentage,True,1
4,10,3,Joey Fatone,0.2829823320055399,0.10408248320441149,0.09866608626691858,0.444898835249367,9.5555,2,2,1,0.9057294316432501,0.13858089316575056,percentage,True,2
4,10,3,Laila Ali,0.11372460538170752,0.07788476796974733,0.009877345941794943,0.25754745648116323,9.444400000000002,3,3,1,0.9277429551987756,0.13858089316575056,percentage,True,3
5,10,3,Helio Castroneves,0.6212104885321835,0.14946617134483997,0.4011962756356707,0.8762749032090432,9.333300000000001,2,1,0,0.8699690560097396,0.813111013482731,percentage,True,1
5,10,3,Mel B,0.2542121692801039,0.1112140694891414,0.06451061004822954,0.4304025822811403,9.4444,1,2,0,0.8999166114407912,0.813111013482731,percentage,True,2
5,10,3,Marie Osmond,0.12457734218771291,0.08742707182481942,0.008942510583289764,0.2844377169375046,7.666666666666667,3,3,0,0.919601898747925,0.813111013482731,percentage,True,3
6,10,3,Kristi Yamaguchi,0.6139487323500895,0.1541346230404207,0.3945452113969092,0.8963098765680001,10.0,1,1,1,0.8664500484056422,0.5499719409228706,percentage,True,1
6,10,3,Jason Taylor,0.2675914094435089,0.11309026532313783,0.07097530556486303,0.4351536673373348,9.5,2,2,1,0.8983997355413876,0.5499719409228706,percentage,True,2
6,10,3,Cristian de la Fuente,0.11845985820640065,0.08321094433581969,0.009191920415351827,0.2749355108185831,8.666666666666666,3,3,1,0.9231812189759204,0.5499719409228706,percentage,True,3
7,10,3,Brooke Burke,0.6048434614658066,0.1461471704931532,0.39248188059195144,0.8770850370623756,10.0,1,1,1,0.8724883031990819,0.39283710065919336,percentage,True,1
7,10,3,Warren Sapp,0.2838376547248549,0.10845953331443692,0.09016068360880747,0.44782073791512117,9.166666666666666,2,2,1,0.9021529157766103,0.39283710065919336,percentage,True,2
7,10,3,Lance Bass,0.11131888380933763,0.0794431299939901,0.00949039129783344,0.26278896886625497,9.166666666666666,3,3,1,0.9264035984976509,0.39283710065919336,percentage,True,3
8,11,3,Shawn Johnson,0.6064879289712898,0.14635055119234033,0.3940081355915713,0.867948957428124,10.0,1,1,1,0.8723335099894892,0.20786985482077458,percentage,True,1
8,11,3,Gilles Marini,0.2766770050952244,0.10515043147975142,0.0884038137193681,0.4400154756054654,9.666666666666666,2,2,1,0.9048541913529734,0.20786985482077458,percentage,True,2
8,11,3,Melissa Rycroft,0.1168350659334855,0.0826339137089248,0.007828374152604253,0.2740094096075288,9.5,3,3,1,0.923673263267881,0.20786985482077458,percentage,True,3
9,10,3,Donny Osmond,0.609385508805344,0.152441652751779,0.3921252831994597,0.8900941240458206,9.6666,1,1,1,0.8677228887139045,0.548768973855726,percentage,True,1
9,10,3,Mya,0.26733739524117367,0.11171679803700182,0.07213896867960268,0.43745928457957745,9.4444,2,2,1,0.8995096608828219,0.548768973855726,percentage,True,2
9,10,3,Kelly Osbourne,0.12327709595348214,0.08634492652565917,0.010373068439663347,0.2829834375004189,8.4074,3,3,1,0.920517945619899,0.548768973855726,percentage,True,3
10,10,3,Nicole Scherzinger,0.603637946946161,0.14518077416569783,0.3962453271846389,0.8659523175485321,9.592566666666666,1,1,1,0.8732245795241657,0.2884953006870625,percentage,True,1
10,10,3,Evan Lysacek,0.28272546823784667,0.1048698368971167,0.09159919783766231,0.44340504806249076,8.9629,3,2,1,0.9050839896293758,0.2884953006870625,percentage,True,2
10,10,3,Erin Andrews,0.11363658481599243,0.08121607243581683,0.008689862100105557,0.2650808127341027,8.999933333333333,2,3,1,0.9248845124426894,0.2884953006870625,percentage,True,3
11,10,3,Jennifer Grey,0.6047251520804379,0.1513013501287606,0.3854756783154354,0.8795377586063223,10.0,1,1,1,0.8685823219856043,0.5949139719943326,percentage,True,1
11,10,3,Kyle Massey,0.2761096706647837,0.11076965323599752,0.08389677371616934,0.4425650314912244,9.111066666666666,2,2,1,0.9002766659016177,0.5949139719943326,percentage,True,2
11,10,3,Bristol Palin,0.11916517725477908,0.08404213951650558,0.007573108645765506,0.2754146630085467,8.555533333333335,3,3,1,0.9224733647771393,0.5949139719943326,percentage,True,3
12,10,3,Hines Ward,0.6006644919806997,0.14105676808498538,0.40508999531750484,0.8636192876586454,9.888866666666667,1,1,1,0.8763805868118916,0.2618966382674712,percentage,True,1
12,10,3,Kirstie Alley,0.29186546000659236,0.10417500607307692,0.10277724197344482,0.44646370225350707,9.3333,3,2,1,0.9056535372562289,0.2618966382674712,percentage,True,2
12,10,3,Chelsea Kane,0.10747004801270728,0.07674656134110171,0.007979479600175622,0.25352908570013555,9.888866666666667,2,3,1,0.9287236531821258,0.2618966382674712,percentage,True,3
13,10,3,J.R. Martinez,0.6132433650923279,0.1445008342453076,0.40940107598013264,0.8846689701777185,9.388833333333332,2,1,0,0.873743356123814,0.04535638575101721,percentage,True,1
13,10,3,Rob Kardashian,0.2753763208368227,0.10585291274409833,0.08058802469960193,0.4333507975848945,9.4444,1,2,0,0.9042793923819112,0.04535638575101721,percentage,True,2
13,10,3,Ricki Lake,0.1113803140708488,0.07895984566981468,0.008423670530765865,0.25740015393488325,9.3333,3,3,0,0.9268185503040693,0.04535638575101721,percentage,True,3
14,10,3,Donald Driver,0.615769324373979,0.14158460035417486,0.41105115518908714,0.872484029437153,9.888866666666667,2,1,0,0.8759753764107817,0.05238875574390987,percentage,True,1
14,10,3,Katherine Jenkins,0.27318110099304144,0.10376312354910883,0.08376986573648777,0.4310546465321461,10.0,1,2,0,0.9059914927983258,0.05238875574390987,percentage,True,2
14,10,3,William Levy,0.1110495746329785,0.07797183730951461,0.007437669399112239,0.2591242894709519,9.888866666666667,3,3,0,0.927668020062451,0.05238875574390987,percentage,True,3
15,10,3,Melissa Rycroft,0.6061252294051515,0.14107323679427275,0.40127331194378596,0.8605261169691005,9.7777,1,1,1,0.8763679383186628,0.05308900516242248,percentage,True,1
15,10,3,Shawn Johnson,0.2839500793604071,0.10348401631018829,0.09961179399501131,0.4400818496718373,9.648100000000001,3,2,1,0.9062206477115851,0.05308900516242248,percentage,True,2
15,10,3,Kelly Monaco,0.10992469123444269,0.07935129124298271,0.007511136618193453,0.25963197268068033,9.703633333333334,2,3,1,0.92648242339007,0.05308900516242248,percentage,True,3
16,10,3,Kellie Pickler,0.617106249950227,0.14904576533831002,0.3996534533183829,0.8927930326693883,10.0,1,1,1,0.8702873550955328,0.31428539401138106,percentage,True,1
16,10,3,Zendaya,0.26542574534481295,0.10792632065160943,0.0709291428895737,0.42716730538010717,10.0,2,2,1,0.9025870956941123,0.31428539401138106,percentage,True,2
16,10,3,Jacoby Jones,0.11746800470496045,0.08236818115692353,0.00899923334246862,0.26888183986001885,9.3333,3,3,1,0.9239000345807638,0.31428539401138106,percentage,True,3
17,11,3,Amber Riley,0.607627414671016,0.14930044271347195,0.39373524885802863,0.8854317384139175,10.4444,1,1,1,0.8700945051748376,0.4536046761467769,percentage,True,1
17,11,3,Corbin Bleu,0.27650996817036316,0.10983992789026817,0.0761761763706602,0.4416765935931607,9.8888,2,2,1,0.9010308377541736,0.4536046761467769,percentage,True,2
17,11,3,Jack Osbourne,0.1158626171586215,0.08229463872726225,0.007865940632682174,0.269892553183614,9.3333,3,3,1,0.9239628140225866,0.4536046761467769,percentage,True,3
18,10,3,Meryl Davis,0.6234964647380733,0.14949491783257696,0.40340062037095653,0.8934166137790214,10.0,1,1,1,0.8699472998850173,0.6040825902163286,percentage,True,1
18,10,3,Amy Purdy,0.25843913434457516,0.10989398069045385,0.05967429180363696,0.42781591070226116,9.888866666666667,2,2,1,0.9009869567703306,0.6040825902163286,percentage,True,2
18,10,3,Candace Cameron Bure,0.11806440091735133,0.08395823059905957,0.008608689247055714,0.2784102004946943,8.6666,3,3,1,0.9225447731942039,0.6040825902163286,percentage,True,3
19,11,3,Alfonso Ribeiro,0.6060811508076724,0.14229933314847892,0.404139516010083,0.8712409714473094,10.0,1,1,1,0.8754272816072961,0.10395571439586855,percentage,True,1
19,11,3,Sadie Robertson,0.28045813205973286,0.10454668193508122,0.08799572676998951,0.4459941920958592,9.833300000000001,2,2,1,0.9053487881997676,0.10395571439586855,percentage,True,2
19,11,3,Janel Parrish,0.11346071713259247,0.08069595133326216,0.007692976909136332,0.263165284417683,9.749950000000002,3,3,1,0.9253296440745364,0.10395571439586855,percentage,True,3
20,10,3,Rumer Willis,0.6167674743478184,0.14773792808050418,0.4044420901677328,0.8814560693969282,10.0,1,1,1,0.8712790398696821,0.4714045207910317,percentage,True,1
20,10,3,Riker Lynch,0.26463899754034065,0.10862553731008086,0.06969640339466973,0.4283836717968614,10.0,2,2,1,0.9020178286947593,0.4714045207910317,percentage,True,2
20,10,3,Noah Galloway,0.1185935281118405,0.08277245328491177,0.008701564593605125,0.2741094985286217,9.0,3,3,1,0.9235550802628966,0.4714045207910317,percentage,True,3
21,11,3,Bindi Irwin,0.615257012390946,0.14718926572261512,0.40319653216096596,0.8882420410546089,10.0,1,1,1,0.8716957435703511,0.31428539401138106,percentage,True,1
21,11,3,Nick Carter,0.26886921504215855,0.10737269492566288,0.07587335419914619,0.43102371456361194,10.0,2,2,1,0.9030383398311346,0.31428539401138106,percentage,True,2
21,11,3,Alek Skarlatos,0.11587377256689455,0.08217116775989698,0.008376389572362263,0.2690203920621286,9.3333,3,3,1,0.9240682341131006,0.31428539401138106,percentage,True,3
22,10,3,Nyle DiMarco,0.612717921379149,0.14056940731585646,0.41391350133831517,0.871889859707022,9.6666,2,1,0,0.876755060749294,0.18145275751521825,percentage,True,1
22,10,3,Paige VanZant,0.27300410409503284,0.10388001020948515,0.08481020222877153,0.4293539610150403,9.888866666666667,1,2,0,0.9058955599804985,0.18145275751521825,percentage,True,2
22,10,3,Ginger Zee,0.11427797452581814,0.08005272289574364,0.010133352894042914,0.26769782540785686,9.4444,3,3,0,0.9258807267471968,0.18145275751521825,percentage,True,3
23,11,3,Laurie Hernandez,0.610697144404365,0.14036625530708652,0.40668116218152967,0.8674290493638547,9.833300000000001,1,1,1,0.8769112514037978,0.1039445785823711,percentage,True,1
23,11,3,James Hinchcliffe,0.27628840941337673,0.10266138971529297,0.0901917577114135,0.4322849401921105,9.74995,2,2,1,0.9068967221734315,0.1039445785823711,percentage,True,2
23,11,3,Calvin Johnson Jr.,0.11301444618225817,0.07862778131241105,0.007731675862127533,0.25956890650627723,9.583275,3,3,1,0.9271038789518834,0.1039445785823711,percentage,True,3
24,10,3,Rashad Jennings,0.5976000454188894,0.14084813766533344,0.39893916289724957,0.8502422725370108,9.91665,1,1,1,0.8765408532343583,0.37473550357403973,percentage,True,1
24,10,3,David Ross,0.29400298148907195,0.10382807957363421,0.11157168921817069,0.44905990493791614,9.083325,3,2,1,0.9059381786937881,0.37473550357403973,percentage,True,2
24,10,3,Normani,0.10839697309203815,0.07652302468611588,0.008221217403258051,0.25395171267928807,9.833300000000001,2,3,1,0.9289164997577011,0.37473550357403973,percentage,True,3
25,10,3,Jordan Fisher,0.6132290538560506,0.14550596274265729,0.4075518757371673,0.8774576815008189,10.0,1,1,1,0.8729766867434928,0.13096796098876837,percentage,True,1
25,10,3,Lindsey Stirling,0.27543481769444456,0.10786899110703471,0.0836720125491604,0.4392938200368553,10.0,2,2,1,0.9026338023963943,0.13096796098876837,percentage,True,2
25,10,3,Frankie Muniz,0.11133612844950491,0.07893780033878253,0.010061463463051099,0.26099049338642427,9.722175,3,3,1,0.9268374874677702,0.13096796098876837,percentage,True,3
26,4,3,Adam Rippon,0.6116392625703869,0.14139133184969338,0.40556702359379004,0.866894798627289,9.666666666666666,1,1,1,0.8761237027965157,0.13608276348795387,percentage,True,1
26,4,3,Josh Norman,0.27521085968822595,0.10427112860515236,0.08684568136089192,0.43461847900601785,9.5,2,2,1,0.9055747036175245,0.13608276348795387,percentage,True,2
26,4,3,Tonya Harding,0.11314987774138624,0.07853577773082134,0.009795358364828055,0.2652717035484346,9.333333333333334,3,3,1,0.9271829647635277,0.13608276348795387,percentage,True,3
27,9,4,Bobby Bones,0.5395102471507528,0.12557480964265488,0.3562854007630988,0.7749687722600903,9.0,4,1,0,0.8884349502433142,0.414578098794425,percentage,True,1
27,9,4,Milo Manheim,0.26165275578432495,0.08003922102514395,0.1198780011689264,0.3870861704958745,10.0,1,2,0,0.9258923014395969,0.414578098794425,percentage,True,2
27,9,4,Evanna Lynch,0.13628337142400146,0.06644429197197407,0.03125594007234872,0.2497756039134853,10.0,2,3,0,0.9376954872634639,0.414578098794425,percentage,True,3
27,9,4,Alexis Ren,0.0625536256409192,0.04800934589705473,0.003994400225678967,0.15734706866134132,9.5,3,4,0,0.9541899639683455,0.414578098794425,percentage,True,4
28,11,4,Hannah Brown,0.5303986871690878,0.1366781741626562,0.337177560844416,0.7895303651427847,9.666666666666666,3,1,0,0.8797564893305518,0.1863389981249826,rank,True,1
28,11,4,Kel Mitchell,0.264895901413833,0.08198056551337812,0.11357644472868307,0.3946150527438228,9.833333333333334,2,2,0,0.9242310184430347,0.1863389981249826,rank,True,2
28,11,4,Ally Brooke,0.14302130657443335,0.06747328291268513,0.037163436528966455,0.25384834390343486,10.0,1,3,0,0.9367915956373363,0.1863389981249826,rank,True,3
28,11,4,Lauren Alaina,0.06168410484264639,0.048733703617718234,0.003915522116582809,0.1575362365014995,9.5,4,4,0,0.9535309073699013,0.1863389981249826,rank,True,4
29,11,4,Kaitlyn Bristowe,0.5080845394476333,0.12770964983107153,0.33405415783431647,0.7621415975692378,10.0,1,1,1,0.8867530752705698,0.21650635094610965,rank,True,1
29,11,4,Nev Schulman,0.27477403971944314,0.07823598861307578,0.12789266415375627,0.39691115770186786,10.0,2,2,1,0.9274407556051715,0.21650635094610965,rank,True,2
29,11,4,Nelly,0.15112651598500906,0.06753721033200279,0.045854244429766614,0.26179132333429744,9.5,4,3,1,0.9367354976685085,0.21650635094610965,rank,True,3
29,11,4,Justina Machado,0.0660149048479141,0.05005070838459233,0.004459676920438068,0.1608277388598879,10.0,3,4,1,0.9523349606024354,0.21650635094610965,rank,True,4
30,10,4,Iman Shumpert,0.522643975988029,0.1349559671142715,0.33781892305348576,0.7673260776287529,10.0,1,1,1,0.8810914511006015,0.2072890493972125,rank,True,1
30,10,4,JoJo Siwa,0.2674134869452354,0.08317510955522602,0.12480239752961683,0.3963715597628042,10.0,2,2,1,0.9232117606640912,0.2072890493972125,rank,True,2
30,10,4,Cody Rigsby,0.14680409405459094,0.06744549105438805,0.038492063424133284,0.2579316622849883,9.5,4,3,1,0.9368159858094791,0.2072890493972125,rank,True,3
30,10,4,Amanda Kloots,0.06313844301214407,0.04967660617510621,0.003920036867038186,0.16133162197822573,9.75,3,4,1,0.9526743704843327,0.2072890493972125,rank,True,4
31,10,4,Charli D'Amelio,0.5380493722310503,0.13326084188468854,0.3452554503453497,0.7832745835414783,10.0,1,1,1,0.882409382765695,0.25,rank,True,1
31,10,4,Gabby Windey,0.2628615462362159,0.08406623803285311,0.12065015645756147,0.39888964796388227,10.0,2,2,1,0.9224528584292047,0.25,rank,True,2
31,10,4,Wayne Brady,0.13880641241555258,0.06643883904274853,0.03670951059781288,0.2520663204293897,9.5,3,3,1,0.9377002819004744,0.25,rank,True,3
31,10,4,Shangela,0.06028266911718163,0.04736143720329974,0.0035941304139443246,0.1552797055809719,9.5,4,4,1,0.954780235818338,0.25,rank,True,4
32,11,5,Xochitl Gomez,0.4682865318657521,0.12479617785501183,0.30588055853164303,0.719335941447032,10.0,1,1,1,0.8890499627292491,0.4396968652757638,rank,True,1
32,11,5,Jason Mraz,0.25277001317962383,0.07087129714291765,0.12325560142483814,0.3648107630126608,10.0,2,2,1,0.933819033779314,0.4396968652757638,rank,True,2
32,11,5,Ariana Madix,0.15259334761113375,0.05285874190923507,0.06393076075447962,0.23741150203601913,9.833333333333334,3,3,1,0.9497950296605013,0.4396968652757638,rank,True,3
32,11,5,Charity Lawson,0.08774171354189657,0.04381147611829951,0.023013931737081668,0.16496802790534001,9.833333333333334,4,4,1,0.9580274052157153,0.4396968652757638,rank,True,4
32,11,5,Alyson Hannigan,0.03860839380159207,0.030899888189428924,0.0030652140747339848,0.10106516699256414,8.833333333333334,5,5,1,0.970026295915408,0.4396968652757638,rank,True,5
33,9,5,Joey Graziadei,0.4592318893599677,0.12231112543465393,0.3025793632279066,0.7048967325174365,9.833333333333334,2,1,0,0.8910185218138289,0.24494897427831777,rank,True,1
33,9,5,Ilona Maher,0.2523937376125776,0.06606176389058108,0.1348491793847455,0.3564546958625568,9.5,4,2,0,0.9380319545000005,0.24494897427831777,rank,True,2
33,9,5,Chandler Kinney,0.15882858597526267,0.05444362088341343,0.06495144065752134,0.2445629584846287,10.0,1,3,0,0.9483674425022359,0.24494897427831777,rank,True,3
33,9,5,Stephen Nedoroscik,0.09026703106901716,0.04564029547980569,0.023281873019756295,0.17169672321912255,9.833333333333334,3,4,0,0.9563518203371619,0.24494897427831777,rank,True,4
33,9,5,Danny Amendola,0.03927875598317493,0.03264982642206015,0.0020133063463910967,0.1059099531770738,9.333333333333334,5,5,0,0.9683824801141103,0.24494897427831777,rank,True,5
34,11,5,Robert Irwin,0.44630623310172984,0.1179523310164797,0.29366410917579644,0.6666632803782738,9.888866666666667,2,1,0,0.8944925219582185,0.11333420705545537,rank,True,1
34,11,5,Alix Earle,0.2619325106634434,0.06739405864550334,0.15027190268536889,0.37245691767700717,10.0,1,2,0,0.9368611263107228,0.11333420705545537,rank,True,2
34,11,5,Jordan Chiles,0.15814654468385542,0.05468653720279275,0.06054916621970219,0.24435500736529736,9.888866666666667,3,3,0,0.9481490136890999,0.11333420705545537,rank,True,3
34,11,5,Dylan Efron,0.0922869737958852,0.04557895317986603,0.023258193776495583,0.17006289679707592,9.777733333333334,4,4,0,0.9564079278362967,0.11333420705545537,rank,True,4
34,11,5,Elaine Hendrix,0.04132773775508646,0.03335664537099386,0.0024813357156899876,0.1087381776228985,9.6666,5,5,0,0.9677201036830626,0.11333420705545537,rank,True,5
